penalty_team,season,penalty_type,penalty
ARI,2016,Defensive Holding,5.0
ARI,2016,Defensive Offside,6.0
ARI,2016,Defensive Pass Interference,8.0
ARI,2016,Delay of Game,6.0
ARI,2016,Encroachment,3.0
ARI,2016,Face Mask,4.0
ARI,2016,False Start,13.0
ARI,2016,Illegal Block Above the Waist,2.0
ARI,2016,Illegal Contact,1.0
ARI,2016,Illegal Formation,2.0
ARI,2016,Illegal Motion,2.0
ARI,2016,Illegal Shift,1.0
ARI,2016,Illegal Touch Kick,1.0
ARI,2016,Illegal Use of Hands,3.0
ARI,2016,Intentional Grounding,3.0
ARI,2016,Invalid Fair Catch Signal,1.0
ARI,2016,Neutral Zone Infraction,1.0
ARI,2016,Offensive Holding,26.0
ARI,2016,Offensive Pass Interference,4.0
ARI,2016,Offside on Free Kick,1.0
ARI,2016,Roughing the Passer,5.0
ARI,2016,Taunting,2.0
ARI,2016,Unnecessary Roughness,2.0
ARI,2016,Unsportsmanlike Conduct,1.0
ARI,2017,Chop Block,1.0
ARI,2017,Defensive 12 On-field,3.0
ARI,2017,Defensive Holding,7.0
ARI,2017,Defensive Offside,8.0
ARI,2017,Defensive Pass Interference,4.0
ARI,2017,Delay of Game,3.0
ARI,2017,Encroachment,3.0
ARI,2017,Face Mask,2.0
ARI,2017,False Start,17.0
ARI,2017,Horse Collar Tackle,1.0
ARI,2017,Illegal Block Above the Waist,5.0
ARI,2017,Illegal Contact,2.0
ARI,2017,Illegal Crackback,1.0
ARI,2017,Illegal Formation,2.0
ARI,2017,Illegal Peelback,1.0
ARI,2017,Leverage,1.0
ARI,2017,Neutral Zone Infraction,8.0
ARI,2017,Offensive Holding,27.0
ARI,2017,Offensive Pass Interference,1.0
ARI,2017,Offside on Free Kick,3.0
ARI,2017,Roughing the Passer,5.0
ARI,2017,Tripping,1.0
ARI,2017,Unnecessary Roughness,4.0
ARI,2018,Defensive Holding,6.0
ARI,2018,Defensive Offside,5.0
ARI,2018,Defensive Pass Interference,5.0
ARI,2018,Delay of Game,6.0
ARI,2018,Face Mask,4.0
ARI,2018,Fair Catch Interference,2.0
ARI,2018,False Start,20.0
ARI,2018,Horse Collar Tackle,1.0
ARI,2018,Illegal Block Above the Waist,6.0
ARI,2018,Illegal Contact,3.0
ARI,2018,Illegal Formation,1.0
ARI,2018,Illegal Substitution,1.0
ARI,2018,Illegal Use of Hands,2.0
ARI,2018,Intentional Grounding,1.0
ARI,2018,Lowering the Head to Initiate Contact,1.0
ARI,2018,Neutral Zone Infraction,5.0
ARI,2018,Offensive Holding,20.0
ARI,2018,Offensive Pass Interference,1.0
ARI,2018,Roughing the Passer,4.0
ARI,2018,Unnecessary Roughness,6.0
ARI,2018,Unsportsmanlike Conduct,1.0
ARI,2019,Defensive Holding,4.0
ARI,2019,Defensive Offside,8.0
ARI,2019,Defensive Pass Interference,10.0
ARI,2019,Defensive Too Many Men on Field,1.0
ARI,2019,Delay of Game,2.0
ARI,2019,Encroachment,1.0
ARI,2019,Face Mask,2.0
ARI,2019,Fair Catch Interference,1.0
ARI,2019,False Start,17.0
ARI,2019,Horse Collar Tackle,2.0
ARI,2019,Illegal Blindside Block,1.0
ARI,2019,Illegal Block Above the Waist,7.0
ARI,2019,Illegal Contact,1.0
ARI,2019,Illegal Formation,1.0
ARI,2019,Illegal Motion,1.0
ARI,2019,Illegal Shift,1.0
ARI,2019,Illegal Use of Hands,3.0
ARI,2019,Ineligible Downfield Pass,4.0
ARI,2019,Intentional Grounding,1.0
ARI,2019,Neutral Zone Infraction,13.0
ARI,2019,Offensive Holding,23.0
ARI,2019,Offensive Pass Interference,4.0
ARI,2019,Offensive Too Many Men on Field,1.0
ARI,2019,Roughing the Passer,4.0
ARI,2019,Unnecessary Roughness,8.0
ARI,2020,Chop Block,1.0
ARI,2020,Defensive Delay of Game,1.0
ARI,2020,Defensive Holding,9.0
ARI,2020,Defensive Offside,5.0
ARI,2020,Defensive Pass Interference,14.0
ARI,2020,Defensive Too Many Men on Field,4.0
ARI,2020,Delay of Game,3.0
ARI,2020,Face Mask,1.0
ARI,2020,False Start,32.0
ARI,2020,Horse Collar Tackle,1.0
ARI,2020,Illegal Block Above the Waist,4.0
ARI,2020,Illegal Contact,3.0
ARI,2020,Illegal Formation,1.0
ARI,2020,Illegal Shift,1.0
ARI,2020,Illegal Use of Hands,2.0
ARI,2020,Ineligible Downfield Pass,1.0
ARI,2020,Intentional Grounding,4.0
ARI,2020,Lowering the Head to Initiate Contact,3.0
ARI,2020,Neutral Zone Infraction,2.0
ARI,2020,Offensive Holding,13.0
ARI,2020,Offensive Pass Interference,3.0
ARI,2020,Offensive Too Many Men on Field,1.0
ARI,2020,Roughing the Passer,1.0
ARI,2020,Taunting,1.0
ARI,2020,Tripping,1.0
ARI,2021,Defensive Holding,5.0
ARI,2021,Defensive Offside,4.0
ARI,2021,Defensive Pass Interference,9.0
ARI,2021,Delay of Game,6.0
ARI,2021,Encroachment,1.0
ARI,2021,Face Mask,3.0
ARI,2021,False Start,28.0
ARI,2021,Illegal Block Above the Waist,1.0
ARI,2021,Illegal Contact,3.0
ARI,2021,Illegal Double-Team Block,1.0
ARI,2021,Illegal Forward Pass,1.0
ARI,2021,Illegal Shift,1.0
ARI,2021,Illegal Use of Hands,1.0
ARI,2021,Ineligible Downfield Pass,2.0
ARI,2021,Intentional Grounding,1.0
ARI,2021,Lowering the Head to Initiate Contact,2.0
ARI,2021,Neutral Zone Infraction,3.0
ARI,2021,Offensive Holding,26.0
ARI,2021,Offensive Pass Interference,4.0
ARI,2021,Offensive Too Many Men on Field,1.0
ARI,2021,Roughing the Kicker,2.0
ARI,2021,Roughing the Passer,8.0
ARI,2021,Taunting,2.0
ARI,2021,Unnecessary Roughness,6.0
ARI,2022,Defensive Delay of Game,1.0
ARI,2022,Defensive Holding,2.0
ARI,2022,Defensive Offside,4.0
ARI,2022,Defensive Pass Interference,5.0
ARI,2022,Defensive Too Many Men on Field,1.0
ARI,2022,Delay of Game,2.0
ARI,2022,Encroachment,5.0
ARI,2022,Face Mask,2.0
ARI,2022,False Start,25.0
ARI,2022,Illegal Blindside Block,1.0
ARI,2022,Illegal Block Above the Waist,4.0
ARI,2022,Illegal Contact,1.0
ARI,2022,Illegal Double-Team Block,1.0
ARI,2022,Illegal Formation,3.0
ARI,2022,Illegal Forward Pass,1.0
ARI,2022,Illegal Shift,3.0
ARI,2022,Illegal Touch Pass,1.0
ARI,2022,Ineligible Downfield Pass,5.0
ARI,2022,Intentional Grounding,3.0
ARI,2022,Neutral Zone Infraction,9.0
ARI,2022,Offensive Holding,24.0
ARI,2022,Offensive Pass Interference,2.0
ARI,2022,Offensive Too Many Men on Field,2.0
ARI,2022,Player Out of Bounds on Kick,1.0
ARI,2022,Roughing the Passer,3.0
ARI,2022,Taunting,1.0
ARI,2022,Unnecessary Roughness,5.0
ARI,2023,Chop Block,1.0
ARI,2023,Defensive Holding,9.0
ARI,2023,Defensive Offside,1.0
ARI,2023,Defensive Pass Interference,9.0
ARI,2023,Delay of Game,3.0
ARI,2023,Face Mask,2.0
ARI,2023,False Start,23.0
ARI,2023,Illegal Block Above the Waist,3.0
ARI,2023,Illegal Contact,2.0
ARI,2023,Illegal Shift,2.0
ARI,2023,Ineligible Downfield Pass,4.0
ARI,2023,Intentional Grounding,1.0
ARI,2023,Lowering the Head to Make Forcible Contact,2.0
ARI,2023,Neutral Zone Infraction,2.0
ARI,2023,Offensive Holding,20.0
ARI,2023,Offensive Offside,2.0
ARI,2023,Offensive Pass Interference,3.0
ARI,2023,Offside on Free Kick,1.0
ARI,2023,Player Out of Bounds on Kick,1.0
ARI,2023,Roughing the Passer,5.0
ARI,2023,Unnecessary Roughness,4.0
ARI,2023,Unsportsmanlike Conduct,1.0
ARI,2024,Defensive Holding,3.0
ARI,2024,Defensive Offside,3.0
ARI,2024,Defensive Pass Interference,8.0
ARI,2024,Defensive Too Many Men on Field,3.0
ARI,2024,Delay of Game,5.0
ARI,2024,Face Mask,1.0
ARI,2024,Fair Catch Interference,1.0
ARI,2024,False Start,14.0
ARI,2024,Illegal Blindside Block,1.0
ARI,2024,Illegal Block Above the Waist,2.0
ARI,2024,Illegal Contact,1.0
ARI,2024,Illegal Formation,1.0
ARI,2024,Illegal Touch Pass,1.0
ARI,2024,Ineligible Downfield Kick,1.0
ARI,2024,Ineligible Downfield Pass,4.0
ARI,2024,Intentional Grounding,1.0
ARI,2024,Kickoff Short of Landing Zone,1.0
ARI,2024,Neutral Zone Infraction,3.0
ARI,2024,Offensive Holding,27.0
ARI,2024,Offensive Offside,1.0
ARI,2024,Offensive Pass Interference,3.0
ARI,2024,Roughing the Passer,2.0
ARI,2024,Taunting,1.0
ARI,2024,Unnecessary Roughness,4.0
ARI,2025,Defensive Holding,9.0
ARI,2025,Defensive Offside,5.0
ARI,2025,Defensive Pass Interference,7.0
ARI,2025,Delay of Game,4.0
ARI,2025,Encroachment,4.0
ARI,2025,Face Mask,6.0
ARI,2025,False Start,18.0
ARI,2025,Illegal Blindside Block,1.0
ARI,2025,Illegal Block Above the Waist,1.0
ARI,2025,Illegal Contact,4.0
ARI,2025,Illegal Formation,4.0
ARI,2025,Illegal Shift,2.0
ARI,2025,Illegal Use of Hands,2.0
ARI,2025,Ineligible Downfield Pass,3.0
ARI,2025,Intentional Grounding,4.0
ARI,2025,Kickoff Short of Landing Zone,3.0
ARI,2025,Neutral Zone Infraction,3.0
ARI,2025,Offensive Holding,28.0
ARI,2025,Offensive Pass Interference,2.0
ARI,2025,Roughing the Passer,2.0
ARI,2025,Unnecessary Roughness,2.0
ARI,2025,Unsportsmanlike Conduct,1.0
ATL,2016,Defensive 12 On-field,2.0
ATL,2016,Defensive Holding,11.0
ATL,2016,Defensive Offside,5.0
ATL,2016,Defensive Pass Interference,10.0
ATL,2016,Delay of Game,3.0
ATL,2016,Encroachment,2.0
ATL,2016,Face Mask,2.0
ATL,2016,False Start,21.0
ATL,2016,Illegal Block Above the Waist,1.0
ATL,2016,Illegal Formation,6.0
ATL,2016,Illegal Shift,1.0
ATL,2016,Ineligible Downfield Pass,2.0
ATL,2016,Intentional Grounding,1.0
ATL,2016,Interference with Opportunity to Catch,1.0
ATL,2016,Neutral Zone Infraction,5.0
ATL,2016,Offensive 12 On-field,1.0
ATL,2016,Offensive Holding,28.0
ATL,2016,Offensive Pass Interference,3.0
ATL,2016,Offside on Free Kick,1.0
ATL,2016,Player Out of Bounds on Punt,1.0
ATL,2016,Roughing the Kicker,1.0
ATL,2016,Roughing the Passer,1.0
ATL,2016,Taunting,1.0
ATL,2016,Unnecessary Roughness,8.0
ATL,2016,Unsportsmanlike Conduct,1.0
ATL,2017,Defensive 12 On-field,1.0
ATL,2017,Defensive Holding,10.0
ATL,2017,Defensive Offside,3.0
ATL,2017,Defensive Pass Interference,10.0
ATL,2017,Delay of Game,1.0
ATL,2017,Encroachment,2.0
ATL,2017,Face Mask,1.0
ATL,2017,Fair Catch Interference,1.0
ATL,2017,False Start,18.0
ATL,2017,Illegal Block Above the Waist,7.0
ATL,2017,Illegal Crackback,1.0
ATL,2017,Illegal Formation,1.0
ATL,2017,Illegal Substitution,1.0
ATL,2017,Illegal Use of Hands,1.0
ATL,2017,Intentional Grounding,1.0
ATL,2017,Low Block,1.0
ATL,2017,Neutral Zone Infraction,7.0
ATL,2017,Offensive Holding,24.0
ATL,2017,Offensive Pass Interference,1.0
ATL,2017,Offside on Free Kick,1.0
ATL,2017,Roughing the Passer,3.0
ATL,2017,Tripping,2.0
ATL,2017,Unnecessary Roughness,11.0
ATL,2017,Unsportsmanlike Conduct,1.0
ATL,2018,Clipping,1.0
ATL,2018,Defensive Holding,10.0
ATL,2018,Defensive Offside,5.0
ATL,2018,Defensive Pass Interference,8.0
ATL,2018,Defensive Too Many Men on Field,2.0
ATL,2018,Encroachment,1.0
ATL,2018,Face Mask,1.0
ATL,2018,False Start,16.0
ATL,2018,Horse Collar Tackle,1.0
ATL,2018,Illegal Block Above the Waist,3.0
ATL,2018,Illegal Contact,2.0
ATL,2018,Illegal Formation,1.0
ATL,2018,Illegal Motion,1.0
ATL,2018,Illegal Shift,1.0
ATL,2018,Illegal Substitution,1.0
ATL,2018,Illegal Use of Hands,1.0
ATL,2018,Intentional Grounding,1.0
ATL,2018,Kick Catch Interference,1.0
ATL,2018,Lowering the Head to Initiate Contact,1.0
ATL,2018,Neutral Zone Infraction,4.0
ATL,2018,Offensive Holding,22.0
ATL,2018,Offensive Pass Interference,2.0
ATL,2018,Offensive Too Many Men on Field,1.0
ATL,2018,Roughing the Kicker,1.0
ATL,2018,Roughing the Passer,4.0
ATL,2018,Unnecessary Roughness,8.0
ATL,2018,Unsportsmanlike Conduct,1.0
ATL,2019,Clipping,1.0
ATL,2019,Defensive Holding,10.0
ATL,2019,Defensive Offside,2.0
ATL,2019,Defensive Pass Interference,6.0
ATL,2019,Defensive Too Many Men on Field,1.0
ATL,2019,Delay of Game,2.0
ATL,2019,Fair Catch Interference,1.0
ATL,2019,False Start,22.0
ATL,2019,Horse Collar Tackle,1.0
ATL,2019,Illegal Bat,1.0
ATL,2019,Illegal Blindside Block,1.0
ATL,2019,Illegal Block Above the Waist,8.0
ATL,2019,Illegal Contact,1.0
ATL,2019,Illegal Double-Team Block,1.0
ATL,2019,Illegal Formation,2.0
ATL,2019,Illegal Forward Pass,1.0
ATL,2019,Illegal Shift,1.0
ATL,2019,Illegal Touch Kick,2.0
ATL,2019,Illegal Use of Hands,2.0
ATL,2019,Ineligible Downfield Pass,2.0
ATL,2019,Lowering the Head to Initiate Contact,2.0
ATL,2019,Neutral Zone Infraction,8.0
ATL,2019,Offensive Holding,28.0
ATL,2019,Offensive Pass Interference,3.0
ATL,2019,Offensive Too Many Men on Field,1.0
ATL,2019,Offside on Free Kick,1.0
ATL,2019,Roughing the Passer,4.0
ATL,2019,Unnecessary Roughness,3.0
ATL,2019,Unsportsmanlike Conduct,1.0
ATL,2020,Clipping,1.0
ATL,2020,Defensive Holding,4.0
ATL,2020,Defensive Offside,5.0
ATL,2020,Defensive Pass Interference,13.0
ATL,2020,Defensive Too Many Men on Field,2.0
ATL,2020,Delay of Game,1.0
ATL,2020,Disqualification,1.0
ATL,2020,Face Mask,3.0
ATL,2020,False Start,16.0
ATL,2020,Illegal Block Above the Waist,1.0
ATL,2020,Illegal Double-Team Block,1.0
ATL,2020,Illegal Formation,1.0
ATL,2020,Illegal Shift,1.0
ATL,2020,Illegal Use of Hands,2.0
ATL,2020,Intentional Grounding,2.0
ATL,2020,Neutral Zone Infraction,3.0
ATL,2020,Offensive Holding,8.0
ATL,2020,Offensive Pass Interference,1.0
ATL,2020,Offensive Too Many Men on Field,1.0
ATL,2020,Player Out of Bounds on Kick,1.0
ATL,2020,Roughing the Passer,5.0
ATL,2020,Unnecessary Roughness,7.0
ATL,2020,Unsportsmanlike Conduct,2.0
ATL,2021,Chop Block,1.0
ATL,2021,Defensive Holding,4.0
ATL,2021,Defensive Offside,4.0
ATL,2021,Defensive Pass Interference,12.0
ATL,2021,Defensive Too Many Men on Field,2.0
ATL,2021,Delay of Game,5.0
ATL,2021,Encroachment,2.0
ATL,2021,Face Mask,1.0
ATL,2021,False Start,25.0
ATL,2021,Illegal Block Above the Waist,3.0
ATL,2021,Illegal Contact,1.0
ATL,2021,Illegal Formation,4.0
ATL,2021,Illegal Forward Pass,1.0
ATL,2021,Illegal Use of Hands,1.0
ATL,2021,Intentional Grounding,3.0
ATL,2021,Neutral Zone Infraction,1.0
ATL,2021,Offensive Holding,12.0
ATL,2021,Offensive Pass Interference,2.0
ATL,2021,Player Out of Bounds on Kick,1.0
ATL,2021,Roughing the Passer,3.0
ATL,2021,Taunting,1.0
ATL,2021,Unnecessary Roughness,3.0
ATL,2022,Defensive Holding,5.0
ATL,2022,Defensive Offside,4.0
ATL,2022,Defensive Pass Interference,1.0
ATL,2022,Delay of Game,4.0
ATL,2022,Encroachment,2.0
ATL,2022,Face Mask,4.0
ATL,2022,Fair Catch Interference,1.0
ATL,2022,False Start,11.0
ATL,2022,Horse Collar Tackle,1.0
ATL,2022,Illegal Block Above the Waist,2.0
ATL,2022,Illegal Shift,1.0
ATL,2022,Illegal Use of Hands,1.0
ATL,2022,Ineligible Downfield Pass,1.0
ATL,2022,Intentional Grounding,2.0
ATL,2022,Low Block,1.0
ATL,2022,Offensive Holding,19.0
ATL,2022,Player Out of Bounds on Kick,2.0
ATL,2022,Roughing the Passer,2.0
ATL,2022,Running Into the Kicker,1.0
ATL,2022,Tripping,1.0
ATL,2022,Unnecessary Roughness,1.0
ATL,2022,Unsportsmanlike Conduct,1.0
ATL,2023,Defensive Delay of Game,1.0
ATL,2023,Defensive Holding,13.0
ATL,2023,Defensive Pass Interference,11.0
ATL,2023,Delay of Game,3.0
ATL,2023,False Start,21.0
ATL,2023,Illegal Blindside Block,1.0
ATL,2023,Illegal Contact,3.0
ATL,2023,Illegal Shift,3.0
ATL,2023,Illegal Use of Hands,2.0
ATL,2023,Ineligible Downfield Pass,1.0
ATL,2023,Intentional Grounding,2.0
ATL,2023,Neutral Zone Infraction,2.0
ATL,2023,Offensive Holding,13.0
ATL,2023,Offensive Pass Interference,1.0
ATL,2023,Taunting,1.0
ATL,2023,Unnecessary Roughness,6.0
ATL,2024,Defensive Holding,5.0
ATL,2024,Defensive Offside,4.0
ATL,2024,Defensive Pass Interference,3.0
ATL,2024,Defensive Too Many Men on Field,1.0
ATL,2024,Delay of Game,4.0
ATL,2024,Face Mask,3.0
ATL,2024,False Start,22.0
ATL,2024,Illegal Block Above the Waist,2.0
ATL,2024,Illegal Contact,1.0
ATL,2024,Illegal Formation,2.0
ATL,2024,Illegal Kick/Kicking Loose Ball,1.0
ATL,2024,Illegal Motion,1.0
ATL,2024,Illegal Use of Hands,4.0
ATL,2024,Intentional Grounding,1.0
ATL,2024,Low Block,2.0
ATL,2024,Neutral Zone Infraction,5.0
ATL,2024,Offensive Holding,22.0
ATL,2024,Offensive Pass Interference,3.0
ATL,2024,Player Out of Bounds on Kick,1.0
ATL,2024,Roughing the Passer,2.0
ATL,2024,Taunting,2.0
ATL,2024,Unnecessary Roughness,6.0
ATL,2024,Unsportsmanlike Conduct,1.0
ATL,2025,Defensive Holding,6.0
ATL,2025,Defensive Offside,4.0
ATL,2025,Defensive Pass Interference,9.0
ATL,2025,Defensive Too Many Men on Field,2.0
ATL,2025,Delay of Game,9.0
ATL,2025,Face Mask,3.0
ATL,2025,False Start,26.0
ATL,2025,Illegal Block Above the Waist,1.0
ATL,2025,Illegal Contact,1.0
ATL,2025,Illegal Formation,3.0
ATL,2025,Illegal Shift,1.0
ATL,2025,Illegal Use of Hands,2.0
ATL,2025,Ineligible Downfield Pass,3.0
ATL,2025,Intentional Grounding,5.0
ATL,2025,Kickoff Out of Bounds,1.0
ATL,2025,Kickoff Short of Landing Zone,4.0
ATL,2025,Neutral Zone Infraction,2.0
ATL,2025,Offensive Holding,18.0
ATL,2025,Offensive Pass Interference,1.0
ATL,2025,Roughing the Passer,1.0
ATL,2025,Taunting,2.0
ATL,2025,Tripping,1.0
ATL,2025,Unnecessary Roughness,2.0
ATL,2025,Unsportsmanlike Conduct,1.0
BAL,2016,Chop Block,1.0
BAL,2016,Defensive Holding,4.0
BAL,2016,Defensive Offside,8.0
BAL,2016,Defensive Pass Interference,9.0
BAL,2016,Delay of Game,6.0
BAL,2016,Encroachment,1.0
BAL,2016,Fair Catch Interference,1.0
BAL,2016,False Start,15.0
BAL,2016,Illegal Block Above the Waist,6.0
BAL,2016,Illegal Contact,4.0
BAL,2016,Illegal Formation,2.0
BAL,2016,Illegal Motion,1.0
BAL,2016,Illegal Shift,3.0
BAL,2016,Illegal Use of Hands,5.0
BAL,2016,Intentional Grounding,1.0
BAL,2016,Leverage,1.0
BAL,2016,Neutral Zone Infraction,4.0
BAL,2016,Offensive Holding,34.0
BAL,2016,Offensive Pass Interference,2.0
BAL,2016,Offside on Free Kick,1.0
BAL,2016,Roughing the Passer,3.0
BAL,2016,Taunting,2.0
BAL,2016,Unnecessary Roughness,11.0
BAL,2017,Defensive 12 On-field,3.0
BAL,2017,Defensive Holding,4.0
BAL,2017,Defensive Offside,6.0
BAL,2017,Defensive Pass Interference,9.0
BAL,2017,Delay of Game,4.0
BAL,2017,Encroachment,1.0
BAL,2017,Face Mask,2.0
BAL,2017,False Start,13.0
BAL,2017,Horse Collar Tackle,1.0
BAL,2017,Illegal Block Above the Waist,3.0
BAL,2017,Illegal Contact,1.0
BAL,2017,Illegal Formation,2.0
BAL,2017,Illegal Forward Pass,1.0
BAL,2017,Illegal Motion,1.0
BAL,2017,Illegal Touch Kick,1.0
BAL,2017,Illegal Use of Hands,5.0
BAL,2017,Intentional Grounding,1.0
BAL,2017,Neutral Zone Infraction,3.0
BAL,2017,Offensive Holding,16.0
BAL,2017,Offensive Pass Interference,1.0
BAL,2017,Offside on Free Kick,2.0
BAL,2017,Roughing the Passer,5.0
BAL,2017,Short Free Kick,1.0
BAL,2017,Unnecessary Roughness,3.0
BAL,2017,Unsportsmanlike Conduct,2.0
BAL,2018,Defensive Holding,9.0
BAL,2018,Defensive Offside,6.0
BAL,2018,Defensive Pass Interference,8.0
BAL,2018,Defensive Too Many Men on Field,3.0
BAL,2018,Delay of Game,5.0
BAL,2018,Encroachment,2.0
BAL,2018,Face Mask,2.0
BAL,2018,False Start,26.0
BAL,2018,Illegal Block Above the Waist,4.0
BAL,2018,Illegal Formation,4.0
BAL,2018,Illegal Forward Pass,1.0
BAL,2018,Illegal Shift,2.0
BAL,2018,Illegal Substitution,1.0
BAL,2018,Illegal Use of Hands,3.0
BAL,2018,Intentional Grounding,1.0
BAL,2018,Lowering the Head to Initiate Contact,1.0
BAL,2018,Neutral Zone Infraction,5.0
BAL,2018,Offensive Holding,19.0
BAL,2018,Offensive Pass Interference,8.0
BAL,2018,Offside on Free Kick,1.0
BAL,2018,Roughing the Passer,4.0
BAL,2018,Unnecessary Roughness,8.0
BAL,2019,Chop Block,1.0
BAL,2019,Defensive Holding,9.0
BAL,2019,Defensive Offside,2.0
BAL,2019,Defensive Pass Interference,7.0
BAL,2019,Defensive Too Many Men on Field,5.0
BAL,2019,Delay of Game,5.0
BAL,2019,Encroachment,1.0
BAL,2019,Face Mask,2.0
BAL,2019,False Start,15.0
BAL,2019,Horse Collar Tackle,1.0
BAL,2019,Illegal Block Above the Waist,3.0
BAL,2019,Illegal Contact,3.0
BAL,2019,Illegal Formation,6.0
BAL,2019,Illegal Shift,3.0
BAL,2019,Illegal Use of Hands,2.0
BAL,2019,Ineligible Downfield Pass,2.0
BAL,2019,Neutral Zone Infraction,4.0
BAL,2019,Offensive Holding,19.0
BAL,2019,Offensive Pass Interference,4.0
BAL,2019,Offensive Too Many Men on Field,1.0
BAL,2019,Offside on Free Kick,1.0
BAL,2019,Roughing the Passer,11.0
BAL,2019,Unnecessary Roughness,8.0
BAL,2019,Unsportsmanlike Conduct,1.0
BAL,2020,Clipping,1.0
BAL,2020,Defensive Holding,4.0
BAL,2020,Defensive Offside,7.0
BAL,2020,Defensive Pass Interference,14.0
BAL,2020,Defensive Too Many Men on Field,2.0
BAL,2020,Delay of Game,3.0
BAL,2020,Disqualification,1.0
BAL,2020,Face Mask,2.0
BAL,2020,False Start,23.0
BAL,2020,Horse Collar Tackle,1.0
BAL,2020,Illegal Blindside Block,1.0
BAL,2020,Illegal Block Above the Waist,3.0
BAL,2020,Illegal Contact,2.0
BAL,2020,Illegal Crackback,1.0
BAL,2020,Illegal Double-Team Block,1.0
BAL,2020,Illegal Formation,6.0
BAL,2020,Illegal Shift,1.0
BAL,2020,Illegal Touch Pass,1.0
BAL,2020,Illegal Use of Hands,4.0
BAL,2020,Ineligible Downfield Pass,1.0
BAL,2020,Intentional Grounding,1.0
BAL,2020,Lowering the Head to Initiate Contact,1.0
BAL,2020,Neutral Zone Infraction,1.0
BAL,2020,Offensive Holding,17.0
BAL,2020,Offensive Pass Interference,1.0
BAL,2020,Roughing the Kicker,1.0
BAL,2020,Roughing the Passer,9.0
BAL,2020,Running Into the Kicker,1.0
BAL,2020,Taunting,1.0
BAL,2020,Tripping,1.0
BAL,2020,Unnecessary Roughness,4.0
BAL,2021,Defensive Holding,6.0
BAL,2021,Defensive Offside,4.0
BAL,2021,Defensive Pass Interference,12.0
BAL,2021,Defensive Too Many Men on Field,3.0
BAL,2021,Delay of Game,8.0
BAL,2021,Face Mask,1.0
BAL,2021,False Start,18.0
BAL,2021,Horse Collar Tackle,1.0
BAL,2021,Illegal Contact,1.0
BAL,2021,Illegal Formation,3.0
BAL,2021,Illegal Shift,2.0
BAL,2021,Ineligible Downfield Pass,1.0
BAL,2021,Intentional Grounding,2.0
BAL,2021,Neutral Zone Infraction,1.0
BAL,2021,Offensive Holding,29.0
BAL,2021,Offensive Pass Interference,1.0
BAL,2021,Offensive Too Many Men on Field,1.0
BAL,2021,Roughing the Passer,4.0
BAL,2021,Unnecessary Roughness,4.0
BAL,2022,Defensive Holding,6.0
BAL,2022,Defensive Offside,1.0
BAL,2022,Defensive Pass Interference,12.0
BAL,2022,Defensive Too Many Men on Field,2.0
BAL,2022,Delay of Game,7.0
BAL,2022,Face Mask,3.0
BAL,2022,False Start,12.0
BAL,2022,Illegal Contact,2.0
BAL,2022,Illegal Formation,1.0
BAL,2022,Illegal Shift,2.0
BAL,2022,Illegal Touch Pass,1.0
BAL,2022,Ineligible Downfield Pass,4.0
BAL,2022,Intentional Grounding,1.0
BAL,2022,Neutral Zone Infraction,3.0
BAL,2022,Offensive Holding,15.0
BAL,2022,Offensive Pass Interference,2.0
BAL,2022,Player Out of Bounds on Kick,1.0
BAL,2022,Roughing the Kicker,1.0
BAL,2022,Roughing the Passer,3.0
BAL,2022,Running Into the Kicker,1.0
BAL,2022,Taunting,1.0
BAL,2022,Unnecessary Roughness,4.0
BAL,2022,Unsportsmanlike Conduct,1.0
BAL,2023,Defensive Delay of Game,1.0
BAL,2023,Defensive Holding,6.0
BAL,2023,Defensive Offside,3.0
BAL,2023,Defensive Pass Interference,12.0
BAL,2023,Defensive Too Many Men on Field,2.0
BAL,2023,Delay of Game,7.0
BAL,2023,Disqualification,1.0
BAL,2023,Face Mask,7.0
BAL,2023,False Start,20.0
BAL,2023,Illegal Block Above the Waist,2.0
BAL,2023,Illegal Contact,3.0
BAL,2023,Illegal Formation,1.0
BAL,2023,Illegal Motion,1.0
BAL,2023,Illegal Shift,1.0
BAL,2023,Illegal Use of Hands,3.0
BAL,2023,Ineligible Downfield Kick,1.0
BAL,2023,Ineligible Downfield Pass,1.0
BAL,2023,Intentional Grounding,4.0
BAL,2023,Neutral Zone Infraction,1.0
BAL,2023,Offensive Holding,18.0
BAL,2023,Offensive Pass Interference,3.0
BAL,2023,Roughing the Passer,6.0
BAL,2023,Running Into the Kicker,1.0
BAL,2023,Taunting,1.0
BAL,2023,Unnecessary Roughness,7.0
BAL,2024,Defensive Delay of Game,1.0
BAL,2024,Defensive Holding,9.0
BAL,2024,Defensive Offside,5.0
BAL,2024,Defensive Pass Interference,16.0
BAL,2024,Defensive Too Many Men on Field,1.0
BAL,2024,Delay of Game,7.0
BAL,2024,Encroachment,1.0
BAL,2024,Face Mask,4.0
BAL,2024,Fair Catch Interference,1.0
BAL,2024,False Start,24.0
BAL,2024,Horse Collar Tackle,1.0
BAL,2024,Illegal Block Above the Waist,2.0
BAL,2024,Illegal Contact,3.0
BAL,2024,Illegal Formation,3.0
BAL,2024,Illegal Forward Pass,1.0
BAL,2024,Illegal Shift,1.0
BAL,2024,Illegal Use of Hands,6.0
BAL,2024,Ineligible Downfield Pass,6.0
BAL,2024,Intentional Grounding,1.0
BAL,2024,Neutral Zone Infraction,3.0
BAL,2024,Offensive Holding,30.0
BAL,2024,Offensive Pass Interference,2.0
BAL,2024,Player Out of Bounds on Kick,1.0
BAL,2024,Roughing the Passer,7.0
BAL,2024,Unnecessary Roughness,4.0
BAL,2025,Defensive Delay of Game,1.0
BAL,2025,Defensive Holding,4.0
BAL,2025,Defensive Offside,3.0
BAL,2025,Defensive Pass Interference,10.0
BAL,2025,Defensive Too Many Men on Field,1.0
BAL,2025,Delay of Game,5.0
BAL,2025,Encroachment,1.0
BAL,2025,Face Mask,6.0
BAL,2025,False Start,19.0
BAL,2025,Illegal Blindside Block,2.0
BAL,2025,Illegal Block Above the Waist,1.0
BAL,2025,Illegal Contact,2.0
BAL,2025,Illegal Formation,4.0
BAL,2025,Illegal Motion,2.0
BAL,2025,Illegal Shift,1.0
BAL,2025,Illegal Use of Hands,1.0
BAL,2025,Intentional Grounding,1.0
BAL,2025,Kickoff Out of Bounds,4.0
BAL,2025,Kickoff Short of Landing Zone,4.0
BAL,2025,Neutral Zone Infraction,3.0
BAL,2025,Offensive Holding,17.0
BAL,2025,Offensive Pass Interference,4.0
BAL,2025,Player Out of Bounds on Kick,1.0
BAL,2025,Unnecessary Roughness,1.0
BAL,2025,Unsportsmanlike Conduct,1.0
BUF,2016,Defensive 12 On-field,4.0
BUF,2016,Defensive Holding,9.0
BUF,2016,Defensive Offside,5.0
BUF,2016,Defensive Pass Interference,5.0
BUF,2016,Delay of Game,8.0
BUF,2016,Encroachment,1.0
BUF,2016,Face Mask,5.0
BUF,2016,False Start,7.0
BUF,2016,Illegal Block Above the Waist,7.0
BUF,2016,Illegal Formation,3.0
BUF,2016,Illegal Shift,2.0
BUF,2016,Illegal Substitution,1.0
BUF,2016,Illegal Use of Hands,1.0
BUF,2016,Leverage,1.0
BUF,2016,Neutral Zone Infraction,7.0
BUF,2016,Offensive 12 On-field,1.0
BUF,2016,Offensive Holding,24.0
BUF,2016,Offensive Pass Interference,3.0
BUF,2016,Offside on Free Kick,2.0
BUF,2016,Roughing the Passer,4.0
BUF,2016,Running Into the Kicker,1.0
BUF,2016,Taunting,1.0
BUF,2016,Tripping,1.0
BUF,2016,Unnecessary Roughness,7.0
BUF,2016,Unsportsmanlike Conduct,1.0
BUF,2017,Defensive 12 On-field,1.0
BUF,2017,Defensive Holding,4.0
BUF,2017,Defensive Offside,4.0
BUF,2017,Defensive Pass Interference,8.0
BUF,2017,Delay of Game,3.0
BUF,2017,Delay of Kickoff,1.0
BUF,2017,Encroachment,2.0
BUF,2017,Face Mask,4.0
BUF,2017,False Start,9.0
BUF,2017,Horse Collar Tackle,1.0
BUF,2017,Illegal Blindside Block,1.0
BUF,2017,Illegal Block Above the Waist,6.0
BUF,2017,Illegal Use of Hands,7.0
BUF,2017,Ineligible Downfield Pass,1.0
BUF,2017,Intentional Grounding,1.0
BUF,2017,Leverage,1.0
BUF,2017,Neutral Zone Infraction,6.0
BUF,2017,Offensive Holding,23.0
BUF,2017,Offensive Pass Interference,6.0
BUF,2017,Offside on Free Kick,2.0
BUF,2017,Roughing the Passer,3.0
BUF,2017,Tripping,1.0
BUF,2017,Unnecessary Roughness,3.0
BUF,2017,Unsportsmanlike Conduct,5.0
BUF,2018,Chop Block,1.0
BUF,2018,Defensive Holding,9.0
BUF,2018,Defensive Offside,5.0
BUF,2018,Defensive Pass Interference,7.0
BUF,2018,Defensive Too Many Men on Field,3.0
BUF,2018,Delay of Game,3.0
BUF,2018,False Start,21.0
BUF,2018,Illegal Blindside Block,1.0
BUF,2018,Illegal Block Above the Waist,8.0
BUF,2018,Illegal Contact,1.0
BUF,2018,Illegal Formation,7.0
BUF,2018,Illegal Shift,1.0
BUF,2018,Illegal Use of Hands,2.0
BUF,2018,Ineligible Downfield Pass,2.0
BUF,2018,Intentional Grounding,2.0
BUF,2018,Neutral Zone Infraction,5.0
BUF,2018,Offensive Holding,23.0
BUF,2018,Offensive Pass Interference,2.0
BUF,2018,Offside on Free Kick,2.0
BUF,2018,Roughing the Passer,2.0
BUF,2018,Taunting,1.0
BUF,2018,Unnecessary Roughness,7.0
BUF,2019,Defensive Holding,6.0
BUF,2019,Defensive Offside,9.0
BUF,2019,Defensive Pass Interference,6.0
BUF,2019,Delay of Game,3.0
BUF,2019,Encroachment,3.0
BUF,2019,Face Mask,3.0
BUF,2019,False Start,26.0
BUF,2019,Horse Collar Tackle,1.0
BUF,2019,Illegal Blindside Block,2.0
BUF,2019,Illegal Block Above the Waist,6.0
BUF,2019,Illegal Contact,3.0
BUF,2019,Illegal Formation,2.0
BUF,2019,Illegal Shift,1.0
BUF,2019,Illegal Substitution,1.0
BUF,2019,Illegal Use of Hands,3.0
BUF,2019,Ineligible Downfield Pass,1.0
BUF,2019,Intentional Grounding,2.0
BUF,2019,Neutral Zone Infraction,4.0
BUF,2019,Offensive Holding,25.0
BUF,2019,Offensive Pass Interference,1.0
BUF,2019,Roughing the Passer,6.0
BUF,2019,Taunting,1.0
BUF,2019,Unnecessary Roughness,6.0
BUF,2019,Unsportsmanlike Conduct,2.0
BUF,2020,Defensive Holding,3.0
BUF,2020,Defensive Offside,3.0
BUF,2020,Defensive Pass Interference,11.0
BUF,2020,Delay of Game,2.0
BUF,2020,Face Mask,3.0
BUF,2020,False Start,22.0
BUF,2020,Illegal Blindside Block,1.0
BUF,2020,Illegal Block Above the Waist,4.0
BUF,2020,Illegal Contact,1.0
BUF,2020,Illegal Formation,3.0
BUF,2020,Illegal Shift,2.0
BUF,2020,Illegal Use of Hands,1.0
BUF,2020,Intentional Grounding,1.0
BUF,2020,Neutral Zone Infraction,9.0
BUF,2020,Offensive Holding,24.0
BUF,2020,Offensive Pass Interference,3.0
BUF,2020,Roughing the Passer,6.0
BUF,2020,Unnecessary Roughness,8.0
BUF,2020,Unsportsmanlike Conduct,3.0
BUF,2021,Defensive Holding,13.0
BUF,2021,Defensive Offside,6.0
BUF,2021,Defensive Pass Interference,9.0
BUF,2021,Delay of Game,3.0
BUF,2021,False Start,18.0
BUF,2021,Horse Collar Tackle,1.0
BUF,2021,Illegal Block Above the Waist,2.0
BUF,2021,Illegal Contact,2.0
BUF,2021,Illegal Shift,2.0
BUF,2021,Illegal Use of Hands,4.0
BUF,2021,Ineligible Downfield Kick,1.0
BUF,2021,Ineligible Downfield Pass,4.0
BUF,2021,Intentional Grounding,2.0
BUF,2021,Low Block,2.0
BUF,2021,Neutral Zone Infraction,3.0
BUF,2021,Offensive Holding,23.0
BUF,2021,Offensive Pass Interference,2.0
BUF,2021,Offside on Free Kick,1.0
BUF,2021,Player Out of Bounds on Kick,1.0
BUF,2021,Roughing the Passer,8.0
BUF,2021,Running Into the Kicker,1.0
BUF,2021,Taunting,3.0
BUF,2021,Unnecessary Roughness,8.0
BUF,2022,Chop Block,1.0
BUF,2022,Defensive Holding,11.0
BUF,2022,Defensive Offside,10.0
BUF,2022,Defensive Pass Interference,8.0
BUF,2022,Defensive Too Many Men on Field,2.0
BUF,2022,Delay of Game,1.0
BUF,2022,Disqualification,1.0
BUF,2022,Encroachment,3.0
BUF,2022,Face Mask,3.0
BUF,2022,False Start,18.0
BUF,2022,Horse Collar Tackle,1.0
BUF,2022,Illegal Block Above the Waist,3.0
BUF,2022,Illegal Contact,1.0
BUF,2022,Illegal Shift,1.0
BUF,2022,Illegal Use of Hands,1.0
BUF,2022,Ineligible Downfield Pass,2.0
BUF,2022,Neutral Zone Infraction,4.0
BUF,2022,Offensive Holding,22.0
BUF,2022,Offensive Pass Interference,1.0
BUF,2022,Roughing the Kicker,1.0
BUF,2022,Roughing the Passer,2.0
BUF,2022,Taunting,1.0
BUF,2022,Unnecessary Roughness,4.0
BUF,2023,Defensive Holding,7.0
BUF,2023,Defensive Offside,7.0
BUF,2023,Defensive Pass Interference,11.0
BUF,2023,Defensive Too Many Men on Field,1.0
BUF,2023,Delay of Game,6.0
BUF,2023,Encroachment,4.0
BUF,2023,Face Mask,2.0
BUF,2023,False Start,14.0
BUF,2023,Illegal Bat,1.0
BUF,2023,Illegal Block Above the Waist,1.0
BUF,2023,Illegal Contact,4.0
BUF,2023,Illegal Formation,1.0
BUF,2023,Illegal Motion,1.0
BUF,2023,Illegal Shift,2.0
BUF,2023,Illegal Use of Hands,2.0
BUF,2023,Ineligible Downfield Pass,1.0
BUF,2023,Intentional Grounding,2.0
BUF,2023,Neutral Zone Infraction,1.0
BUF,2023,Offensive Holding,24.0
BUF,2023,Offensive Offside,1.0
BUF,2023,Offensive Pass Interference,3.0
BUF,2023,Roughing the Passer,4.0
BUF,2023,Taunting,2.0
BUF,2023,Tripping,2.0
BUF,2023,Unnecessary Roughness,9.0
BUF,2024,Defensive Holding,2.0
BUF,2024,Defensive Offside,5.0
BUF,2024,Defensive Pass Interference,13.0
BUF,2024,Delay of Game,2.0
BUF,2024,Encroachment,3.0
BUF,2024,Face Mask,4.0
BUF,2024,False Start,31.0
BUF,2024,Illegal Blindside Block,1.0
BUF,2024,Illegal Contact,6.0
BUF,2024,Illegal Formation,5.0
BUF,2024,Illegal Shift,2.0
BUF,2024,Illegal Use of Hands,1.0
BUF,2024,Ineligible Downfield Pass,1.0
BUF,2024,Intentional Grounding,1.0
BUF,2024,Kickoff Short of Landing Zone,1.0
BUF,2024,Low Block,1.0
BUF,2024,Neutral Zone Infraction,2.0
BUF,2024,Offensive Holding,26.0
BUF,2024,Offensive Pass Interference,3.0
BUF,2024,Taunting,1.0
BUF,2024,Unnecessary Roughness,12.0
BUF,2024,Unsportsmanlike Conduct,2.0
BUF,2025,Defensive Delay of Game,1.0
BUF,2025,Defensive Holding,10.0
BUF,2025,Defensive Offside,4.0
BUF,2025,Defensive Pass Interference,6.0
BUF,2025,Defensive Too Many Men on Field,1.0
BUF,2025,Delay of Game,3.0
BUF,2025,Encroachment,1.0
BUF,2025,Face Mask,3.0
BUF,2025,Fair Catch Interference,1.0
BUF,2025,False Start,17.0
BUF,2025,Illegal Blindside Block,2.0
BUF,2025,Illegal Block Above the Waist,1.0
BUF,2025,Illegal Contact,2.0
BUF,2025,Illegal Formation,4.0
BUF,2025,Illegal Forward Pass,1.0
BUF,2025,Illegal Shift,1.0
BUF,2025,Illegal Use of Hands,1.0
BUF,2025,Intentional Grounding,2.0
BUF,2025,Kickoff Out of Bounds,1.0
BUF,2025,Kickoff Short of Landing Zone,1.0
BUF,2025,Neutral Zone Infraction,1.0
BUF,2025,Offensive Holding,32.0
BUF,2025,Offensive Pass Interference,3.0
BUF,2025,Roughing the Passer,1.0
BUF,2025,Tripping,2.0
BUF,2025,Unnecessary Roughness,8.0
BUF,2025,Unsportsmanlike Conduct,3.0
CAR,2016,Defensive Holding,2.0
CAR,2016,Defensive Offside,4.0
CAR,2016,Defensive Pass Interference,2.0
CAR,2016,Delay of Game,4.0
CAR,2016,Face Mask,4.0
CAR,2016,False Start,14.0
CAR,2016,Horse Collar Tackle,1.0
CAR,2016,Illegal Block Above the Waist,7.0
CAR,2016,Illegal Formation,3.0
CAR,2016,Illegal Motion,1.0
CAR,2016,Illegal Shift,1.0
CAR,2016,Illegal Use of Hands,1.0
CAR,2016,Ineligible Downfield Kick,1.0
CAR,2016,Ineligible Downfield Pass,2.0
CAR,2016,Intentional Grounding,1.0
CAR,2016,Neutral Zone Infraction,4.0
CAR,2016,Offensive Holding,21.0
CAR,2016,Offensive Pass Interference,5.0
CAR,2016,Offside on Free Kick,1.0
CAR,2016,Roughing the Passer,4.0
CAR,2016,Taunting,4.0
CAR,2016,Unnecessary Roughness,8.0
CAR,2016,Unsportsmanlike Conduct,3.0
CAR,2017,Defensive Holding,7.0
CAR,2017,Defensive Offside,3.0
CAR,2017,Defensive Pass Interference,9.0
CAR,2017,Delay of Game,5.0
CAR,2017,Encroachment,2.0
CAR,2017,Face Mask,6.0
CAR,2017,False Start,12.0
CAR,2017,Illegal Blindside Block,1.0
CAR,2017,Illegal Block Above the Waist,4.0
CAR,2017,Illegal Formation,3.0
CAR,2017,Illegal Shift,1.0
CAR,2017,Illegal Use of Hands,3.0
CAR,2017,Intentional Grounding,1.0
CAR,2017,Neutral Zone Infraction,3.0
CAR,2017,Offensive 12 On-field,2.0
CAR,2017,Offensive Holding,11.0
CAR,2017,Offensive Pass Interference,3.0
CAR,2017,Offside on Free Kick,2.0
CAR,2017,Unnecessary Roughness,7.0
CAR,2018,Chop Block,1.0
CAR,2018,Defensive Holding,4.0
CAR,2018,Defensive Offside,6.0
CAR,2018,Defensive Pass Interference,7.0
CAR,2018,Delay of Game,6.0
CAR,2018,Disqualification,1.0
CAR,2018,Face Mask,3.0
CAR,2018,False Start,18.0
CAR,2018,Illegal Block Above the Waist,4.0
CAR,2018,Illegal Contact,1.0
CAR,2018,Illegal Formation,1.0
CAR,2018,Illegal Motion,2.0
CAR,2018,Illegal Shift,1.0
CAR,2018,Ineligible Downfield Pass,1.0
CAR,2018,Intentional Grounding,2.0
CAR,2018,Neutral Zone Infraction,8.0
CAR,2018,Offensive Holding,17.0
CAR,2018,Offensive Pass Interference,1.0
CAR,2018,Roughing the Kicker,1.0
CAR,2018,Roughing the Passer,1.0
CAR,2018,Taunting,1.0
CAR,2018,Unnecessary Roughness,4.0
CAR,2018,Unsportsmanlike Conduct,1.0
CAR,2019,Chop Block,1.0
CAR,2019,Defensive Holding,4.0
CAR,2019,Defensive Offside,7.0
CAR,2019,Defensive Pass Interference,9.0
CAR,2019,Delay of Game,6.0
CAR,2019,Disqualification,1.0
CAR,2019,Encroachment,1.0
CAR,2019,Face Mask,2.0
CAR,2019,False Start,9.0
CAR,2019,Horse Collar Tackle,1.0
CAR,2019,Illegal Block Above the Waist,5.0
CAR,2019,Illegal Contact,1.0
CAR,2019,Illegal Double-Team Block,1.0
CAR,2019,Illegal Formation,2.0
CAR,2019,Illegal Motion,1.0
CAR,2019,Illegal Shift,1.0
CAR,2019,Illegal Touch Kick,1.0
CAR,2019,Illegal Use of Hands,1.0
CAR,2019,Ineligible Downfield Pass,2.0
CAR,2019,Intentional Grounding,1.0
CAR,2019,Kick Catch Interference,1.0
CAR,2019,Lowering the Head to Initiate Contact,1.0
CAR,2019,Neutral Zone Infraction,5.0
CAR,2019,Offensive Holding,12.0
CAR,2019,Offensive Pass Interference,1.0
CAR,2019,Roughing the Passer,5.0
CAR,2019,Unnecessary Roughness,4.0
CAR,2019,Unsportsmanlike Conduct,1.0
CAR,2020,Defensive Holding,11.0
CAR,2020,Defensive Offside,7.0
CAR,2020,Defensive Pass Interference,7.0
CAR,2020,Delay of Game,4.0
CAR,2020,Encroachment,2.0
CAR,2020,False Start,11.0
CAR,2020,Illegal Block Above the Waist,1.0
CAR,2020,Illegal Contact,2.0
CAR,2020,Illegal Double-Team Block,2.0
CAR,2020,Illegal Formation,1.0
CAR,2020,Illegal Shift,1.0
CAR,2020,Illegal Touch Kick,1.0
CAR,2020,Illegal Use of Hands,6.0
CAR,2020,Ineligible Downfield Pass,2.0
CAR,2020,Intentional Grounding,2.0
CAR,2020,Neutral Zone Infraction,4.0
CAR,2020,Offensive Holding,12.0
CAR,2020,Offensive Pass Interference,2.0
CAR,2020,Offensive Too Many Men on Field,1.0
CAR,2020,Roughing the Passer,5.0
CAR,2020,Taunting,2.0
CAR,2020,Unnecessary Roughness,8.0
CAR,2020,Unsportsmanlike Conduct,1.0
CAR,2021,Defensive Holding,1.0
CAR,2021,Defensive Offside,8.0
CAR,2021,Defensive Pass Interference,9.0
CAR,2021,Defensive Too Many Men on Field,5.0
CAR,2021,Delay of Game,6.0
CAR,2021,Face Mask,2.0
CAR,2021,False Start,19.0
CAR,2021,Illegal Blindside Block,1.0
CAR,2021,Illegal Block Above the Waist,1.0
CAR,2021,Illegal Formation,1.0
CAR,2021,Illegal Use of Hands,3.0
CAR,2021,Ineligible Downfield Kick,1.0
CAR,2021,Ineligible Downfield Pass,1.0
CAR,2021,Intentional Grounding,2.0
CAR,2021,Neutral Zone Infraction,6.0
CAR,2021,Offensive Holding,23.0
CAR,2021,Offensive Pass Interference,2.0
CAR,2021,Offensive Too Many Men on Field,1.0
CAR,2021,Roughing the Passer,7.0
CAR,2021,Taunting,1.0
CAR,2021,Unnecessary Roughness,5.0
CAR,2021,Unsportsmanlike Conduct,2.0
CAR,2022,Chop Block,1.0
CAR,2022,Defensive Holding,5.0
CAR,2022,Defensive Offside,4.0
CAR,2022,Defensive Pass Interference,8.0
CAR,2022,Defensive Too Many Men on Field,1.0
CAR,2022,Delay of Game,8.0
CAR,2022,Encroachment,3.0
CAR,2022,Face Mask,3.0
CAR,2022,False Start,22.0
CAR,2022,Illegal Block Above the Waist,4.0
CAR,2022,Illegal Formation,2.0
CAR,2022,Illegal Use of Hands,1.0
CAR,2022,Ineligible Downfield Kick,1.0
CAR,2022,Ineligible Downfield Pass,5.0
CAR,2022,Low Block,1.0
CAR,2022,Neutral Zone Infraction,2.0
CAR,2022,Offensive Holding,17.0
CAR,2022,Offensive Pass Interference,2.0
CAR,2022,Roughing the Passer,5.0
CAR,2022,Unnecessary Roughness,7.0
CAR,2022,Unsportsmanlike Conduct,2.0
CAR,2023,Defensive Holding,1.0
CAR,2023,Defensive Offside,2.0
CAR,2023,Defensive Pass Interference,7.0
CAR,2023,Defensive Too Many Men on Field,1.0
CAR,2023,Delay of Game,5.0
CAR,2023,Disqualification,1.0
CAR,2023,Encroachment,1.0
CAR,2023,Face Mask,2.0
CAR,2023,False Start,27.0
CAR,2023,Horse Collar Tackle,1.0
CAR,2023,Illegal Contact,2.0
CAR,2023,Illegal Formation,5.0
CAR,2023,Illegal Shift,2.0
CAR,2023,Illegal Use of Hands,2.0
CAR,2023,Ineligible Downfield Pass,1.0
CAR,2023,Intentional Grounding,2.0
CAR,2023,Neutral Zone Infraction,2.0
CAR,2023,Offensive Holding,22.0
CAR,2023,Offensive Offside,1.0
CAR,2023,Offensive Pass Interference,3.0
CAR,2023,Roughing the Passer,3.0
CAR,2023,Tripping,1.0
CAR,2023,Unnecessary Roughness,9.0
CAR,2024,Defensive Holding,4.0
CAR,2024,Defensive Offside,2.0
CAR,2024,Defensive Pass Interference,14.0
CAR,2024,Defensive Too Many Men on Field,3.0
CAR,2024,Delay of Game,13.0
CAR,2024,Face Mask,5.0
CAR,2024,Fair Catch Interference,1.0
CAR,2024,False Start,24.0
CAR,2024,Hip Drop Tackle,1.0
CAR,2024,Illegal Blindside Block,1.0
CAR,2024,Illegal Block Above the Waist,1.0
CAR,2024,Illegal Contact,1.0
CAR,2024,Illegal Formation,3.0
CAR,2024,Illegal Forward Pass,1.0
CAR,2024,Illegal Shift,1.0
CAR,2024,Illegal Use of Hands,4.0
CAR,2024,Ineligible Downfield Pass,1.0
CAR,2024,Kickoff Short of Landing Zone,3.0
CAR,2024,Low Block,1.0
CAR,2024,Neutral Zone Infraction,3.0
CAR,2024,Offensive Holding,19.0
CAR,2024,Offensive Too Many Men on Field,1.0
CAR,2024,Roughing the Passer,1.0
CAR,2024,Unnecessary Roughness,8.0
CAR,2024,Unsportsmanlike Conduct,1.0
CAR,2025,Defensive Holding,3.0
CAR,2025,Defensive Offside,3.0
CAR,2025,Defensive Pass Interference,6.0
CAR,2025,Delay of Game,6.0
CAR,2025,Encroachment,2.0
CAR,2025,Face Mask,1.0
CAR,2025,False Start,23.0
CAR,2025,Illegal Blindside Block,1.0
CAR,2025,Illegal Formation,4.0
CAR,2025,Illegal Touch Pass,2.0
CAR,2025,Illegal Use of Hands,4.0
CAR,2025,Ineligible Downfield Pass,2.0
CAR,2025,Intentional Grounding,2.0
CAR,2025,Kickoff Short of Landing Zone,2.0
CAR,2025,Neutral Zone Infraction,1.0
CAR,2025,Offensive Holding,18.0
CAR,2025,Offensive Pass Interference,2.0
CAR,2025,Roughing the Passer,2.0
CAR,2025,Taunting,1.0
CAR,2025,Tripping,1.0
CAR,2025,Unnecessary Roughness,10.0
CAR,2025,Unsportsmanlike Conduct,3.0
CHI,2016,Defensive 12 On-field,1.0
CHI,2016,Defensive Holding,6.0
CHI,2016,Defensive Offside,3.0
CHI,2016,Defensive Pass Interference,9.0
CHI,2016,Delay of Game,4.0
CHI,2016,Face Mask,4.0
CHI,2016,False Start,21.0
CHI,2016,Illegal Block Above the Waist,4.0
CHI,2016,Illegal Contact,5.0
CHI,2016,Illegal Shift,1.0
CHI,2016,Illegal Use of Hands,3.0
CHI,2016,Ineligible Downfield Pass,2.0
CHI,2016,Neutral Zone Infraction,6.0
CHI,2016,Offensive Holding,26.0
CHI,2016,Offensive Offside,1.0
CHI,2016,Offensive Pass Interference,3.0
CHI,2016,Offside on Free Kick,1.0
CHI,2016,Roughing the Passer,7.0
CHI,2016,Unnecessary Roughness,2.0
CHI,2016,Unsportsmanlike Conduct,1.0
CHI,2017,Defensive 12 On-field,1.0
CHI,2017,Defensive Holding,11.0
CHI,2017,Defensive Offside,2.0
CHI,2017,Defensive Pass Interference,7.0
CHI,2017,Delay of Game,6.0
CHI,2017,Face Mask,1.0
CHI,2017,False Start,20.0
CHI,2017,Illegal Block Above the Waist,7.0
CHI,2017,Illegal Contact,1.0
CHI,2017,Illegal Formation,1.0
CHI,2017,Illegal Forward Pass,2.0
CHI,2017,Illegal Motion,1.0
CHI,2017,Illegal Use of Hands,7.0
CHI,2017,Ineligible Downfield Pass,2.0
CHI,2017,Intentional Grounding,1.0
CHI,2017,Low Block,1.0
CHI,2017,Neutral Zone Infraction,1.0
CHI,2017,Offensive 12 On-field,1.0
CHI,2017,Offensive Holding,26.0
CHI,2017,Offensive Pass Interference,3.0
CHI,2017,Offside on Free Kick,1.0
CHI,2017,Roughing the Passer,2.0
CHI,2017,Unnecessary Roughness,9.0
CHI,2017,Unsportsmanlike Conduct,1.0
CHI,2018,Chop Block,2.0
CHI,2018,Defensive Holding,1.0
CHI,2018,Defensive Offside,3.0
CHI,2018,Defensive Pass Interference,9.0
CHI,2018,Defensive Too Many Men on Field,2.0
CHI,2018,Delay of Game,5.0
CHI,2018,Disqualification,1.0
CHI,2018,Face Mask,4.0
CHI,2018,False Start,19.0
CHI,2018,Horse Collar Tackle,1.0
CHI,2018,Illegal Block Above the Waist,7.0
CHI,2018,Illegal Contact,2.0
CHI,2018,Illegal Formation,6.0
CHI,2018,Illegal Motion,1.0
CHI,2018,Illegal Shift,3.0
CHI,2018,Illegal Use of Hands,2.0
CHI,2018,Ineligible Downfield Pass,2.0
CHI,2018,Leverage,2.0
CHI,2018,Neutral Zone Infraction,2.0
CHI,2018,Offensive Holding,11.0
CHI,2018,Offensive Pass Interference,3.0
CHI,2018,Player Out of Bounds on Kick,1.0
CHI,2018,Roughing the Passer,5.0
CHI,2018,Unnecessary Roughness,3.0
CHI,2018,Unsportsmanlike Conduct,3.0
CHI,2019,Defensive Holding,6.0
CHI,2019,Defensive Offside,6.0
CHI,2019,Defensive Pass Interference,5.0
CHI,2019,Delay of Game,3.0
CHI,2019,Face Mask,2.0
CHI,2019,False Start,15.0
CHI,2019,Illegal Bat,1.0
CHI,2019,Illegal Blindside Block,1.0
CHI,2019,Illegal Block Above the Waist,5.0
CHI,2019,Illegal Contact,1.0
CHI,2019,Illegal Substitution,1.0
CHI,2019,Illegal Use of Hands,6.0
CHI,2019,Ineligible Downfield Pass,2.0
CHI,2019,Kick Catch Interference,1.0
CHI,2019,Neutral Zone Infraction,7.0
CHI,2019,Offensive Holding,20.0
CHI,2019,Offensive Pass Interference,3.0
CHI,2019,Offensive Too Many Men on Field,1.0
CHI,2019,Offside on Free Kick,1.0
CHI,2019,Roughing the Passer,4.0
CHI,2019,Running Into the Kicker,2.0
CHI,2019,Taunting,1.0
CHI,2019,Unnecessary Roughness,7.0
CHI,2019,Unsportsmanlike Conduct,2.0
CHI,2020,Chop Block,1.0
CHI,2020,Defensive Holding,4.0
CHI,2020,Defensive Offside,4.0
CHI,2020,Defensive Pass Interference,13.0
CHI,2020,Defensive Too Many Men on Field,2.0
CHI,2020,Delay of Game,6.0
CHI,2020,Disqualification,1.0
CHI,2020,Face Mask,2.0
CHI,2020,False Start,20.0
CHI,2020,Horse Collar Tackle,1.0
CHI,2020,Illegal Block Above the Waist,2.0
CHI,2020,Illegal Contact,4.0
CHI,2020,Illegal Shift,1.0
CHI,2020,Illegal Use of Hands,2.0
CHI,2020,Intentional Grounding,1.0
CHI,2020,Lowering the Head to Initiate Contact,1.0
CHI,2020,Neutral Zone Infraction,8.0
CHI,2020,Offensive Holding,11.0
CHI,2020,Player Out of Bounds on Kick,1.0
CHI,2020,Roughing the Passer,5.0
CHI,2020,Unnecessary Roughness,3.0
CHI,2020,Unsportsmanlike Conduct,4.0
CHI,2021,Defensive Holding,3.0
CHI,2021,Defensive Offside,6.0
CHI,2021,Defensive Pass Interference,8.0
CHI,2021,Defensive Too Many Men on Field,2.0
CHI,2021,Delay of Game,3.0
CHI,2021,Disqualification,1.0
CHI,2021,False Start,20.0
CHI,2021,Illegal Block Above the Waist,2.0
CHI,2021,Illegal Contact,1.0
CHI,2021,Illegal Double-Team Block,1.0
CHI,2021,Illegal Formation,1.0
CHI,2021,Illegal Forward Pass,1.0
CHI,2021,Illegal Shift,2.0
CHI,2021,Illegal Use of Hands,2.0
CHI,2021,Ineligible Downfield Pass,5.0
CHI,2021,Kick Catch Interference,1.0
CHI,2021,Low Block,2.0
CHI,2021,Neutral Zone Infraction,3.0
CHI,2021,Offensive Holding,17.0
CHI,2021,Offensive Pass Interference,2.0
CHI,2021,Player Out of Bounds on Kick,1.0
CHI,2021,Roughing the Passer,4.0
CHI,2021,Taunting,4.0
CHI,2021,Unnecessary Roughness,11.0
CHI,2021,Unsportsmanlike Conduct,3.0
CHI,2022,Defensive Holding,5.0
CHI,2022,Defensive Offside,1.0
CHI,2022,Defensive Pass Interference,8.0
CHI,2022,Delay of Game,3.0
CHI,2022,Disqualification,1.0
CHI,2022,Encroachment,2.0
CHI,2022,Face Mask,1.0
CHI,2022,False Start,18.0
CHI,2022,Illegal Block Above the Waist,1.0
CHI,2022,Illegal Contact,4.0
CHI,2022,Illegal Formation,1.0
CHI,2022,Illegal Forward Pass,2.0
CHI,2022,Illegal Shift,1.0
CHI,2022,Illegal Use of Hands,2.0
CHI,2022,Ineligible Downfield Pass,1.0
CHI,2022,Low Block,1.0
CHI,2022,Neutral Zone Infraction,2.0
CHI,2022,Offensive Holding,19.0
CHI,2022,Offensive Pass Interference,1.0
CHI,2022,Offensive Too Many Men on Field,1.0
CHI,2022,Roughing the Passer,3.0
CHI,2022,Unnecessary Roughness,1.0
CHI,2022,Unsportsmanlike Conduct,1.0
CHI,2023,Defensive Holding,4.0
CHI,2023,Defensive Offside,6.0
CHI,2023,Defensive Pass Interference,6.0
CHI,2023,Delay of Game,4.0
CHI,2023,Encroachment,1.0
CHI,2023,Face Mask,4.0
CHI,2023,Fair Catch Interference,1.0
CHI,2023,False Start,24.0
CHI,2023,Illegal Block Above the Waist,3.0
CHI,2023,Illegal Contact,4.0
CHI,2023,Illegal Shift,1.0
CHI,2023,Illegal Touch Kick,1.0
CHI,2023,Illegal Use of Hands,1.0
CHI,2023,Ineligible Downfield Kick,1.0
CHI,2023,Intentional Grounding,1.0
CHI,2023,Lowering the Head to Make Forcible Contact,1.0
CHI,2023,Neutral Zone Infraction,3.0
CHI,2023,Offensive Holding,20.0
CHI,2023,Offensive Offside,1.0
CHI,2023,Offensive Pass Interference,3.0
CHI,2023,Offensive Too Many Men on Field,1.0
CHI,2023,Roughing the Passer,3.0
CHI,2023,Taunting,1.0
CHI,2023,Unnecessary Roughness,4.0
CHI,2024,Chop Block,1.0
CHI,2024,Clipping,1.0
CHI,2024,Defensive Holding,1.0
CHI,2024,Defensive Offside,5.0
CHI,2024,Defensive Pass Interference,6.0
CHI,2024,Defensive Too Many Men on Field,1.0
CHI,2024,Delay of Game,6.0
CHI,2024,Encroachment,2.0
CHI,2024,False Start,28.0
CHI,2024,Horse Collar Tackle,1.0
CHI,2024,Illegal Blindside Block,1.0
CHI,2024,Illegal Block Above the Waist,2.0
CHI,2024,Illegal Formation,6.0
CHI,2024,Illegal Motion,1.0
CHI,2024,Illegal Shift,4.0
CHI,2024,Illegal Substitution,1.0
CHI,2024,Illegal Use of Hands,2.0
CHI,2024,Intentional Grounding,1.0
CHI,2024,Leverage,1.0
CHI,2024,Neutral Zone Infraction,5.0
CHI,2024,Offensive Holding,19.0
CHI,2024,Offensive Offside,1.0
CHI,2024,Offensive Pass Interference,5.0
CHI,2024,Roughing the Passer,2.0
CHI,2024,Unnecessary Roughness,5.0
CHI,2024,Unsportsmanlike Conduct,2.0
CHI,2025,Chop Block,1.0
CHI,2025,Defensive Holding,3.0
CHI,2025,Defensive Offside,4.0
CHI,2025,Defensive Pass Interference,7.0
CHI,2025,Delay of Game,5.0
CHI,2025,Encroachment,3.0
CHI,2025,Face Mask,3.0
CHI,2025,Fair Catch Interference,1.0
CHI,2025,False Start,29.0
CHI,2025,Illegal Block Above the Waist,1.0
CHI,2025,Illegal Contact,2.0
CHI,2025,Illegal Formation,5.0
CHI,2025,Illegal Motion,1.0
CHI,2025,Illegal Shift,4.0
CHI,2025,Illegal Touch Kick,1.0
CHI,2025,Illegal Use of Hands,5.0
CHI,2025,Ineligible Downfield Pass,1.0
CHI,2025,Intentional Grounding,5.0
CHI,2025,Kickoff Out of Bounds,2.0
CHI,2025,Kickoff Short of Landing Zone,2.0
CHI,2025,Low Block,1.0
CHI,2025,Neutral Zone Infraction,2.0
CHI,2025,Offensive Holding,20.0
CHI,2025,Offensive Offside,1.0
CHI,2025,Offensive Pass Interference,2.0
CHI,2025,Roughing the Passer,9.0
CHI,2025,Taunting,1.0
CHI,2025,Unnecessary Roughness,4.0
CIN,2016,Defensive Holding,7.0
CIN,2016,Defensive Offside,4.0
CIN,2016,Defensive Pass Interference,5.0
CIN,2016,Delay of Game,3.0
CIN,2016,Face Mask,2.0
CIN,2016,Fair Catch Interference,1.0
CIN,2016,False Start,16.0
CIN,2016,Horse Collar Tackle,2.0
CIN,2016,Illegal Blindside Block,1.0
CIN,2016,Illegal Block Above the Waist,6.0
CIN,2016,Illegal Contact,3.0
CIN,2016,Illegal Formation,1.0
CIN,2016,Illegal Motion,1.0
CIN,2016,Illegal Use of Hands,3.0
CIN,2016,Intentional Grounding,1.0
CIN,2016,Neutral Zone Infraction,1.0
CIN,2016,Offensive Holding,16.0
CIN,2016,Offensive Pass Interference,1.0
CIN,2016,Roughing the Kicker,1.0
CIN,2016,Roughing the Passer,2.0
CIN,2016,Taunting,1.0
CIN,2016,Unnecessary Roughness,9.0
CIN,2016,Unsportsmanlike Conduct,1.0
CIN,2017,Clipping,1.0
CIN,2017,Defensive 12 On-field,3.0
CIN,2017,Defensive Holding,6.0
CIN,2017,Defensive Offside,5.0
CIN,2017,Defensive Pass Interference,18.0
CIN,2017,Delay of Game,1.0
CIN,2017,Disqualification,1.0
CIN,2017,Encroachment,3.0
CIN,2017,Face Mask,6.0
CIN,2017,False Start,12.0
CIN,2017,Illegal Blindside Block,1.0
CIN,2017,Illegal Block Above the Waist,7.0
CIN,2017,Illegal Contact,1.0
CIN,2017,Illegal Formation,1.0
CIN,2017,Illegal Shift,2.0
CIN,2017,Illegal Substitution,1.0
CIN,2017,Illegal Touch Pass,1.0
CIN,2017,Intentional Grounding,2.0
CIN,2017,Neutral Zone Infraction,3.0
CIN,2017,Offensive Holding,16.0
CIN,2017,Offensive Pass Interference,1.0
CIN,2017,Player Out of Bounds on Punt,1.0
CIN,2017,Roughing the Passer,4.0
CIN,2017,Running Into the Kicker,1.0
CIN,2017,Unnecessary Roughness,8.0
CIN,2017,Unsportsmanlike Conduct,4.0
CIN,2018,Defensive Holding,7.0
CIN,2018,Defensive Offside,2.0
CIN,2018,Defensive Pass Interference,4.0
CIN,2018,Defensive Too Many Men on Field,1.0
CIN,2018,Delay of Game,1.0
CIN,2018,Disqualification,1.0
CIN,2018,Face Mask,1.0
CIN,2018,False Start,31.0
CIN,2018,Illegal Block Above the Waist,12.0
CIN,2018,Illegal Contact,1.0
CIN,2018,Illegal Shift,2.0
CIN,2018,Illegal Substitution,1.0
CIN,2018,Illegal Use of Hands,3.0
CIN,2018,Intentional Grounding,1.0
CIN,2018,Kick Catch Interference,1.0
CIN,2018,Neutral Zone Infraction,3.0
CIN,2018,Offensive Holding,23.0
CIN,2018,Roughing the Passer,4.0
CIN,2018,Tripping,1.0
CIN,2018,Unnecessary Roughness,12.0
CIN,2018,Unsportsmanlike Conduct,2.0
CIN,2019,Chop Block,1.0
CIN,2019,Defensive Holding,2.0
CIN,2019,Defensive Offside,1.0
CIN,2019,Defensive Pass Interference,5.0
CIN,2019,Defensive Too Many Men on Field,1.0
CIN,2019,Delay of Game,5.0
CIN,2019,Disqualification,1.0
CIN,2019,Encroachment,1.0
CIN,2019,Face Mask,4.0
CIN,2019,False Start,21.0
CIN,2019,Horse Collar Tackle,1.0
CIN,2019,Illegal Blindside Block,2.0
CIN,2019,Illegal Block Above the Waist,3.0
CIN,2019,Illegal Double-Team Block,1.0
CIN,2019,Illegal Formation,3.0
CIN,2019,Illegal Forward Pass,1.0
CIN,2019,Illegal Shift,1.0
CIN,2019,Illegal Touch Kick,1.0
CIN,2019,Illegal Use of Hands,3.0
CIN,2019,Ineligible Downfield Pass,1.0
CIN,2019,Intentional Grounding,1.0
CIN,2019,Kick Catch Interference,1.0
CIN,2019,Lowering the Head to Initiate Contact,1.0
CIN,2019,Neutral Zone Infraction,4.0
CIN,2019,Offensive Holding,17.0
CIN,2019,Offensive Pass Interference,1.0
CIN,2019,Player Out of Bounds on Kick,1.0
CIN,2019,Roughing the Passer,5.0
CIN,2019,Unnecessary Roughness,3.0
CIN,2020,Defensive Holding,3.0
CIN,2020,Defensive Offside,4.0
CIN,2020,Defensive Pass Interference,10.0
CIN,2020,Delay of Game,3.0
CIN,2020,Disqualification,1.0
CIN,2020,Face Mask,1.0
CIN,2020,False Start,23.0
CIN,2020,Horse Collar Tackle,1.0
CIN,2020,Illegal Block Above the Waist,3.0
CIN,2020,Illegal Contact,1.0
CIN,2020,Illegal Formation,1.0
CIN,2020,Illegal Touch Pass,1.0
CIN,2020,Ineligible Downfield Pass,1.0
CIN,2020,Intentional Grounding,1.0
CIN,2020,Neutral Zone Infraction,4.0
CIN,2020,Offensive Holding,14.0
CIN,2020,Offensive Pass Interference,4.0
CIN,2020,Roughing the Passer,1.0
CIN,2020,Unnecessary Roughness,6.0
CIN,2021,Defensive Holding,6.0
CIN,2021,Defensive Offside,4.0
CIN,2021,Defensive Pass Interference,10.0
CIN,2021,Defensive Too Many Men on Field,1.0
CIN,2021,Delay of Game,8.0
CIN,2021,Fair Catch Interference,1.0
CIN,2021,False Start,17.0
CIN,2021,Illegal Block Above the Waist,2.0
CIN,2021,Illegal Formation,3.0
CIN,2021,Illegal Shift,1.0
CIN,2021,Illegal Use of Hands,3.0
CIN,2021,Neutral Zone Infraction,3.0
CIN,2021,Offensive Holding,19.0
CIN,2021,Offensive Pass Interference,2.0
CIN,2021,Roughing the Passer,3.0
CIN,2021,Taunting,4.0
CIN,2021,Tripping,1.0
CIN,2021,Unnecessary Roughness,3.0
CIN,2021,Unsportsmanlike Conduct,2.0
CIN,2022,Defensive Holding,7.0
CIN,2022,Defensive Offside,2.0
CIN,2022,Defensive Pass Interference,7.0
CIN,2022,Defensive Too Many Men on Field,3.0
CIN,2022,Delay of Game,5.0
CIN,2022,Face Mask,1.0
CIN,2022,False Start,20.0
CIN,2022,Illegal Block Above the Waist,2.0
CIN,2022,Illegal Contact,2.0
CIN,2022,Illegal Formation,2.0
CIN,2022,Illegal Shift,1.0
CIN,2022,Illegal Touch Kick,1.0
CIN,2022,Illegal Use of Hands,3.0
CIN,2022,Ineligible Downfield Pass,3.0
CIN,2022,Intentional Grounding,2.0
CIN,2022,Invalid Fair Catch Signal,1.0
CIN,2022,Neutral Zone Infraction,1.0
CIN,2022,Offensive Holding,20.0
CIN,2022,Offensive Pass Interference,3.0
CIN,2022,Offside on Free Kick,1.0
CIN,2022,Player Out of Bounds on Kick,1.0
CIN,2022,Roughing the Passer,4.0
CIN,2022,Taunting,2.0
CIN,2022,Unnecessary Roughness,5.0
CIN,2023,Defensive Holding,4.0
CIN,2023,Defensive Offside,3.0
CIN,2023,Defensive Pass Interference,7.0
CIN,2023,Defensive Too Many Men on Field,1.0
CIN,2023,Delay of Game,10.0
CIN,2023,Face Mask,3.0
CIN,2023,False Start,13.0
CIN,2023,Illegal Block Above the Waist,2.0
CIN,2023,Illegal Contact,2.0
CIN,2023,Illegal Formation,2.0
CIN,2023,Illegal Touch Kick,1.0
CIN,2023,Illegal Use of Hands,2.0
CIN,2023,Ineligible Downfield Pass,2.0
CIN,2023,Intentional Grounding,2.0
CIN,2023,Neutral Zone Infraction,3.0
CIN,2023,Offensive Holding,9.0
CIN,2023,Offensive Pass Interference,3.0
CIN,2023,Roughing the Passer,3.0
CIN,2023,Unnecessary Roughness,4.0
CIN,2024,Defensive Holding,5.0
CIN,2024,Defensive Offside,2.0
CIN,2024,Defensive Pass Interference,14.0
CIN,2024,Defensive Too Many Men on Field,3.0
CIN,2024,Delay of Game,9.0
CIN,2024,Encroachment,1.0
CIN,2024,Face Mask,2.0
CIN,2024,False Start,19.0
CIN,2024,Illegal Block Above the Waist,3.0
CIN,2024,Illegal Contact,2.0
CIN,2024,Illegal Formation,2.0
CIN,2024,Illegal Shift,2.0
CIN,2024,Illegal Substitution,1.0
CIN,2024,Illegal Use of Hands,3.0
CIN,2024,Ineligible Downfield Kick,1.0
CIN,2024,Ineligible Downfield Pass,3.0
CIN,2024,Intentional Grounding,2.0
CIN,2024,Kickoff Short of Landing Zone,1.0
CIN,2024,Neutral Zone Infraction,1.0
CIN,2024,Offensive Holding,15.0
CIN,2024,Offensive Pass Interference,2.0
CIN,2024,Player Out of Bounds on Kick,1.0
CIN,2024,Roughing the Passer,3.0
CIN,2024,Unnecessary Roughness,3.0
CIN,2024,Unsportsmanlike Conduct,1.0
CIN,2025,Defensive Holding,5.0
CIN,2025,Defensive Offside,2.0
CIN,2025,Defensive Pass Interference,6.0
CIN,2025,Defensive Too Many Men on Field,1.0
CIN,2025,Delay of Game,11.0
CIN,2025,Face Mask,2.0
CIN,2025,Fair Catch Interference,2.0
CIN,2025,False Start,21.0
CIN,2025,Illegal Contact,3.0
CIN,2025,Illegal Formation,3.0
CIN,2025,Illegal Use of Hands,2.0
CIN,2025,Ineligible Downfield Pass,1.0
CIN,2025,Intentional Grounding,1.0
CIN,2025,Low Block,1.0
CIN,2025,Neutral Zone Infraction,1.0
CIN,2025,Offensive Holding,18.0
CIN,2025,Offensive Offside,1.0
CIN,2025,Roughing the Passer,5.0
CIN,2025,Unsportsmanlike Conduct,2.0
CLE,2016,Defensive 12 On-field,1.0
CLE,2016,Defensive Holding,4.0
CLE,2016,Defensive Offside,6.0
CLE,2016,Defensive Pass Interference,5.0
CLE,2016,Delay of Game,8.0
CLE,2016,Encroachment,1.0
CLE,2016,Face Mask,3.0
CLE,2016,False Start,21.0
CLE,2016,Illegal Block Above the Waist,4.0
CLE,2016,Illegal Contact,5.0
CLE,2016,Illegal Formation,2.0
CLE,2016,Illegal Touch Pass,1.0
CLE,2016,Illegal Use of Hands,2.0
CLE,2016,Ineligible Downfield Pass,1.0
CLE,2016,Interference with Opportunity to Catch,1.0
CLE,2016,Neutral Zone Infraction,1.0
CLE,2016,Offensive Holding,21.0
CLE,2016,Offensive Pass Interference,1.0
CLE,2016,Roughing the Passer,3.0
CLE,2016,Unnecessary Roughness,2.0
CLE,2016,Unsportsmanlike Conduct,2.0
CLE,2017,Defensive Holding,6.0
CLE,2017,Defensive Offside,7.0
CLE,2017,Defensive Pass Interference,8.0
CLE,2017,Delay of Game,5.0
CLE,2017,Encroachment,3.0
CLE,2017,Face Mask,1.0
CLE,2017,False Start,14.0
CLE,2017,Horse Collar Tackle,2.0
CLE,2017,Illegal Block Above the Waist,3.0
CLE,2017,Illegal Contact,1.0
CLE,2017,Illegal Formation,3.0
CLE,2017,Illegal Use of Hands,3.0
CLE,2017,Intentional Grounding,1.0
CLE,2017,Neutral Zone Infraction,7.0
CLE,2017,Offensive Holding,24.0
CLE,2017,Offensive Pass Interference,7.0
CLE,2017,Offside on Free Kick,1.0
CLE,2017,Player Out of Bounds on Punt,1.0
CLE,2017,Roughing the Passer,4.0
CLE,2017,Running Into the Kicker,1.0
CLE,2017,Taunting,1.0
CLE,2017,Unnecessary Roughness,5.0
CLE,2017,Unsportsmanlike Conduct,2.0
CLE,2018,Defensive Holding,10.0
CLE,2018,Defensive Offside,6.0
CLE,2018,Defensive Pass Interference,7.0
CLE,2018,Defensive Too Many Men on Field,1.0
CLE,2018,Delay of Game,1.0
CLE,2018,Encroachment,1.0
CLE,2018,Face Mask,3.0
CLE,2018,False Start,11.0
CLE,2018,Illegal Blindside Block,1.0
CLE,2018,Illegal Block Above the Waist,9.0
CLE,2018,Illegal Contact,3.0
CLE,2018,Illegal Formation,2.0
CLE,2018,Illegal Shift,4.0
CLE,2018,Illegal Use of Hands,1.0
CLE,2018,Ineligible Downfield Pass,1.0
CLE,2018,Intentional Grounding,1.0
CLE,2018,Leverage,1.0
CLE,2018,Lowering the Head to Initiate Contact,1.0
CLE,2018,Neutral Zone Infraction,5.0
CLE,2018,Offensive Holding,30.0
CLE,2018,Offensive Pass Interference,2.0
CLE,2018,Offside on Free Kick,1.0
CLE,2018,Roughing the Passer,4.0
CLE,2018,Taunting,1.0
CLE,2018,Unnecessary Roughness,5.0
CLE,2019,Defensive Holding,6.0
CLE,2019,Defensive Offside,6.0
CLE,2019,Defensive Pass Interference,8.0
CLE,2019,Defensive Too Many Men on Field,3.0
CLE,2019,Delay of Game,3.0
CLE,2019,Disqualification,2.0
CLE,2019,Encroachment,1.0
CLE,2019,Face Mask,1.0
CLE,2019,False Start,24.0
CLE,2019,Horse Collar Tackle,1.0
CLE,2019,Illegal Blindside Block,3.0
CLE,2019,Illegal Block Above the Waist,4.0
CLE,2019,Illegal Contact,1.0
CLE,2019,Illegal Double-Team Block,1.0
CLE,2019,Illegal Motion,1.0
CLE,2019,Illegal Shift,3.0
CLE,2019,Illegal Touch Kick,1.0
CLE,2019,Illegal Use of Hands,4.0
CLE,2019,Ineligible Downfield Pass,3.0
CLE,2019,Intentional Grounding,1.0
CLE,2019,Lowering the Head to Initiate Contact,1.0
CLE,2019,Neutral Zone Infraction,2.0
CLE,2019,Offensive Holding,22.0
CLE,2019,Offensive Pass Interference,4.0
CLE,2019,Roughing the Passer,9.0
CLE,2019,Taunting,2.0
CLE,2019,Unnecessary Roughness,3.0
CLE,2019,Unsportsmanlike Conduct,2.0
CLE,2020,Clipping,2.0
CLE,2020,Defensive Holding,4.0
CLE,2020,Defensive Offside,9.0
CLE,2020,Defensive Pass Interference,4.0
CLE,2020,Defensive Too Many Men on Field,1.0
CLE,2020,Delay of Game,5.0
CLE,2020,Encroachment,3.0
CLE,2020,Face Mask,7.0
CLE,2020,False Start,21.0
CLE,2020,Illegal Blindside Block,1.0
CLE,2020,Illegal Block Above the Waist,4.0
CLE,2020,Illegal Contact,1.0
CLE,2020,Illegal Formation,3.0
CLE,2020,Intentional Grounding,6.0
CLE,2020,Lowering the Head to Initiate Contact,3.0
CLE,2020,Neutral Zone Infraction,5.0
CLE,2020,Offensive Holding,15.0
CLE,2020,Offensive Pass Interference,3.0
CLE,2020,Player Out of Bounds on Kick,1.0
CLE,2020,Roughing the Kicker,1.0
CLE,2020,Taunting,2.0
CLE,2020,Unnecessary Roughness,5.0
CLE,2021,Defensive Holding,4.0
CLE,2021,Defensive Offside,8.0
CLE,2021,Defensive Pass Interference,12.0
CLE,2021,Defensive Too Many Men on Field,2.0
CLE,2021,Delay of Game,6.0
CLE,2021,Encroachment,2.0
CLE,2021,Face Mask,4.0
CLE,2021,False Start,16.0
CLE,2021,Illegal Block Above the Waist,5.0
CLE,2021,Illegal Contact,1.0
CLE,2021,Illegal Formation,6.0
CLE,2021,Illegal Motion,1.0
CLE,2021,Illegal Shift,2.0
CLE,2021,Intentional Grounding,1.0
CLE,2021,Neutral Zone Infraction,5.0
CLE,2021,Offensive Holding,25.0
CLE,2021,Roughing the Passer,5.0
CLE,2021,Unnecessary Roughness,6.0
CLE,2021,Unsportsmanlike Conduct,1.0
CLE,2022,Defensive Holding,6.0
CLE,2022,Defensive Offside,4.0
CLE,2022,Defensive Pass Interference,9.0
CLE,2022,Defensive Too Many Men on Field,3.0
CLE,2022,Delay of Game,4.0
CLE,2022,Face Mask,4.0
CLE,2022,False Start,12.0
CLE,2022,Horse Collar Tackle,1.0
CLE,2022,Illegal Bat,1.0
CLE,2022,Illegal Block Above the Waist,2.0
CLE,2022,Illegal Contact,1.0
CLE,2022,Illegal Formation,3.0
CLE,2022,Illegal Shift,2.0
CLE,2022,Illegal Touch Kick,1.0
CLE,2022,Illegal Touch Pass,2.0
CLE,2022,Illegal Use of Hands,2.0
CLE,2022,Ineligible Downfield Pass,2.0
CLE,2022,Neutral Zone Infraction,3.0
CLE,2022,Offensive Holding,28.0
CLE,2022,Offensive Pass Interference,2.0
CLE,2022,Roughing the Kicker,1.0
CLE,2022,Roughing the Passer,3.0
CLE,2022,Unnecessary Roughness,5.0
CLE,2022,Unsportsmanlike Conduct,1.0
CLE,2023,Defensive Holding,8.0
CLE,2023,Defensive Offside,15.0
CLE,2023,Defensive Pass Interference,10.0
CLE,2023,Defensive Too Many Men on Field,6.0
CLE,2023,Delay of Game,5.0
CLE,2023,Encroachment,4.0
CLE,2023,Face Mask,3.0
CLE,2023,False Start,16.0
CLE,2023,Illegal Contact,2.0
CLE,2023,Illegal Formation,3.0
CLE,2023,Illegal Forward Pass,1.0
CLE,2023,Illegal Use of Hands,1.0
CLE,2023,Ineligible Downfield Pass,1.0
CLE,2023,Intentional Grounding,2.0
CLE,2023,Neutral Zone Infraction,10.0
CLE,2023,Offensive Holding,22.0
CLE,2023,Offensive Offside,1.0
CLE,2023,Offensive Pass Interference,1.0
CLE,2023,Player Out of Bounds on Kick,1.0
CLE,2023,Taunting,1.0
CLE,2023,Unnecessary Roughness,5.0
CLE,2023,Unsportsmanlike Conduct,1.0
CLE,2024,Defensive Holding,3.0
CLE,2024,Defensive Offside,7.0
CLE,2024,Defensive Pass Interference,6.0
CLE,2024,Defensive Too Many Men on Field,2.0
CLE,2024,Delay of Game,6.0
CLE,2024,Encroachment,1.0
CLE,2024,Face Mask,5.0
CLE,2024,Fair Catch Interference,1.0
CLE,2024,False Start,26.0
CLE,2024,Illegal Formation,6.0
CLE,2024,Illegal Motion,2.0
CLE,2024,Illegal Shift,7.0
CLE,2024,Illegal Touch Pass,1.0
CLE,2024,Illegal Use of Hands,1.0
CLE,2024,Ineligible Downfield Kick,1.0
CLE,2024,Ineligible Downfield Pass,3.0
CLE,2024,Intentional Grounding,7.0
CLE,2024,Lowering the Head to Make Forcible Contact,1.0
CLE,2024,Neutral Zone Infraction,5.0
CLE,2024,Offensive Holding,17.0
CLE,2024,Offensive Offside,1.0
CLE,2024,Offensive Pass Interference,2.0
CLE,2024,Roughing the Passer,4.0
CLE,2024,Taunting,1.0
CLE,2024,Unnecessary Roughness,2.0
CLE,2024,Unsportsmanlike Conduct,1.0
CLE,2025,Chop Block,1.0
CLE,2025,Defensive Holding,6.0
CLE,2025,Defensive Offside,6.0
CLE,2025,Defensive Pass Interference,6.0
CLE,2025,Defensive Too Many Men on Field,1.0
CLE,2025,Delay of Game,11.0
CLE,2025,Encroachment,2.0
CLE,2025,False Start,21.0
CLE,2025,Illegal Contact,2.0
CLE,2025,Illegal Formation,3.0
CLE,2025,Illegal Shift,1.0
CLE,2025,Intentional Grounding,4.0
CLE,2025,Neutral Zone Infraction,3.0
CLE,2025,Offensive Holding,23.0
CLE,2025,Offensive Pass Interference,3.0
CLE,2025,Offensive Too Many Men on Field,1.0
CLE,2025,Roughing the Passer,1.0
CLE,2025,Running Into the Kicker,1.0
CLE,2025,Taunting,1.0
CLE,2025,Tripping,2.0
CLE,2025,Unnecessary Roughness,7.0
CLE,2025,Unsportsmanlike Conduct,2.0
DAL,2016,Chop Block,2.0
DAL,2016,Clipping,1.0
DAL,2016,Defensive 12 On-field,4.0
DAL,2016,Defensive Holding,7.0
DAL,2016,Defensive Offside,3.0
DAL,2016,Defensive Pass Interference,5.0
DAL,2016,Delay of Game,4.0
DAL,2016,Encroachment,4.0
DAL,2016,Face Mask,5.0
DAL,2016,False Start,15.0
DAL,2016,Illegal Block Above the Waist,2.0
DAL,2016,Illegal Contact,1.0
DAL,2016,Illegal Formation,1.0
DAL,2016,Illegal Motion,1.0
DAL,2016,Illegal Shift,1.0
DAL,2016,Illegal Touch Kick,2.0
DAL,2016,Illegal Use of Hands,3.0
DAL,2016,Ineligible Downfield Pass,1.0
DAL,2016,Leverage,1.0
DAL,2016,Neutral Zone Infraction,7.0
DAL,2016,Offensive 12 On-field,1.0
DAL,2016,Offensive Holding,30.0
DAL,2016,Roughing the Kicker,1.0
DAL,2016,Roughing the Passer,5.0
DAL,2016,Taunting,1.0
DAL,2016,Unnecessary Roughness,1.0
DAL,2016,Unsportsmanlike Conduct,2.0
DAL,2017,Defensive 12 On-field,1.0
DAL,2017,Defensive Holding,5.0
DAL,2017,Defensive Offside,8.0
DAL,2017,Defensive Pass Interference,12.0
DAL,2017,Delay of Game,2.0
DAL,2017,Encroachment,3.0
DAL,2017,Face Mask,4.0
DAL,2017,False Start,9.0
DAL,2017,Illegal Blindside Block,1.0
DAL,2017,Illegal Block Above the Waist,2.0
DAL,2017,Illegal Contact,2.0
DAL,2017,Illegal Crackback,1.0
DAL,2017,Illegal Use of Hands,2.0
DAL,2017,Leverage,1.0
DAL,2017,Neutral Zone Infraction,4.0
DAL,2017,Offensive Holding,28.0
DAL,2017,Offensive Pass Interference,4.0
DAL,2017,Roughing the Passer,3.0
DAL,2017,Unnecessary Roughness,3.0
DAL,2017,Unsportsmanlike Conduct,2.0
DAL,2018,Chop Block,1.0
DAL,2018,Defensive Delay of Game,1.0
DAL,2018,Defensive Holding,6.0
DAL,2018,Defensive Offside,5.0
DAL,2018,Defensive Pass Interference,5.0
DAL,2018,Delay of Game,3.0
DAL,2018,Encroachment,3.0
DAL,2018,Face Mask,1.0
DAL,2018,False Start,14.0
DAL,2018,Illegal Block Above the Waist,7.0
DAL,2018,Illegal Contact,1.0
DAL,2018,Illegal Formation,3.0
DAL,2018,Illegal Motion,1.0
DAL,2018,Illegal Shift,1.0
DAL,2018,Illegal Touch Pass,1.0
DAL,2018,Illegal Use of Hands,2.0
DAL,2018,Lowering the Head to Initiate Contact,1.0
DAL,2018,Neutral Zone Infraction,9.0
DAL,2018,Offensive Holding,31.0
DAL,2018,Offensive Pass Interference,2.0
DAL,2018,Roughing the Kicker,1.0
DAL,2018,Roughing the Passer,5.0
DAL,2018,Taunting,1.0
DAL,2018,Unnecessary Roughness,7.0
DAL,2018,Unsportsmanlike Conduct,2.0
DAL,2019,Defensive Holding,6.0
DAL,2019,Defensive Offside,9.0
DAL,2019,Defensive Pass Interference,8.0
DAL,2019,Delay of Game,1.0
DAL,2019,Encroachment,4.0
DAL,2019,Face Mask,6.0
DAL,2019,False Start,9.0
DAL,2019,Horse Collar Tackle,1.0
DAL,2019,Illegal Blindside Block,2.0
DAL,2019,Illegal Block Above the Waist,1.0
DAL,2019,Illegal Formation,2.0
DAL,2019,Illegal Motion,1.0
DAL,2019,Illegal Shift,4.0
DAL,2019,Intentional Grounding,1.0
DAL,2019,Neutral Zone Infraction,6.0
DAL,2019,Offensive Holding,25.0
DAL,2019,Offensive Pass Interference,3.0
DAL,2019,Offensive Too Many Men on Field,1.0
DAL,2019,Roughing the Kicker,1.0
DAL,2019,Roughing the Passer,6.0
DAL,2019,Taunting,1.0
DAL,2019,Tripping,3.0
DAL,2019,Unnecessary Roughness,6.0
DAL,2019,Unsportsmanlike Conduct,2.0
DAL,2020,Defensive Holding,8.0
DAL,2020,Defensive Offside,7.0
DAL,2020,Defensive Pass Interference,10.0
DAL,2020,Defensive Too Many Men on Field,1.0
DAL,2020,Delay of Game,4.0
DAL,2020,Face Mask,2.0
DAL,2020,False Start,14.0
DAL,2020,Illegal Blindside Block,1.0
DAL,2020,Illegal Block Above the Waist,5.0
DAL,2020,Illegal Contact,3.0
DAL,2020,Illegal Formation,3.0
DAL,2020,Ineligible Downfield Pass,1.0
DAL,2020,Intentional Grounding,1.0
DAL,2020,Lowering the Head to Initiate Contact,2.0
DAL,2020,Neutral Zone Infraction,7.0
DAL,2020,Offensive Holding,9.0
DAL,2020,Offensive Pass Interference,2.0
DAL,2020,Offensive Too Many Men on Field,1.0
DAL,2020,Roughing the Kicker,1.0
DAL,2020,Roughing the Passer,5.0
DAL,2020,Taunting,1.0
DAL,2020,Unnecessary Roughness,8.0
DAL,2021,Chop Block,1.0
DAL,2021,Defensive Holding,6.0
DAL,2021,Defensive Offside,9.0
DAL,2021,Defensive Pass Interference,10.0
DAL,2021,Defensive Too Many Men on Field,2.0
DAL,2021,Delay of Game,6.0
DAL,2021,Disqualification,1.0
DAL,2021,Encroachment,2.0
DAL,2021,Face Mask,2.0
DAL,2021,False Start,20.0
DAL,2021,Horse Collar Tackle,2.0
DAL,2021,Illegal Block Above the Waist,4.0
DAL,2021,Illegal Contact,2.0
DAL,2021,Illegal Double-Team Block,1.0
DAL,2021,Illegal Formation,3.0
DAL,2021,Illegal Shift,1.0
DAL,2021,Illegal Use of Hands,5.0
DAL,2021,Ineligible Downfield Pass,2.0
DAL,2021,Neutral Zone Infraction,9.0
DAL,2021,Offensive Holding,34.0
DAL,2021,Offensive Pass Interference,1.0
DAL,2021,Offensive Too Many Men on Field,1.0
DAL,2021,Offside on Free Kick,1.0
DAL,2021,Player Out of Bounds on Kick,1.0
DAL,2021,Roughing the Kicker,1.0
DAL,2021,Roughing the Passer,3.0
DAL,2021,Unnecessary Roughness,10.0
DAL,2021,Unsportsmanlike Conduct,1.0
DAL,2022,Defensive Holding,9.0
DAL,2022,Defensive Offside,8.0
DAL,2022,Defensive Pass Interference,5.0
DAL,2022,Defensive Too Many Men on Field,1.0
DAL,2022,Delay of Game,5.0
DAL,2022,Encroachment,1.0
DAL,2022,Face Mask,2.0
DAL,2022,Fair Catch Interference,2.0
DAL,2022,False Start,18.0
DAL,2022,Illegal Blindside Block,1.0
DAL,2022,Illegal Block Above the Waist,2.0
DAL,2022,Illegal Contact,2.0
DAL,2022,Illegal Motion,1.0
DAL,2022,Illegal Shift,1.0
DAL,2022,Illegal Use of Hands,2.0
DAL,2022,Ineligible Downfield Pass,1.0
DAL,2022,Intentional Grounding,2.0
DAL,2022,Neutral Zone Infraction,6.0
DAL,2022,Offensive Holding,23.0
DAL,2022,Offensive Offside,1.0
DAL,2022,Offensive Pass Interference,1.0
DAL,2022,Offensive Too Many Men on Field,1.0
DAL,2022,Offside on Free Kick,1.0
DAL,2022,Roughing the Passer,3.0
DAL,2022,Running Into the Kicker,1.0
DAL,2022,Unnecessary Roughness,10.0
DAL,2022,Unsportsmanlike Conduct,3.0
DAL,2023,Clipping,1.0
DAL,2023,Defensive Holding,11.0
DAL,2023,Defensive Offside,16.0
DAL,2023,Defensive Pass Interference,9.0
DAL,2023,Defensive Too Many Men on Field,2.0
DAL,2023,Delay of Game,6.0
DAL,2023,Disqualification,1.0
DAL,2023,Face Mask,6.0
DAL,2023,Fair Catch Interference,1.0
DAL,2023,False Start,17.0
DAL,2023,Illegal Block Above the Waist,1.0
DAL,2023,Illegal Contact,1.0
DAL,2023,Illegal Formation,2.0
DAL,2023,Illegal Motion,1.0
DAL,2023,Illegal Shift,1.0
DAL,2023,Illegal Use of Hands,2.0
DAL,2023,Ineligible Downfield Pass,1.0
DAL,2023,Leverage,2.0
DAL,2023,Neutral Zone Infraction,2.0
DAL,2023,Offensive Holding,26.0
DAL,2023,Offensive Pass Interference,2.0
DAL,2023,Roughing the Kicker,1.0
DAL,2023,Roughing the Passer,2.0
DAL,2023,Running Into the Kicker,1.0
DAL,2023,Tripping,1.0
DAL,2023,Unnecessary Roughness,5.0
DAL,2024,Defensive Holding,4.0
DAL,2024,Defensive Offside,5.0
DAL,2024,Defensive Pass Interference,6.0
DAL,2024,Defensive Too Many Men on Field,4.0
DAL,2024,Delay of Game,4.0
DAL,2024,Encroachment,1.0
DAL,2024,Face Mask,4.0
DAL,2024,False Start,29.0
DAL,2024,Illegal Block Above the Waist,3.0
DAL,2024,Illegal Contact,4.0
DAL,2024,Illegal Formation,6.0
DAL,2024,Illegal Forward Pass,1.0
DAL,2024,Illegal Motion,1.0
DAL,2024,Illegal Shift,1.0
DAL,2024,Illegal Use of Hands,1.0
DAL,2024,Ineligible Downfield Pass,2.0
DAL,2024,Intentional Grounding,1.0
DAL,2024,Kickoff Short of Landing Zone,2.0
DAL,2024,Low Block,1.0
DAL,2024,Neutral Zone Infraction,5.0
DAL,2024,Offensive Holding,25.0
DAL,2024,Offensive Pass Interference,3.0
DAL,2024,Offensive Too Many Men on Field,2.0
DAL,2024,Player Out of Bounds on Kick,3.0
DAL,2024,Roughing the Passer,2.0
DAL,2024,Running Into the Kicker,1.0
DAL,2024,Taunting,1.0
DAL,2024,Unnecessary Roughness,5.0
DAL,2025,Defensive Holding,4.0
DAL,2025,Defensive Offside,8.0
DAL,2025,Defensive Pass Interference,8.0
DAL,2025,Defensive Too Many Men on Field,3.0
DAL,2025,Delay of Game,6.0
DAL,2025,Disqualification,1.0
DAL,2025,Encroachment,1.0
DAL,2025,Face Mask,3.0
DAL,2025,False Start,23.0
DAL,2025,Horse Collar Tackle,2.0
DAL,2025,Illegal Block Above the Waist,3.0
DAL,2025,Illegal Contact,2.0
DAL,2025,Illegal Formation,3.0
DAL,2025,Illegal Shift,2.0
DAL,2025,Illegal Use of Hands,1.0
DAL,2025,Ineligible Downfield Pass,1.0
DAL,2025,Invalid Fair Catch Signal,1.0
DAL,2025,Kickoff Out of Bounds,3.0
DAL,2025,Kickoff Short of Landing Zone,2.0
DAL,2025,Neutral Zone Infraction,2.0
DAL,2025,Offensive Holding,31.0
DAL,2025,Offensive Pass Interference,4.0
DAL,2025,Roughing the Kicker,1.0
DAL,2025,Roughing the Passer,3.0
DAL,2025,Tripping,1.0
DAL,2025,Unnecessary Roughness,10.0
DAL,2025,Unsportsmanlike Conduct,4.0
DEN,2016,Defensive 12 On-field,4.0
DEN,2016,Defensive Holding,12.0
DEN,2016,Defensive Offside,9.0
DEN,2016,Defensive Pass Interference,10.0
DEN,2016,Face Mask,2.0
DEN,2016,False Start,19.0
DEN,2016,Horse Collar Tackle,1.0
DEN,2016,Illegal Block Above the Waist,4.0
DEN,2016,Illegal Contact,2.0
DEN,2016,Illegal Formation,2.0
DEN,2016,Illegal Motion,1.0
DEN,2016,Illegal Shift,1.0
DEN,2016,Illegal Use of Hands,2.0
DEN,2016,Intentional Grounding,2.0
DEN,2016,Neutral Zone Infraction,4.0
DEN,2016,Offensive Holding,29.0
DEN,2016,Offensive Pass Interference,3.0
DEN,2016,Offside on Free Kick,1.0
DEN,2016,Roughing the Kicker,1.0
DEN,2016,Roughing the Passer,2.0
DEN,2016,Unnecessary Roughness,5.0
DEN,2016,Unsportsmanlike Conduct,3.0
DEN,2017,Defensive 12 On-field,2.0
DEN,2017,Defensive Holding,8.0
DEN,2017,Defensive Offside,6.0
DEN,2017,Defensive Pass Interference,8.0
DEN,2017,Delay of Game,7.0
DEN,2017,Encroachment,1.0
DEN,2017,Face Mask,5.0
DEN,2017,False Start,18.0
DEN,2017,Illegal Block Above the Waist,5.0
DEN,2017,Illegal Contact,1.0
DEN,2017,Illegal Formation,3.0
DEN,2017,Illegal Shift,1.0
DEN,2017,Illegal Touch Pass,1.0
DEN,2017,Illegal Use of Hands,2.0
DEN,2017,Neutral Zone Infraction,5.0
DEN,2017,Offensive Holding,24.0
DEN,2017,Offensive Pass Interference,3.0
DEN,2017,Offside on Free Kick,1.0
DEN,2017,Player Out of Bounds on Punt,1.0
DEN,2017,Roughing the Passer,3.0
DEN,2017,Running Into the Kicker,1.0
DEN,2017,Unnecessary Roughness,4.0
DEN,2017,Unsportsmanlike Conduct,3.0
DEN,2018,Defensive Holding,16.0
DEN,2018,Defensive Offside,9.0
DEN,2018,Defensive Pass Interference,5.0
DEN,2018,Defensive Too Many Men on Field,4.0
DEN,2018,Delay of Game,4.0
DEN,2018,Disqualification,1.0
DEN,2018,Encroachment,1.0
DEN,2018,Face Mask,2.0
DEN,2018,False Start,9.0
DEN,2018,Horse Collar Tackle,1.0
DEN,2018,Illegal Blindside Block,1.0
DEN,2018,Illegal Block Above the Waist,8.0
DEN,2018,Illegal Contact,1.0
DEN,2018,Illegal Formation,1.0
DEN,2018,Illegal Shift,2.0
DEN,2018,Illegal Touch Pass,1.0
DEN,2018,Illegal Use of Hands,3.0
DEN,2018,Ineligible Downfield Kick,1.0
DEN,2018,Ineligible Downfield Pass,1.0
DEN,2018,Intentional Grounding,1.0
DEN,2018,Neutral Zone Infraction,4.0
DEN,2018,Offensive Holding,30.0
DEN,2018,Offensive Pass Interference,6.0
DEN,2018,Offensive Too Many Men on Field,1.0
DEN,2018,Roughing the Passer,2.0
DEN,2018,Taunting,1.0
DEN,2018,Unnecessary Roughness,9.0
DEN,2019,Defensive Holding,12.0
DEN,2019,Defensive Offside,5.0
DEN,2019,Defensive Pass Interference,8.0
DEN,2019,Delay of Game,5.0
DEN,2019,Encroachment,2.0
DEN,2019,Face Mask,1.0
DEN,2019,False Start,13.0
DEN,2019,Horse Collar Tackle,1.0
DEN,2019,Illegal Blindside Block,1.0
DEN,2019,Illegal Block Above the Waist,10.0
DEN,2019,Illegal Formation,4.0
DEN,2019,Illegal Shift,2.0
DEN,2019,Illegal Use of Hands,3.0
DEN,2019,Ineligible Downfield Kick,1.0
DEN,2019,Ineligible Downfield Pass,1.0
DEN,2019,Intentional Grounding,1.0
DEN,2019,Neutral Zone Infraction,1.0
DEN,2019,Offensive Holding,26.0
DEN,2019,Offensive Pass Interference,1.0
DEN,2019,Player Out of Bounds on Kick,1.0
DEN,2019,Roughing the Kicker,1.0
DEN,2019,Roughing the Passer,4.0
DEN,2019,Unnecessary Roughness,5.0
DEN,2019,Unsportsmanlike Conduct,1.0
DEN,2020,Defensive Holding,2.0
DEN,2020,Defensive Offside,4.0
DEN,2020,Defensive Pass Interference,5.0
DEN,2020,Delay of Game,4.0
DEN,2020,Disqualification,1.0
DEN,2020,Face Mask,2.0
DEN,2020,False Start,13.0
DEN,2020,Horse Collar Tackle,1.0
DEN,2020,Illegal Blindside Block,1.0
DEN,2020,Illegal Block Above the Waist,7.0
DEN,2020,Illegal Contact,3.0
DEN,2020,Illegal Double-Team Block,2.0
DEN,2020,Illegal Formation,2.0
DEN,2020,Illegal Shift,2.0
DEN,2020,Ineligible Downfield Kick,1.0
DEN,2020,Intentional Grounding,4.0
DEN,2020,Kick Catch Interference,1.0
DEN,2020,Neutral Zone Infraction,3.0
DEN,2020,Offensive Holding,10.0
DEN,2020,Offensive Too Many Men on Field,1.0
DEN,2020,Player Out of Bounds on Kick,1.0
DEN,2020,Roughing the Passer,3.0
DEN,2020,Unnecessary Roughness,7.0
DEN,2020,Unsportsmanlike Conduct,1.0
DEN,2021,Defensive Holding,3.0
DEN,2021,Defensive Offside,3.0
DEN,2021,Defensive Pass Interference,6.0
DEN,2021,Delay of Game,2.0
DEN,2021,Encroachment,2.0
DEN,2021,Face Mask,2.0
DEN,2021,False Start,18.0
DEN,2021,Illegal Blindside Block,1.0
DEN,2021,Illegal Block Above the Waist,5.0
DEN,2021,Illegal Contact,2.0
DEN,2021,Illegal Formation,3.0
DEN,2021,Illegal Shift,1.0
DEN,2021,Illegal Use of Hands,2.0
DEN,2021,Ineligible Downfield Pass,1.0
DEN,2021,Intentional Grounding,1.0
DEN,2021,Leverage,1.0
DEN,2021,Neutral Zone Infraction,1.0
DEN,2021,Offensive Holding,16.0
DEN,2021,Offensive Pass Interference,4.0
DEN,2021,Roughing the Passer,3.0
DEN,2021,Taunting,2.0
DEN,2021,Unnecessary Roughness,3.0
DEN,2021,Unsportsmanlike Conduct,1.0
DEN,2022,Chop Block,1.0
DEN,2022,Defensive Holding,6.0
DEN,2022,Defensive Offside,8.0
DEN,2022,Defensive Pass Interference,9.0
DEN,2022,Defensive Too Many Men on Field,1.0
DEN,2022,Delay of Game,6.0
DEN,2022,Delay of Kickoff,1.0
DEN,2022,Encroachment,1.0
DEN,2022,Face Mask,3.0
DEN,2022,False Start,23.0
DEN,2022,Illegal Blindside Block,1.0
DEN,2022,Illegal Block Above the Waist,4.0
DEN,2022,Illegal Contact,4.0
DEN,2022,Illegal Formation,1.0
DEN,2022,Illegal Shift,1.0
DEN,2022,Illegal Use of Hands,1.0
DEN,2022,Low Block,1.0
DEN,2022,Neutral Zone Infraction,4.0
DEN,2022,Offensive Holding,20.0
DEN,2022,Offensive Pass Interference,1.0
DEN,2022,Roughing the Passer,5.0
DEN,2022,Taunting,2.0
DEN,2022,Unnecessary Roughness,7.0
DEN,2022,Unsportsmanlike Conduct,2.0
DEN,2023,Defensive Holding,8.0
DEN,2023,Defensive Offside,4.0
DEN,2023,Defensive Pass Interference,8.0
DEN,2023,Delay of Game,3.0
DEN,2023,Disqualification,2.0
DEN,2023,Encroachment,1.0
DEN,2023,Face Mask,3.0
DEN,2023,False Start,19.0
DEN,2023,Illegal Block Above the Waist,1.0
DEN,2023,Illegal Formation,3.0
DEN,2023,Illegal Motion,1.0
DEN,2023,Illegal Shift,1.0
DEN,2023,Illegal Touch Kick,2.0
DEN,2023,Illegal Touch Pass,1.0
DEN,2023,Ineligible Downfield Pass,1.0
DEN,2023,Intentional Grounding,1.0
DEN,2023,Neutral Zone Infraction,7.0
DEN,2023,Offensive Holding,17.0
DEN,2023,Offensive Offside,1.0
DEN,2023,Offensive Pass Interference,5.0
DEN,2023,Player Out of Bounds on Kick,1.0
DEN,2023,Roughing the Passer,2.0
DEN,2023,Unnecessary Roughness,7.0
DEN,2024,Defensive Holding,5.0
DEN,2024,Defensive Offside,5.0
DEN,2024,Defensive Pass Interference,15.0
DEN,2024,Delay of Game,9.0
DEN,2024,Face Mask,2.0
DEN,2024,Fair Catch Interference,1.0
DEN,2024,False Start,14.0
DEN,2024,Horse Collar Tackle,1.0
DEN,2024,Illegal Block Above the Waist,1.0
DEN,2024,Illegal Contact,4.0
DEN,2024,Illegal Formation,2.0
DEN,2024,Illegal Forward Pass,1.0
DEN,2024,Illegal Shift,1.0
DEN,2024,Illegal Use of Hands,3.0
DEN,2024,Ineligible Downfield Pass,2.0
DEN,2024,Neutral Zone Infraction,5.0
DEN,2024,Offensive Holding,19.0
DEN,2024,Offensive Offside,1.0
DEN,2024,Offensive Pass Interference,4.0
DEN,2024,Roughing the Passer,3.0
DEN,2024,Tripping,1.0
DEN,2024,Unnecessary Roughness,7.0
DEN,2024,Unsportsmanlike Conduct,2.0
DEN,2025,Defensive Delay of Game,1.0
DEN,2025,Defensive Holding,5.0
DEN,2025,Defensive Offside,9.0
DEN,2025,Defensive Pass Interference,20.0
DEN,2025,Delay of Game,7.0
DEN,2025,Encroachment,1.0
DEN,2025,Face Mask,3.0
DEN,2025,False Start,18.0
DEN,2025,Illegal Blindside Block,2.0
DEN,2025,Illegal Contact,4.0
DEN,2025,Illegal Formation,2.0
DEN,2025,Illegal Shift,1.0
DEN,2025,Illegal Touch Pass,1.0
DEN,2025,Ineligible Downfield Pass,1.0
DEN,2025,Intentional Grounding,2.0
DEN,2025,Kickoff Out of Bounds,2.0
DEN,2025,Leverage,1.0
DEN,2025,Neutral Zone Infraction,3.0
DEN,2025,Offensive Holding,27.0
DEN,2025,Offensive Offside,1.0
DEN,2025,Offensive Pass Interference,6.0
DEN,2025,Player Out of Bounds on Kick,1.0
DEN,2025,Roughing the Passer,5.0
DEN,2025,Unnecessary Roughness,5.0
DET,2016,Defensive 12 On-field,3.0
DET,2016,Defensive Holding,9.0
DET,2016,Defensive Offside,7.0
DET,2016,Defensive Pass Interference,10.0
DET,2016,Delay of Game,4.0
DET,2016,Encroachment,1.0
DET,2016,False Start,18.0
DET,2016,Illegal Block Above the Waist,4.0
DET,2016,Illegal Forward Pass,1.0
DET,2016,Illegal Shift,2.0
DET,2016,Illegal Touch Kick,1.0
DET,2016,Illegal Use of Hands,3.0
DET,2016,Intentional Grounding,1.0
DET,2016,Leaping,1.0
DET,2016,Neutral Zone Infraction,2.0
DET,2016,Offensive Holding,24.0
DET,2016,Offensive Pass Interference,3.0
DET,2016,Offside on Free Kick,1.0
DET,2016,Roughing the Kicker,1.0
DET,2016,Roughing the Passer,2.0
DET,2016,Taunting,1.0
DET,2016,Unnecessary Roughness,7.0
DET,2016,Unsportsmanlike Conduct,1.0
DET,2017,Defensive Delay of Game,1.0
DET,2017,Defensive Holding,8.0
DET,2017,Defensive Offside,4.0
DET,2017,Defensive Pass Interference,13.0
DET,2017,Delay of Game,3.0
DET,2017,Disqualification,1.0
DET,2017,Encroachment,5.0
DET,2017,False Start,11.0
DET,2017,Illegal Block Above the Waist,5.0
DET,2017,Illegal Contact,1.0
DET,2017,Illegal Formation,1.0
DET,2017,Illegal Shift,1.0
DET,2017,Illegal Use of Hands,1.0
DET,2017,Ineligible Downfield Kick,1.0
DET,2017,Intentional Grounding,1.0
DET,2017,Leverage,1.0
DET,2017,Low Block,1.0
DET,2017,Neutral Zone Infraction,2.0
DET,2017,Offensive Holding,25.0
DET,2017,Offensive Pass Interference,5.0
DET,2017,Player Out of Bounds on Kick,1.0
DET,2017,Roughing the Passer,2.0
DET,2017,Taunting,1.0
DET,2017,Unnecessary Roughness,8.0
DET,2017,Unsportsmanlike Conduct,1.0
DET,2018,Chop Block,1.0
DET,2018,Defensive Holding,9.0
DET,2018,Defensive Offside,3.0
DET,2018,Defensive Pass Interference,8.0
DET,2018,Delay of Game,2.0
DET,2018,Disqualification,1.0
DET,2018,Face Mask,5.0
DET,2018,False Start,13.0
DET,2018,Illegal Blindside Block,1.0
DET,2018,Illegal Block Above the Waist,6.0
DET,2018,Illegal Contact,1.0
DET,2018,Illegal Formation,1.0
DET,2018,Illegal Touch Kick,1.0
DET,2018,Illegal Use of Hands,7.0
DET,2018,Kick Catch Interference,1.0
DET,2018,Neutral Zone Infraction,1.0
DET,2018,Offensive Holding,20.0
DET,2018,Offensive Pass Interference,4.0
DET,2018,Roughing the Passer,2.0
DET,2018,Unnecessary Roughness,6.0
DET,2018,Unsportsmanlike Conduct,1.0
DET,2019,Chop Block,1.0
DET,2019,Defensive Holding,10.0
DET,2019,Defensive Pass Interference,7.0
DET,2019,Defensive Too Many Men on Field,2.0
DET,2019,Delay of Game,6.0
DET,2019,Encroachment,1.0
DET,2019,Face Mask,2.0
DET,2019,False Start,18.0
DET,2019,Illegal Blindside Block,1.0
DET,2019,Illegal Block Above the Waist,6.0
DET,2019,Illegal Contact,2.0
DET,2019,Illegal Formation,2.0
DET,2019,Illegal Shift,1.0
DET,2019,Illegal Use of Hands,4.0
DET,2019,Ineligible Downfield Pass,1.0
DET,2019,Lowering the Head to Initiate Contact,3.0
DET,2019,Neutral Zone Infraction,4.0
DET,2019,Offensive Holding,25.0
DET,2019,Offensive Pass Interference,3.0
DET,2019,Roughing the Kicker,1.0
DET,2019,Roughing the Passer,2.0
DET,2019,Unnecessary Roughness,9.0
DET,2019,Unsportsmanlike Conduct,2.0
DET,2020,Defensive Holding,9.0
DET,2020,Defensive Offside,4.0
DET,2020,Defensive Pass Interference,11.0
DET,2020,Delay of Game,4.0
DET,2020,Disqualification,1.0
DET,2020,Encroachment,2.0
DET,2020,Face Mask,2.0
DET,2020,Fair Catch Interference,1.0
DET,2020,False Start,16.0
DET,2020,Horse Collar Tackle,2.0
DET,2020,Illegal Blindside Block,1.0
DET,2020,Illegal Block Above the Waist,1.0
DET,2020,Illegal Formation,2.0
DET,2020,Illegal Forward Pass,1.0
DET,2020,Illegal Use of Hands,1.0
DET,2020,Ineligible Downfield Pass,1.0
DET,2020,Intentional Grounding,1.0
DET,2020,Neutral Zone Infraction,6.0
DET,2020,Offensive Holding,13.0
DET,2020,Offensive Pass Interference,1.0
DET,2020,Roughing the Passer,4.0
DET,2020,Running Into the Kicker,2.0
DET,2020,Taunting,1.0
DET,2020,Unnecessary Roughness,6.0
DET,2020,Unsportsmanlike Conduct,2.0
DET,2021,Defensive Delay of Game,1.0
DET,2021,Defensive Holding,4.0
DET,2021,Defensive Offside,4.0
DET,2021,Defensive Pass Interference,11.0
DET,2021,Defensive Too Many Men on Field,3.0
DET,2021,Delay of Game,9.0
DET,2021,Face Mask,1.0
DET,2021,False Start,26.0
DET,2021,Illegal Block Above the Waist,2.0
DET,2021,Illegal Contact,1.0
DET,2021,Illegal Formation,4.0
DET,2021,Illegal Touch Pass,2.0
DET,2021,Illegal Use of Hands,2.0
DET,2021,Intentional Grounding,1.0
DET,2021,Leverage,1.0
DET,2021,Neutral Zone Infraction,3.0
DET,2021,Offensive Holding,18.0
DET,2021,Offensive Pass Interference,2.0
DET,2021,Offensive Too Many Men on Field,1.0
DET,2021,Player Out of Bounds on Kick,1.0
DET,2021,Roughing the Passer,3.0
DET,2021,Taunting,1.0
DET,2021,Unnecessary Roughness,2.0
DET,2021,Unsportsmanlike Conduct,2.0
DET,2022,Defensive Holding,8.0
DET,2022,Defensive Offside,4.0
DET,2022,Defensive Pass Interference,10.0
DET,2022,Defensive Too Many Men on Field,1.0
DET,2022,Delay of Game,4.0
DET,2022,Disqualification,1.0
DET,2022,False Start,14.0
DET,2022,Illegal Block Above the Waist,1.0
DET,2022,Illegal Contact,6.0
DET,2022,Illegal Formation,2.0
DET,2022,Illegal Use of Hands,3.0
DET,2022,Neutral Zone Infraction,1.0
DET,2022,Offensive Holding,25.0
DET,2022,Offensive Pass Interference,2.0
DET,2022,Roughing the Passer,2.0
DET,2022,Taunting,1.0
DET,2022,Unnecessary Roughness,4.0
DET,2022,Unsportsmanlike Conduct,1.0
DET,2023,Chop Block,2.0
DET,2023,Defensive Holding,8.0
DET,2023,Defensive Offside,2.0
DET,2023,Defensive Pass Interference,12.0
DET,2023,Defensive Too Many Men on Field,1.0
DET,2023,Delay of Game,8.0
DET,2023,Encroachment,1.0
DET,2023,Face Mask,1.0
DET,2023,Fair Catch Interference,1.0
DET,2023,False Start,15.0
DET,2023,Horse Collar Tackle,1.0
DET,2023,Illegal Blindside Block,1.0
DET,2023,Illegal Contact,6.0
DET,2023,Illegal Formation,2.0
DET,2023,Illegal Shift,1.0
DET,2023,Illegal Touch Kick,1.0
DET,2023,Illegal Touch Pass,1.0
DET,2023,Illegal Use of Hands,2.0
DET,2023,Intentional Grounding,2.0
DET,2023,Low Block,2.0
DET,2023,Neutral Zone Infraction,1.0
DET,2023,Offensive Holding,20.0
DET,2023,Offensive Offside,2.0
DET,2023,Offensive Pass Interference,1.0
DET,2023,Roughing the Passer,5.0
DET,2023,Tripping,2.0
DET,2023,Unnecessary Roughness,6.0
DET,2024,Defensive Holding,11.0
DET,2024,Defensive Offside,3.0
DET,2024,Defensive Pass Interference,19.0
DET,2024,Defensive Too Many Men on Field,3.0
DET,2024,Delay of Game,2.0
DET,2024,Disqualification,1.0
DET,2024,Encroachment,2.0
DET,2024,Face Mask,2.0
DET,2024,False Start,18.0
DET,2024,Illegal Block Above the Waist,1.0
DET,2024,Illegal Contact,3.0
DET,2024,Illegal Crackback,1.0
DET,2024,Illegal Formation,2.0
DET,2024,Illegal Shift,1.0
DET,2024,Illegal Use of Hands,3.0
DET,2024,Ineligible Downfield Pass,2.0
DET,2024,Low Block,1.0
DET,2024,Lowering the Head to Make Forcible Contact,1.0
DET,2024,Offensive Holding,15.0
DET,2024,Offensive Pass Interference,3.0
DET,2024,Offensive Too Many Men on Field,1.0
DET,2024,Roughing the Passer,4.0
DET,2024,Taunting,3.0
DET,2024,Unnecessary Roughness,6.0
DET,2024,Unsportsmanlike Conduct,3.0
DET,2025,Defensive Holding,13.0
DET,2025,Defensive Offside,5.0
DET,2025,Defensive Pass Interference,9.0
DET,2025,Defensive Too Many Men on Field,1.0
DET,2025,Delay of Game,4.0
DET,2025,Face Mask,2.0
DET,2025,False Start,18.0
DET,2025,Illegal Block Above the Waist,3.0
DET,2025,Illegal Contact,2.0
DET,2025,Illegal Formation,4.0
DET,2025,Illegal Motion,1.0
DET,2025,Illegal Shift,2.0
DET,2025,Ineligible Downfield Pass,1.0
DET,2025,Intentional Grounding,2.0
DET,2025,Kickoff Out of Bounds,4.0
DET,2025,Kickoff Short of Landing Zone,1.0
DET,2025,Low Block,1.0
DET,2025,Neutral Zone Infraction,3.0
DET,2025,Offensive Holding,14.0
DET,2025,Offensive Offside,1.0
DET,2025,Offensive Pass Interference,3.0
DET,2025,Roughing the Passer,3.0
DET,2025,Unnecessary Roughness,5.0
DET,2025,Unsportsmanlike Conduct,2.0
GB,2016,Defensive 12 On-field,1.0
GB,2016,Defensive Delay of Game,1.0
GB,2016,Defensive Holding,7.0
GB,2016,Defensive Offside,10.0
GB,2016,Defensive Pass Interference,7.0
GB,2016,Delay of Game,6.0
GB,2016,Delay of Kickoff,1.0
GB,2016,Encroachment,2.0
GB,2016,Face Mask,3.0
GB,2016,False Start,15.0
GB,2016,Illegal Block Above the Waist,6.0
GB,2016,Illegal Formation,1.0
GB,2016,Illegal Use of Hands,2.0
GB,2016,Ineligible Downfield Pass,1.0
GB,2016,Intentional Grounding,1.0
GB,2016,Neutral Zone Infraction,4.0
GB,2016,Offensive Holding,22.0
GB,2016,Offensive Pass Interference,2.0
GB,2016,Offside on Free Kick,3.0
GB,2016,Roughing the Passer,4.0
GB,2016,Taunting,1.0
GB,2016,Unnecessary Roughness,4.0
GB,2016,Unsportsmanlike Conduct,6.0
GB,2017,Defensive 12 On-field,2.0
GB,2017,Defensive Holding,5.0
GB,2017,Defensive Offside,9.0
GB,2017,Defensive Pass Interference,5.0
GB,2017,Delay of Game,4.0
GB,2017,Encroachment,3.0
GB,2017,Face Mask,2.0
GB,2017,Fair Catch Interference,1.0
GB,2017,False Start,13.0
GB,2017,Horse Collar Tackle,2.0
GB,2017,Illegal Block Above the Waist,6.0
GB,2017,Illegal Contact,1.0
GB,2017,Illegal Formation,3.0
GB,2017,Illegal Motion,2.0
GB,2017,Intentional Grounding,2.0
GB,2017,Leverage,1.0
GB,2017,Neutral Zone Infraction,8.0
GB,2017,Offensive Holding,10.0
GB,2017,Offensive Pass Interference,3.0
GB,2017,Offside on Free Kick,1.0
GB,2017,Roughing the Passer,1.0
GB,2017,Taunting,1.0
GB,2017,Tripping,2.0
GB,2017,Unnecessary Roughness,6.0
GB,2017,Unsportsmanlike Conduct,3.0
GB,2018,Defensive Holding,8.0
GB,2018,Defensive Offside,3.0
GB,2018,Defensive Pass Interference,6.0
GB,2018,Delay of Game,7.0
GB,2018,Disqualification,1.0
GB,2018,Face Mask,5.0
GB,2018,False Start,16.0
GB,2018,Illegal Block Above the Waist,4.0
GB,2018,Illegal Contact,1.0
GB,2018,Illegal Crackback,1.0
GB,2018,Illegal Formation,3.0
GB,2018,Illegal Shift,1.0
GB,2018,Illegal Touch Kick,1.0
GB,2018,Intentional Grounding,4.0
GB,2018,Neutral Zone Infraction,4.0
GB,2018,Offensive Holding,23.0
GB,2018,Offensive Pass Interference,2.0
GB,2018,Offside on Free Kick,5.0
GB,2018,Roughing the Kicker,2.0
GB,2018,Roughing the Passer,6.0
GB,2018,Taunting,1.0
GB,2018,Unnecessary Roughness,3.0
GB,2018,Unsportsmanlike Conduct,1.0
GB,2019,Defensive Holding,3.0
GB,2019,Defensive Offside,4.0
GB,2019,Defensive Pass Interference,5.0
GB,2019,Defensive Too Many Men on Field,2.0
GB,2019,Delay of Game,10.0
GB,2019,Encroachment,1.0
GB,2019,Face Mask,1.0
GB,2019,Fair Catch Interference,1.0
GB,2019,False Start,23.0
GB,2019,Illegal Blindside Block,1.0
GB,2019,Illegal Block Above the Waist,4.0
GB,2019,Illegal Double-Team Block,1.0
GB,2019,Illegal Formation,1.0
GB,2019,Illegal Substitution,2.0
GB,2019,Illegal Use of Hands,4.0
GB,2019,Intentional Grounding,1.0
GB,2019,Neutral Zone Infraction,4.0
GB,2019,Offensive Holding,22.0
GB,2019,Offensive Pass Interference,7.0
GB,2019,Offensive Too Many Men on Field,1.0
GB,2019,Offside on Free Kick,1.0
GB,2019,Player Out of Bounds on Kick,1.0
GB,2019,Roughing the Passer,4.0
GB,2019,Unnecessary Roughness,4.0
GB,2019,Unsportsmanlike Conduct,1.0
GB,2020,Chop Block,1.0
GB,2020,Defensive Holding,11.0
GB,2020,Defensive Offside,10.0
GB,2020,Defensive Pass Interference,7.0
GB,2020,Defensive Too Many Men on Field,5.0
GB,2020,Delay of Game,4.0
GB,2020,Encroachment,2.0
GB,2020,Face Mask,2.0
GB,2020,False Start,7.0
GB,2020,Illegal Block Above the Waist,2.0
GB,2020,Illegal Contact,1.0
GB,2020,Illegal Formation,1.0
GB,2020,Illegal Shift,1.0
GB,2020,Illegal Use of Hands,2.0
GB,2020,Intentional Grounding,1.0
GB,2020,Lowering the Head to Initiate Contact,3.0
GB,2020,Neutral Zone Infraction,5.0
GB,2020,Offensive Holding,20.0
GB,2020,Offside on Free Kick,1.0
GB,2020,Roughing the Passer,1.0
GB,2020,Unnecessary Roughness,4.0
GB,2021,Defensive Holding,4.0
GB,2021,Defensive Offside,2.0
GB,2021,Defensive Pass Interference,10.0
GB,2021,Defensive Too Many Men on Field,1.0
GB,2021,Delay of Game,4.0
GB,2021,Face Mask,3.0
GB,2021,False Start,12.0
GB,2021,Illegal Blindside Block,1.0
GB,2021,Illegal Block Above the Waist,3.0
GB,2021,Illegal Crackback,1.0
GB,2021,Illegal Double-Team Block,1.0
GB,2021,Illegal Shift,2.0
GB,2021,Illegal Use of Hands,3.0
GB,2021,Ineligible Downfield Pass,1.0
GB,2021,Kick Catch Interference,1.0
GB,2021,Low Block,2.0
GB,2021,Neutral Zone Infraction,3.0
GB,2021,Offensive Holding,14.0
GB,2021,Offensive Pass Interference,1.0
GB,2021,Roughing the Passer,3.0
GB,2021,Tripping,1.0
GB,2021,Unnecessary Roughness,1.0
GB,2022,Defensive Holding,8.0
GB,2022,Defensive Offside,4.0
GB,2022,Defensive Pass Interference,4.0
GB,2022,Defensive Too Many Men on Field,1.0
GB,2022,Delay of Game,8.0
GB,2022,Disqualification,2.0
GB,2022,Fair Catch Interference,1.0
GB,2022,False Start,9.0
GB,2022,Illegal Block Above the Waist,4.0
GB,2022,Illegal Contact,1.0
GB,2022,Illegal Formation,2.0
GB,2022,Illegal Use of Hands,2.0
GB,2022,Intentional Grounding,1.0
GB,2022,Low Block,2.0
GB,2022,Neutral Zone Infraction,1.0
GB,2022,Offensive Holding,23.0
GB,2022,Offensive Pass Interference,3.0
GB,2022,Player Out of Bounds on Kick,1.0
GB,2022,Roughing the Passer,1.0
GB,2022,Running Into the Kicker,2.0
GB,2022,Unnecessary Roughness,8.0
GB,2022,Unsportsmanlike Conduct,1.0
GB,2023,Defensive Holding,5.0
GB,2023,Defensive Offside,6.0
GB,2023,Defensive Pass Interference,8.0
GB,2023,Delay of Game,10.0
GB,2023,Encroachment,2.0
GB,2023,Face Mask,4.0
GB,2023,False Start,20.0
GB,2023,Horse Collar Tackle,1.0
GB,2023,Illegal Blindside Block,1.0
GB,2023,Illegal Contact,3.0
GB,2023,Illegal Formation,2.0
GB,2023,Illegal Use of Hands,2.0
GB,2023,Ineligible Downfield Pass,2.0
GB,2023,Intentional Grounding,1.0
GB,2023,Kick Catch Interference,1.0
GB,2023,Leaping,1.0
GB,2023,Neutral Zone Infraction,2.0
GB,2023,Offensive Holding,20.0
GB,2023,Offensive Offside,2.0
GB,2023,Offensive Pass Interference,2.0
GB,2023,Offside on Free Kick,1.0
GB,2023,Roughing the Kicker,1.0
GB,2023,Roughing the Passer,3.0
GB,2023,Unnecessary Roughness,10.0
GB,2023,Unsportsmanlike Conduct,2.0
GB,2024,Defensive Holding,8.0
GB,2024,Defensive Offside,9.0
GB,2024,Defensive Pass Interference,4.0
GB,2024,Delay of Game,7.0
GB,2024,Encroachment,3.0
GB,2024,Face Mask,1.0
GB,2024,False Start,18.0
GB,2024,Horse Collar Tackle,1.0
GB,2024,Illegal Block Above the Waist,1.0
GB,2024,Illegal Contact,1.0
GB,2024,Illegal Formation,3.0
GB,2024,Illegal Forward Pass,1.0
GB,2024,Illegal Shift,3.0
GB,2024,Illegal Use of Hands,4.0
GB,2024,Ineligible Downfield Pass,5.0
GB,2024,Neutral Zone Infraction,6.0
GB,2024,Offensive Holding,28.0
GB,2024,Offensive Pass Interference,2.0
GB,2024,Offensive Too Many Men on Field,1.0
GB,2024,Roughing the Passer,2.0
GB,2024,Tripping,2.0
GB,2024,Unnecessary Roughness,8.0
GB,2024,Unsportsmanlike Conduct,2.0
GB,2025,Defensive Holding,7.0
GB,2025,Defensive Offside,7.0
GB,2025,Defensive Pass Interference,10.0
GB,2025,Delay of Game,3.0
GB,2025,Face Mask,6.0
GB,2025,False Start,23.0
GB,2025,Hip Drop Tackle,1.0
GB,2025,Illegal Block Above the Waist,2.0
GB,2025,Illegal Contact,3.0
GB,2025,Illegal Formation,3.0
GB,2025,Illegal Shift,1.0
GB,2025,Illegal Use of Hands,1.0
GB,2025,Ineligible Downfield Pass,2.0
GB,2025,Intentional Grounding,2.0
GB,2025,Kickoff Out of Bounds,1.0
GB,2025,Neutral Zone Infraction,4.0
GB,2025,Offensive Holding,24.0
GB,2025,Offensive Offside,1.0
GB,2025,Offensive Too Many Men on Field,1.0
GB,2025,Roughing the Passer,1.0
GB,2025,Taunting,2.0
GB,2025,Unnecessary Roughness,7.0
HOU,2016,Defensive 12 On-field,3.0
HOU,2016,Defensive Holding,4.0
HOU,2016,Defensive Offside,8.0
HOU,2016,Defensive Pass Interference,18.0
HOU,2016,Delay of Game,4.0
HOU,2016,Face Mask,3.0
HOU,2016,False Start,8.0
HOU,2016,Illegal Block Above the Waist,1.0
HOU,2016,Illegal Contact,1.0
HOU,2016,Illegal Formation,2.0
HOU,2016,Illegal Forward Pass,1.0
HOU,2016,Illegal Use of Hands,3.0
HOU,2016,Ineligible Downfield Kick,1.0
HOU,2016,Intentional Grounding,1.0
HOU,2016,Interference with Opportunity to Catch,1.0
HOU,2016,Neutral Zone Infraction,4.0
HOU,2016,Offensive Holding,20.0
HOU,2016,Offensive Pass Interference,7.0
HOU,2016,Offside on Free Kick,1.0
HOU,2016,Roughing the Passer,1.0
HOU,2016,Running Into the Kicker,1.0
HOU,2016,Taunting,1.0
HOU,2016,Unnecessary Roughness,5.0
HOU,2017,Defensive 12 On-field,2.0
HOU,2017,Defensive Holding,14.0
HOU,2017,Defensive Offside,6.0
HOU,2017,Defensive Pass Interference,11.0
HOU,2017,Delay of Game,2.0
HOU,2017,Encroachment,2.0
HOU,2017,Face Mask,3.0
HOU,2017,False Start,19.0
HOU,2017,Horse Collar Tackle,1.0
HOU,2017,Illegal Blindside Block,1.0
HOU,2017,Illegal Block Above the Waist,2.0
HOU,2017,Illegal Contact,1.0
HOU,2017,Illegal Formation,1.0
HOU,2017,Illegal Shift,2.0
HOU,2017,Illegal Use of Hands,1.0
HOU,2017,Intentional Grounding,1.0
HOU,2017,Leverage,1.0
HOU,2017,Neutral Zone Infraction,8.0
HOU,2017,Offensive Holding,27.0
HOU,2017,Offensive Pass Interference,5.0
HOU,2017,Offside on Free Kick,1.0
HOU,2017,Player Out of Bounds on Punt,1.0
HOU,2017,Roughing the Passer,6.0
HOU,2017,Unnecessary Roughness,4.0
HOU,2017,Unsportsmanlike Conduct,2.0
HOU,2018,Clipping,1.0
HOU,2018,Defensive Holding,11.0
HOU,2018,Defensive Offside,9.0
HOU,2018,Defensive Pass Interference,5.0
HOU,2018,Defensive Too Many Men on Field,1.0
HOU,2018,Delay of Game,4.0
HOU,2018,Encroachment,1.0
HOU,2018,Face Mask,1.0
HOU,2018,False Start,25.0
HOU,2018,Illegal Block Above the Waist,6.0
HOU,2018,Illegal Contact,1.0
HOU,2018,Illegal Formation,4.0
HOU,2018,Illegal Touch Kick,2.0
HOU,2018,Ineligible Downfield Kick,1.0
HOU,2018,Ineligible Downfield Pass,1.0
HOU,2018,Neutral Zone Infraction,12.0
HOU,2018,Offensive Holding,18.0
HOU,2018,Offensive Pass Interference,1.0
HOU,2018,Roughing the Passer,3.0
HOU,2018,Taunting,1.0
HOU,2018,Unnecessary Roughness,3.0
HOU,2018,Unsportsmanlike Conduct,2.0
HOU,2019,Chop Block,1.0
HOU,2019,Defensive Holding,11.0
HOU,2019,Defensive Offside,3.0
HOU,2019,Defensive Pass Interference,10.0
HOU,2019,Defensive Too Many Men on Field,2.0
HOU,2019,Delay of Game,6.0
HOU,2019,Face Mask,2.0
HOU,2019,False Start,32.0
HOU,2019,Horse Collar Tackle,1.0
HOU,2019,Illegal Blindside Block,3.0
HOU,2019,Illegal Block Above the Waist,4.0
HOU,2019,Illegal Contact,2.0
HOU,2019,Illegal Formation,5.0
HOU,2019,Illegal Shift,2.0
HOU,2019,Illegal Substitution,1.0
HOU,2019,Illegal Use of Hands,1.0
HOU,2019,Ineligible Downfield Pass,2.0
HOU,2019,Neutral Zone Infraction,7.0
HOU,2019,Offensive Holding,16.0
HOU,2019,Offensive Too Many Men on Field,1.0
HOU,2019,Roughing the Passer,2.0
HOU,2019,Tripping,1.0
HOU,2019,Unnecessary Roughness,5.0
HOU,2019,Unsportsmanlike Conduct,2.0
HOU,2020,Chop Block,1.0
HOU,2020,Defensive Holding,3.0
HOU,2020,Defensive Pass Interference,9.0
HOU,2020,Delay of Game,8.0
HOU,2020,Disqualification,1.0
HOU,2020,Encroachment,1.0
HOU,2020,Face Mask,1.0
HOU,2020,False Start,18.0
HOU,2020,Horse Collar Tackle,1.0
HOU,2020,Illegal Contact,3.0
HOU,2020,Illegal Formation,2.0
HOU,2020,Illegal Use of Hands,2.0
HOU,2020,Ineligible Downfield Pass,2.0
HOU,2020,Lowering the Head to Initiate Contact,1.0
HOU,2020,Neutral Zone Infraction,7.0
HOU,2020,Offensive Holding,16.0
HOU,2020,Offensive Pass Interference,1.0
HOU,2020,Roughing the Passer,1.0
HOU,2020,Unnecessary Roughness,2.0
HOU,2021,Chop Block,1.0
HOU,2021,Defensive Delay of Game,1.0
HOU,2021,Defensive Holding,6.0
HOU,2021,Defensive Offside,7.0
HOU,2021,Defensive Pass Interference,5.0
HOU,2021,Delay of Game,6.0
HOU,2021,Encroachment,1.0
HOU,2021,Face Mask,3.0
HOU,2021,False Start,16.0
HOU,2021,Horse Collar Tackle,1.0
HOU,2021,Illegal Block Above the Waist,3.0
HOU,2021,Illegal Contact,1.0
HOU,2021,Illegal Formation,5.0
HOU,2021,Illegal Motion,1.0
HOU,2021,Illegal Shift,1.0
HOU,2021,Illegal Use of Hands,3.0
HOU,2021,Ineligible Downfield Kick,2.0
HOU,2021,Intentional Grounding,1.0
HOU,2021,Leverage,1.0
HOU,2021,Low Block,1.0
HOU,2021,Neutral Zone Infraction,4.0
HOU,2021,Offensive Holding,26.0
HOU,2021,Offensive Pass Interference,4.0
HOU,2021,Offside on Free Kick,1.0
HOU,2021,Roughing the Passer,5.0
HOU,2021,Taunting,1.0
HOU,2021,Unnecessary Roughness,7.0
HOU,2022,Defensive Holding,10.0
HOU,2022,Defensive Offside,6.0
HOU,2022,Defensive Pass Interference,6.0
HOU,2022,Defensive Too Many Men on Field,2.0
HOU,2022,Delay of Game,4.0
HOU,2022,Encroachment,1.0
HOU,2022,Face Mask,4.0
HOU,2022,False Start,19.0
HOU,2022,Illegal Block Above the Waist,5.0
HOU,2022,Illegal Contact,1.0
HOU,2022,Illegal Shift,1.0
HOU,2022,Illegal Substitution,1.0
HOU,2022,Illegal Use of Hands,1.0
HOU,2022,Low Block,1.0
HOU,2022,Neutral Zone Infraction,6.0
HOU,2022,Offensive Holding,15.0
HOU,2022,Offside on Free Kick,1.0
HOU,2022,Unnecessary Roughness,4.0
HOU,2023,Defensive Holding,2.0
HOU,2023,Defensive Offside,4.0
HOU,2023,Defensive Pass Interference,14.0
HOU,2023,Defensive Too Many Men on Field,3.0
HOU,2023,Delay of Game,4.0
HOU,2023,Encroachment,6.0
HOU,2023,Face Mask,4.0
HOU,2023,Fair Catch Interference,1.0
HOU,2023,False Start,25.0
HOU,2023,Illegal Bat,1.0
HOU,2023,Illegal Block Above the Waist,2.0
HOU,2023,Illegal Contact,3.0
HOU,2023,Illegal Formation,4.0
HOU,2023,Illegal Shift,2.0
HOU,2023,Illegal Touch Pass,1.0
HOU,2023,Illegal Use of Hands,2.0
HOU,2023,Ineligible Downfield Pass,2.0
HOU,2023,Intentional Grounding,3.0
HOU,2023,Low Block,1.0
HOU,2023,Lowering the Head to Make Forcible Contact,1.0
HOU,2023,Neutral Zone Infraction,4.0
HOU,2023,Offensive Holding,23.0
HOU,2023,Offensive Offside,2.0
HOU,2023,Offensive Pass Interference,1.0
HOU,2023,Roughing the Passer,2.0
HOU,2023,Tripping,1.0
HOU,2023,Unnecessary Roughness,8.0
HOU,2023,Unsportsmanlike Conduct,2.0
HOU,2024,Defensive Holding,9.0
HOU,2024,Defensive Offside,4.0
HOU,2024,Defensive Pass Interference,5.0
HOU,2024,Delay of Game,8.0
HOU,2024,Encroachment,3.0
HOU,2024,Face Mask,3.0
HOU,2024,Fair Catch Interference,1.0
HOU,2024,False Start,25.0
HOU,2024,Illegal Blindside Block,1.0
HOU,2024,Illegal Contact,5.0
HOU,2024,Illegal Formation,4.0
HOU,2024,Illegal Motion,1.0
HOU,2024,Illegal Shift,3.0
HOU,2024,Illegal Touch Kick,1.0
HOU,2024,Illegal Use of Hands,3.0
HOU,2024,Ineligible Downfield Pass,3.0
HOU,2024,Intentional Grounding,1.0
HOU,2024,Kick Catch Interference,1.0
HOU,2024,Low Block,1.0
HOU,2024,Offensive Holding,26.0
HOU,2024,Offensive Offside,1.0
HOU,2024,Offensive Pass Interference,2.0
HOU,2024,Player Out of Bounds on Kick,1.0
HOU,2024,Roughing the Passer,5.0
HOU,2024,Taunting,2.0
HOU,2024,Tripping,1.0
HOU,2024,Unnecessary Roughness,11.0
HOU,2024,Unsportsmanlike Conduct,2.0
HOU,2025,Defensive Holding,2.0
HOU,2025,Defensive Offside,7.0
HOU,2025,Defensive Pass Interference,11.0
HOU,2025,Defensive Too Many Men on Field,1.0
HOU,2025,Delay of Game,6.0
HOU,2025,Encroachment,1.0
HOU,2025,Face Mask,6.0
HOU,2025,False Start,18.0
HOU,2025,Illegal Blindside Block,2.0
HOU,2025,Illegal Contact,5.0
HOU,2025,Illegal Formation,4.0
HOU,2025,Illegal Forward Pass,1.0
HOU,2025,Illegal Shift,7.0
HOU,2025,Illegal Use of Hands,7.0
HOU,2025,Ineligible Downfield Pass,4.0
HOU,2025,Intentional Grounding,1.0
HOU,2025,Kickoff Short of Landing Zone,1.0
HOU,2025,Leverage,1.0
HOU,2025,Neutral Zone Infraction,2.0
HOU,2025,Offensive Holding,26.0
HOU,2025,Offensive Offside,2.0
HOU,2025,Offensive Pass Interference,3.0
HOU,2025,Roughing the Passer,1.0
HOU,2025,Taunting,1.0
HOU,2025,Tripping,1.0
HOU,2025,Unnecessary Roughness,7.0
IND,2016,Defensive 12 On-field,2.0
IND,2016,Defensive Holding,6.0
IND,2016,Defensive Pass Interference,16.0
IND,2016,Delay of Game,5.0
IND,2016,Face Mask,3.0
IND,2016,False Start,22.0
IND,2016,Illegal Block Above the Waist,2.0
IND,2016,Illegal Contact,1.0
IND,2016,Illegal Formation,4.0
IND,2016,Illegal Forward Pass,1.0
IND,2016,Illegal Shift,1.0
IND,2016,Illegal Use of Hands,2.0
IND,2016,Ineligible Downfield Pass,1.0
IND,2016,Intentional Grounding,1.0
IND,2016,Interference with Opportunity to Catch,1.0
IND,2016,Neutral Zone Infraction,1.0
IND,2016,Offensive Holding,17.0
IND,2016,Offensive Pass Interference,1.0
IND,2016,Player Out of Bounds on Punt,1.0
IND,2016,Roughing the Passer,2.0
IND,2016,Running Into the Kicker,2.0
IND,2016,Unnecessary Roughness,10.0
IND,2017,Defensive 12 On-field,2.0
IND,2017,Defensive Holding,8.0
IND,2017,Defensive Offside,6.0
IND,2017,Defensive Pass Interference,6.0
IND,2017,Encroachment,1.0
IND,2017,Face Mask,2.0
IND,2017,Fair Catch Interference,1.0
IND,2017,False Start,21.0
IND,2017,Horse Collar Tackle,4.0
IND,2017,Illegal Block Above the Waist,4.0
IND,2017,Illegal Contact,1.0
IND,2017,Illegal Formation,2.0
IND,2017,Illegal Use of Hands,2.0
IND,2017,Ineligible Downfield Pass,1.0
IND,2017,Intentional Grounding,2.0
IND,2017,Low Block,1.0
IND,2017,Neutral Zone Infraction,1.0
IND,2017,Offensive Holding,13.0
IND,2017,Offensive Pass Interference,3.0
IND,2017,Roughing the Passer,5.0
IND,2017,Unnecessary Roughness,5.0
IND,2017,Unsportsmanlike Conduct,1.0
IND,2018,Defensive Holding,7.0
IND,2018,Defensive Offside,9.0
IND,2018,Defensive Pass Interference,5.0
IND,2018,Defensive Too Many Men on Field,1.0
IND,2018,Delay of Game,1.0
IND,2018,Encroachment,5.0
IND,2018,Face Mask,1.0
IND,2018,False Start,19.0
IND,2018,Horse Collar Tackle,2.0
IND,2018,Illegal Block Above the Waist,7.0
IND,2018,Illegal Formation,4.0
IND,2018,Illegal Motion,1.0
IND,2018,Illegal Shift,2.0
IND,2018,Illegal Substitution,1.0
IND,2018,Illegal Use of Hands,2.0
IND,2018,Illegal Wedge,1.0
IND,2018,Ineligible Downfield Pass,1.0
IND,2018,Intentional Grounding,2.0
IND,2018,Low Block,1.0
IND,2018,Lowering the Head to Initiate Contact,1.0
IND,2018,Neutral Zone Infraction,9.0
IND,2018,Offensive Holding,32.0
IND,2018,Offensive Pass Interference,3.0
IND,2018,Offensive Too Many Men on Field,1.0
IND,2018,Roughing the Kicker,1.0
IND,2018,Roughing the Passer,2.0
IND,2018,Running Into the Kicker,2.0
IND,2018,Taunting,1.0
IND,2018,Tripping,1.0
IND,2018,Unnecessary Roughness,6.0
IND,2018,Unsportsmanlike Conduct,1.0
IND,2019,Defensive Holding,8.0
IND,2019,Defensive Offside,3.0
IND,2019,Defensive Pass Interference,7.0
IND,2019,Delay of Game,3.0
IND,2019,False Start,11.0
IND,2019,Illegal Blindside Block,1.0
IND,2019,Illegal Block Above the Waist,6.0
IND,2019,Illegal Contact,1.0
IND,2019,Illegal Double-Team Block,1.0
IND,2019,Illegal Shift,1.0
IND,2019,Illegal Use of Hands,2.0
IND,2019,Ineligible Downfield Pass,3.0
IND,2019,Neutral Zone Infraction,1.0
IND,2019,Offensive Holding,19.0
IND,2019,Offensive Pass Interference,2.0
IND,2019,Offensive Too Many Men on Field,1.0
IND,2019,Player Out of Bounds on Kick,1.0
IND,2019,Roughing the Passer,3.0
IND,2019,Unnecessary Roughness,5.0
IND,2020,Defensive Holding,4.0
IND,2020,Defensive Offside,7.0
IND,2020,Defensive Pass Interference,10.0
IND,2020,Delay of Game,4.0
IND,2020,Disqualification,2.0
IND,2020,Encroachment,1.0
IND,2020,Face Mask,1.0
IND,2020,False Start,9.0
IND,2020,Horse Collar Tackle,2.0
IND,2020,Illegal Block Above the Waist,5.0
IND,2020,Illegal Contact,3.0
IND,2020,Illegal Crackback,1.0
IND,2020,Illegal Formation,1.0
IND,2020,Illegal Use of Hands,2.0
IND,2020,Ineligible Downfield Pass,1.0
IND,2020,Intentional Grounding,2.0
IND,2020,Lowering the Head to Initiate Contact,2.0
IND,2020,Neutral Zone Infraction,7.0
IND,2020,Offensive Holding,20.0
IND,2020,Offensive Pass Interference,3.0
IND,2020,Roughing the Passer,2.0
IND,2020,Taunting,1.0
IND,2020,Tripping,2.0
IND,2020,Unnecessary Roughness,4.0
IND,2021,Defensive Holding,2.0
IND,2021,Defensive Pass Interference,8.0
IND,2021,Defensive Too Many Men on Field,1.0
IND,2021,Delay of Game,3.0
IND,2021,Face Mask,2.0
IND,2021,False Start,17.0
IND,2021,Illegal Formation,3.0
IND,2021,Illegal Forward Pass,1.0
IND,2021,Illegal Use of Hands,1.0
IND,2021,Ineligible Downfield Pass,1.0
IND,2021,Intentional Grounding,1.0
IND,2021,Neutral Zone Infraction,3.0
IND,2021,Offensive Holding,21.0
IND,2021,Offensive Pass Interference,3.0
IND,2021,Offensive Too Many Men on Field,1.0
IND,2021,Roughing the Kicker,1.0
IND,2021,Roughing the Passer,3.0
IND,2021,Unnecessary Roughness,3.0
IND,2022,Defensive Delay of Game,1.0
IND,2022,Defensive Holding,10.0
IND,2022,Defensive Offside,5.0
IND,2022,Defensive Pass Interference,8.0
IND,2022,Delay of Game,4.0
IND,2022,Face Mask,1.0
IND,2022,False Start,17.0
IND,2022,Illegal Blindside Block,1.0
IND,2022,Illegal Use of Hands,3.0
IND,2022,Ineligible Downfield Pass,5.0
IND,2022,Intentional Grounding,1.0
IND,2022,Neutral Zone Infraction,1.0
IND,2022,Offensive Holding,19.0
IND,2022,Offensive Pass Interference,1.0
IND,2022,Offside on Free Kick,1.0
IND,2022,Roughing the Passer,4.0
IND,2022,Running Into the Kicker,1.0
IND,2022,Taunting,1.0
IND,2022,Tripping,1.0
IND,2022,Unnecessary Roughness,4.0
IND,2023,Defensive Delay of Game,1.0
IND,2023,Defensive Holding,6.0
IND,2023,Defensive Offside,7.0
IND,2023,Defensive Pass Interference,7.0
IND,2023,Defensive Too Many Men on Field,1.0
IND,2023,Delay of Game,6.0
IND,2023,Encroachment,1.0
IND,2023,False Start,20.0
IND,2023,Horse Collar Tackle,1.0
IND,2023,Illegal Blindside Block,1.0
IND,2023,Illegal Block Above the Waist,1.0
IND,2023,Illegal Contact,2.0
IND,2023,Illegal Formation,1.0
IND,2023,Illegal Use of Hands,1.0
IND,2023,Ineligible Downfield Pass,3.0
IND,2023,Leverage,1.0
IND,2023,Neutral Zone Infraction,8.0
IND,2023,Offensive Holding,15.0
IND,2023,Offensive Pass Interference,2.0
IND,2023,Roughing the Kicker,1.0
IND,2023,Roughing the Passer,2.0
IND,2023,Taunting,1.0
IND,2023,Tripping,1.0
IND,2023,Unnecessary Roughness,5.0
IND,2024,Chop Block,1.0
IND,2024,Defensive Delay of Game,1.0
IND,2024,Defensive Holding,8.0
IND,2024,Defensive Offside,6.0
IND,2024,Defensive Pass Interference,6.0
IND,2024,Defensive Too Many Men on Field,1.0
IND,2024,Delay of Game,4.0
IND,2024,Encroachment,3.0
IND,2024,Face Mask,2.0
IND,2024,Fair Catch Interference,1.0
IND,2024,False Start,18.0
IND,2024,Illegal Block Above the Waist,1.0
IND,2024,Illegal Contact,1.0
IND,2024,Illegal Formation,5.0
IND,2024,Illegal Shift,2.0
IND,2024,Illegal Use of Hands,1.0
IND,2024,Ineligible Downfield Kick,1.0
IND,2024,Ineligible Downfield Pass,2.0
IND,2024,Intentional Grounding,1.0
IND,2024,Neutral Zone Infraction,1.0
IND,2024,Offensive Holding,14.0
IND,2024,Offensive Pass Interference,3.0
IND,2024,Player Out of Bounds on Kick,1.0
IND,2024,Roughing the Kicker,1.0
IND,2024,Roughing the Passer,3.0
IND,2024,Unnecessary Roughness,2.0
IND,2024,Unsportsmanlike Conduct,2.0
IND,2025,Chop Block,1.0
IND,2025,Defensive Holding,7.0
IND,2025,Defensive Offside,2.0
IND,2025,Defensive Pass Interference,9.0
IND,2025,Delay of Game,8.0
IND,2025,Disqualification,1.0
IND,2025,Encroachment,2.0
IND,2025,Face Mask,5.0
IND,2025,False Start,11.0
IND,2025,Illegal Contact,3.0
IND,2025,Illegal Formation,6.0
IND,2025,Illegal Shift,1.0
IND,2025,Illegal Use of Hands,1.0
IND,2025,Ineligible Downfield Pass,1.0
IND,2025,Intentional Grounding,1.0
IND,2025,Kick Catch Interference,1.0
IND,2025,Kickoff Out of Bounds,1.0
IND,2025,Kickoff Short of Landing Zone,2.0
IND,2025,Neutral Zone Infraction,1.0
IND,2025,Offensive Holding,22.0
IND,2025,Offensive Offside,1.0
IND,2025,Offensive Pass Interference,4.0
IND,2025,Roughing the Passer,3.0
IND,2025,Tripping,1.0
IND,2025,Unnecessary Roughness,6.0
IND,2025,Unsportsmanlike Conduct,1.0
JAX,2016,Defensive 12 On-field,2.0
JAX,2016,Defensive Holding,8.0
JAX,2016,Defensive Offside,8.0
JAX,2016,Defensive Pass Interference,9.0
JAX,2016,Delay of Game,6.0
JAX,2016,Disqualification,1.0
JAX,2016,Encroachment,1.0
JAX,2016,Face Mask,2.0
JAX,2016,False Start,20.0
JAX,2016,Illegal Block Above the Waist,5.0
JAX,2016,Illegal Contact,1.0
JAX,2016,Illegal Formation,2.0
JAX,2016,Illegal Touch Kick,1.0
JAX,2016,Illegal Use of Hands,3.0
JAX,2016,Interference with Opportunity to Catch,2.0
JAX,2016,Low Block,1.0
JAX,2016,Neutral Zone Infraction,5.0
JAX,2016,Offensive Holding,29.0
JAX,2016,Offside on Free Kick,1.0
JAX,2016,Roughing the Kicker,1.0
JAX,2016,Roughing the Passer,4.0
JAX,2016,Running Into the Kicker,1.0
JAX,2016,Unnecessary Roughness,10.0
JAX,2016,Unsportsmanlike Conduct,4.0
JAX,2017,Defensive 12 On-field,3.0
JAX,2017,Defensive Holding,3.0
JAX,2017,Defensive Offside,7.0
JAX,2017,Defensive Pass Interference,7.0
JAX,2017,Delay of Game,5.0
JAX,2017,Face Mask,3.0
JAX,2017,False Start,24.0
JAX,2017,Horse Collar Tackle,1.0
JAX,2017,Illegal Blindside Block,1.0
JAX,2017,Illegal Block Above the Waist,7.0
JAX,2017,Illegal Contact,1.0
JAX,2017,Illegal Crackback,1.0
JAX,2017,Illegal Formation,1.0
JAX,2017,Illegal Motion,1.0
JAX,2017,Illegal Shift,4.0
JAX,2017,Illegal Use of Hands,7.0
JAX,2017,Neutral Zone Infraction,5.0
JAX,2017,Offensive 12 On-field,1.0
JAX,2017,Offensive Holding,17.0
JAX,2017,Offensive Pass Interference,5.0
JAX,2017,Offside on Free Kick,2.0
JAX,2017,Player Out of Bounds on Punt,1.0
JAX,2017,Roughing the Passer,3.0
JAX,2017,Taunting,4.0
JAX,2017,Unnecessary Roughness,7.0
JAX,2017,Unsportsmanlike Conduct,5.0
JAX,2018,Defensive Holding,7.0
JAX,2018,Defensive Offside,3.0
JAX,2018,Defensive Pass Interference,5.0
JAX,2018,Defensive Too Many Men on Field,2.0
JAX,2018,Delay of Game,6.0
JAX,2018,Encroachment,1.0
JAX,2018,Face Mask,8.0
JAX,2018,Fair Catch Interference,1.0
JAX,2018,False Start,14.0
JAX,2018,Illegal Block Above the Waist,7.0
JAX,2018,Illegal Contact,1.0
JAX,2018,Illegal Formation,3.0
JAX,2018,Illegal Motion,2.0
JAX,2018,Illegal Shift,2.0
JAX,2018,Illegal Use of Hands,2.0
JAX,2018,Kick Catch Interference,1.0
JAX,2018,Leverage,1.0
JAX,2018,Lowering the Head to Initiate Contact,3.0
JAX,2018,Neutral Zone Infraction,5.0
JAX,2018,Offensive Holding,24.0
JAX,2018,Offensive Pass Interference,3.0
JAX,2018,Offensive Too Many Men on Field,1.0
JAX,2018,Offside on Free Kick,1.0
JAX,2018,Roughing the Passer,2.0
JAX,2018,Running Into the Kicker,1.0
JAX,2018,Taunting,3.0
JAX,2018,Unnecessary Roughness,11.0
JAX,2018,Unsportsmanlike Conduct,1.0
JAX,2019,Defensive Holding,5.0
JAX,2019,Defensive Offside,4.0
JAX,2019,Defensive Pass Interference,11.0
JAX,2019,Delay of Game,1.0
JAX,2019,Encroachment,2.0
JAX,2019,Face Mask,6.0
JAX,2019,False Start,18.0
JAX,2019,Horse Collar Tackle,1.0
JAX,2019,Illegal Blindside Block,1.0
JAX,2019,Illegal Block Above the Waist,9.0
JAX,2019,Illegal Contact,1.0
JAX,2019,Illegal Double-Team Block,1.0
JAX,2019,Illegal Formation,2.0
JAX,2019,Illegal Forward Pass,2.0
JAX,2019,Illegal Touch Kick,1.0
JAX,2019,Illegal Use of Hands,3.0
JAX,2019,Ineligible Downfield Pass,3.0
JAX,2019,Intentional Grounding,1.0
JAX,2019,Lowering the Head to Initiate Contact,2.0
JAX,2019,Neutral Zone Infraction,8.0
JAX,2019,Offensive Holding,36.0
JAX,2019,Offensive Pass Interference,4.0
JAX,2019,Roughing the Passer,5.0
JAX,2019,Running Into the Kicker,1.0
JAX,2019,Taunting,1.0
JAX,2019,Unnecessary Roughness,3.0
JAX,2020,Chop Block,1.0
JAX,2020,Defensive Holding,8.0
JAX,2020,Defensive Offside,7.0
JAX,2020,Defensive Pass Interference,18.0
JAX,2020,Delay of Game,2.0
JAX,2020,Disqualification,2.0
JAX,2020,Encroachment,3.0
JAX,2020,Face Mask,2.0
JAX,2020,False Start,15.0
JAX,2020,Horse Collar Tackle,1.0
JAX,2020,Illegal Blindside Block,1.0
JAX,2020,Illegal Block Above the Waist,3.0
JAX,2020,Illegal Contact,1.0
JAX,2020,Illegal Formation,2.0
JAX,2020,Illegal Shift,1.0
JAX,2020,Ineligible Downfield Kick,1.0
JAX,2020,Intentional Grounding,2.0
JAX,2020,Lowering the Head to Initiate Contact,5.0
JAX,2020,Neutral Zone Infraction,7.0
JAX,2020,Offensive Holding,12.0
JAX,2020,Offensive Pass Interference,2.0
JAX,2020,Offensive Too Many Men on Field,1.0
JAX,2020,Player Out of Bounds on Kick,1.0
JAX,2020,Roughing the Passer,5.0
JAX,2020,Unnecessary Roughness,4.0
JAX,2021,Clipping,1.0
JAX,2021,Defensive Holding,5.0
JAX,2021,Defensive Offside,3.0
JAX,2021,Defensive Pass Interference,4.0
JAX,2021,Defensive Too Many Men on Field,1.0
JAX,2021,Delay of Game,6.0
JAX,2021,Disqualification,1.0
JAX,2021,Encroachment,1.0
JAX,2021,Face Mask,3.0
JAX,2021,False Start,26.0
JAX,2021,Illegal Blindside Block,1.0
JAX,2021,Illegal Block Above the Waist,2.0
JAX,2021,Illegal Formation,2.0
JAX,2021,Illegal Motion,1.0
JAX,2021,Illegal Use of Hands,1.0
JAX,2021,Leverage,1.0
JAX,2021,Low Block,1.0
JAX,2021,Neutral Zone Infraction,1.0
JAX,2021,Offensive Holding,21.0
JAX,2021,Offensive Pass Interference,4.0
JAX,2021,Offensive Too Many Men on Field,3.0
JAX,2021,Roughing the Passer,7.0
JAX,2021,Running Into the Kicker,1.0
JAX,2021,Taunting,3.0
JAX,2021,Unnecessary Roughness,3.0
JAX,2021,Unsportsmanlike Conduct,1.0
JAX,2022,Defensive Holding,10.0
JAX,2022,Defensive Offside,5.0
JAX,2022,Defensive Pass Interference,7.0
JAX,2022,Defensive Too Many Men on Field,3.0
JAX,2022,Delay of Game,4.0
JAX,2022,Encroachment,2.0
JAX,2022,Face Mask,2.0
JAX,2022,False Start,21.0
JAX,2022,Illegal Block Above the Waist,3.0
JAX,2022,Illegal Contact,1.0
JAX,2022,Illegal Formation,1.0
JAX,2022,Illegal Shift,1.0
JAX,2022,Ineligible Downfield Pass,4.0
JAX,2022,Intentional Grounding,3.0
JAX,2022,Neutral Zone Infraction,3.0
JAX,2022,Offensive Holding,14.0
JAX,2022,Offensive Pass Interference,1.0
JAX,2022,Offensive Too Many Men on Field,2.0
JAX,2022,Offside on Free Kick,1.0
JAX,2022,Roughing the Kicker,1.0
JAX,2022,Roughing the Passer,4.0
JAX,2022,Tripping,1.0
JAX,2022,Unnecessary Roughness,4.0
JAX,2023,Defensive Holding,3.0
JAX,2023,Defensive Offside,5.0
JAX,2023,Defensive Pass Interference,1.0
JAX,2023,Defensive Too Many Men on Field,1.0
JAX,2023,Delay of Game,7.0
JAX,2023,Encroachment,2.0
JAX,2023,Face Mask,3.0
JAX,2023,Fair Catch Interference,1.0
JAX,2023,False Start,26.0
JAX,2023,Horse Collar Tackle,1.0
JAX,2023,Illegal Block Above the Waist,1.0
JAX,2023,Illegal Contact,1.0
JAX,2023,Illegal Formation,3.0
JAX,2023,Illegal Use of Hands,1.0
JAX,2023,Ineligible Downfield Pass,1.0
JAX,2023,Intentional Grounding,2.0
JAX,2023,Neutral Zone Infraction,2.0
JAX,2023,Offensive Holding,12.0
JAX,2023,Player Out of Bounds on Kick,1.0
JAX,2023,Roughing the Passer,3.0
JAX,2023,Unnecessary Roughness,6.0
JAX,2024,Defensive Delay of Game,1.0
JAX,2024,Defensive Holding,5.0
JAX,2024,Defensive Offside,10.0
JAX,2024,Defensive Pass Interference,11.0
JAX,2024,Defensive Too Many Men on Field,2.0
JAX,2024,Delay of Game,3.0
JAX,2024,Face Mask,2.0
JAX,2024,False Start,21.0
JAX,2024,Illegal Block Above the Waist,3.0
JAX,2024,Illegal Contact,4.0
JAX,2024,Illegal Formation,3.0
JAX,2024,Illegal Motion,1.0
JAX,2024,Illegal Shift,2.0
JAX,2024,Illegal Use of Hands,4.0
JAX,2024,Intentional Grounding,1.0
JAX,2024,Neutral Zone Infraction,1.0
JAX,2024,Offensive Holding,13.0
JAX,2024,Offensive Pass Interference,3.0
JAX,2024,Roughing the Passer,3.0
JAX,2024,Unnecessary Roughness,5.0
JAX,2024,Unsportsmanlike Conduct,1.0
JAX,2025,Defensive Holding,9.0
JAX,2025,Defensive Pass Interference,13.0
JAX,2025,Defensive Too Many Men on Field,1.0
JAX,2025,Delay of Game,4.0
JAX,2025,False Start,27.0
JAX,2025,Illegal Blindside Block,1.0
JAX,2025,Illegal Block Above the Waist,5.0
JAX,2025,Illegal Contact,5.0
JAX,2025,Illegal Double-Team Block,1.0
JAX,2025,Illegal Formation,3.0
JAX,2025,Illegal Forward Pass,2.0
JAX,2025,Illegal Motion,2.0
JAX,2025,Illegal Shift,2.0
JAX,2025,Illegal Use of Hands,2.0
JAX,2025,Ineligible Downfield Pass,1.0
JAX,2025,Intentional Grounding,3.0
JAX,2025,Kick Catch Interference,1.0
JAX,2025,Kickoff Out of Bounds,2.0
JAX,2025,Kickoff Short of Landing Zone,1.0
JAX,2025,Low Block,1.0
JAX,2025,Neutral Zone Infraction,3.0
JAX,2025,Offensive Holding,23.0
JAX,2025,Offensive Offside,2.0
JAX,2025,Offensive Pass Interference,1.0
JAX,2025,Roughing the Passer,4.0
JAX,2025,Taunting,1.0
JAX,2025,Unnecessary Roughness,9.0
KC,2016,Defensive 12 On-field,2.0
KC,2016,Defensive Holding,5.0
KC,2016,Defensive Offside,6.0
KC,2016,Defensive Pass Interference,10.0
KC,2016,Delay of Game,5.0
KC,2016,Encroachment,3.0
KC,2016,Face Mask,3.0
KC,2016,False Start,30.0
KC,2016,Illegal Block Above the Waist,6.0
KC,2016,Illegal Contact,3.0
KC,2016,Illegal Formation,2.0
KC,2016,Illegal Forward Pass,1.0
KC,2016,Illegal Shift,1.0
KC,2016,Illegal Use of Hands,3.0
KC,2016,Ineligible Downfield Pass,1.0
KC,2016,Neutral Zone Infraction,4.0
KC,2016,Offensive Holding,18.0
KC,2016,Offensive Pass Interference,2.0
KC,2016,Roughing the Passer,1.0
KC,2016,Taunting,1.0
KC,2016,Unnecessary Roughness,5.0
KC,2016,Unsportsmanlike Conduct,2.0
KC,2017,Chop Block,1.0
KC,2017,Defensive 12 On-field,3.0
KC,2017,Defensive Holding,13.0
KC,2017,Defensive Offside,2.0
KC,2017,Defensive Pass Interference,13.0
KC,2017,Delay of Game,6.0
KC,2017,Encroachment,2.0
KC,2017,Face Mask,2.0
KC,2017,False Start,20.0
KC,2017,Illegal Block Above the Waist,3.0
KC,2017,Illegal Contact,1.0
KC,2017,Illegal Formation,1.0
KC,2017,Illegal Shift,1.0
KC,2017,Illegal Use of Hands,3.0
KC,2017,Ineligible Downfield Kick,1.0
KC,2017,Ineligible Downfield Pass,3.0
KC,2017,Interference with Opportunity to Catch,1.0
KC,2017,Leverage,1.0
KC,2017,Neutral Zone Infraction,1.0
KC,2017,Offensive Holding,27.0
KC,2017,Offensive Pass Interference,1.0
KC,2017,Offside on Free Kick,2.0
KC,2017,Roughing the Passer,5.0
KC,2017,Taunting,1.0
KC,2017,Unnecessary Roughness,6.0
KC,2017,Unsportsmanlike Conduct,4.0
KC,2018,Defensive Holding,16.0
KC,2018,Defensive Offside,6.0
KC,2018,Defensive Pass Interference,15.0
KC,2018,Defensive Too Many Men on Field,3.0
KC,2018,Delay of Game,1.0
KC,2018,Disqualification,1.0
KC,2018,Encroachment,5.0
KC,2018,Face Mask,1.0
KC,2018,False Start,27.0
KC,2018,Illegal Block Above the Waist,10.0
KC,2018,Illegal Crackback,1.0
KC,2018,Illegal Formation,2.0
KC,2018,Illegal Forward Pass,1.0
KC,2018,Illegal Shift,2.0
KC,2018,Illegal Use of Hands,5.0
KC,2018,Intentional Grounding,3.0
KC,2018,Lowering the Head to Initiate Contact,1.0
KC,2018,Neutral Zone Infraction,4.0
KC,2018,Offensive Holding,25.0
KC,2018,Offensive Pass Interference,2.0
KC,2018,Roughing the Kicker,1.0
KC,2018,Roughing the Passer,3.0
KC,2018,Taunting,3.0
KC,2018,Unnecessary Roughness,5.0
KC,2018,Unsportsmanlike Conduct,4.0
KC,2019,Defensive Holding,18.0
KC,2019,Defensive Offside,4.0
KC,2019,Defensive Pass Interference,11.0
KC,2019,Defensive Too Many Men on Field,2.0
KC,2019,Delay of Game,1.0
KC,2019,Encroachment,2.0
KC,2019,Face Mask,5.0
KC,2019,False Start,12.0
KC,2019,Illegal Blindside Block,3.0
KC,2019,Illegal Block Above the Waist,7.0
KC,2019,Illegal Contact,1.0
KC,2019,Illegal Crackback,1.0
KC,2019,Illegal Double-Team Block,2.0
KC,2019,Illegal Formation,3.0
KC,2019,Illegal Shift,2.0
KC,2019,Illegal Use of Hands,5.0
KC,2019,Intentional Grounding,2.0
KC,2019,Lowering the Head to Initiate Contact,3.0
KC,2019,Neutral Zone Infraction,7.0
KC,2019,Offensive Holding,23.0
KC,2019,Offensive Pass Interference,4.0
KC,2019,Roughing the Passer,1.0
KC,2019,Taunting,1.0
KC,2019,Unnecessary Roughness,4.0
KC,2020,Defensive Holding,10.0
KC,2020,Defensive Offside,6.0
KC,2020,Defensive Pass Interference,17.0
KC,2020,Delay of Game,1.0
KC,2020,Face Mask,4.0
KC,2020,False Start,24.0
KC,2020,Illegal Block Above the Waist,2.0
KC,2020,Illegal Contact,1.0
KC,2020,Illegal Crackback,1.0
KC,2020,Illegal Double-Team Block,1.0
KC,2020,Illegal Motion,1.0
KC,2020,Illegal Shift,1.0
KC,2020,Illegal Touch Pass,1.0
KC,2020,Illegal Use of Hands,5.0
KC,2020,Ineligible Downfield Pass,1.0
KC,2020,Lowering the Head to Initiate Contact,1.0
KC,2020,Neutral Zone Infraction,2.0
KC,2020,Offensive Holding,26.0
KC,2020,Offensive Pass Interference,3.0
KC,2020,Offside on Free Kick,2.0
KC,2020,Roughing the Passer,6.0
KC,2020,Unnecessary Roughness,6.0
KC,2020,Unsportsmanlike Conduct,4.0
KC,2021,Defensive Holding,4.0
KC,2021,Defensive Offside,9.0
KC,2021,Defensive Pass Interference,13.0
KC,2021,Delay of Game,1.0
KC,2021,Encroachment,2.0
KC,2021,Face Mask,3.0
KC,2021,False Start,19.0
KC,2021,Horse Collar Tackle,1.0
KC,2021,Illegal Blindside Block,1.0
KC,2021,Illegal Contact,2.0
KC,2021,Illegal Double-Team Block,1.0
KC,2021,Illegal Formation,4.0
KC,2021,Illegal Forward Pass,1.0
KC,2021,Illegal Use of Hands,4.0
KC,2021,Ineligible Downfield Pass,2.0
KC,2021,Intentional Grounding,2.0
KC,2021,Low Block,1.0
KC,2021,Lowering the Head to Initiate Contact,1.0
KC,2021,Neutral Zone Infraction,3.0
KC,2021,Offensive Holding,29.0
KC,2021,Offensive Pass Interference,4.0
KC,2021,Roughing the Kicker,1.0
KC,2021,Roughing the Passer,4.0
KC,2021,Taunting,2.0
KC,2021,Unnecessary Roughness,2.0
KC,2022,Defensive Holding,4.0
KC,2022,Defensive Offside,5.0
KC,2022,Defensive Pass Interference,15.0
KC,2022,Defensive Too Many Men on Field,1.0
KC,2022,Delay of Game,3.0
KC,2022,Delay of Kickoff,1.0
KC,2022,Face Mask,2.0
KC,2022,False Start,8.0
KC,2022,Illegal Blindside Block,1.0
KC,2022,Illegal Block Above the Waist,1.0
KC,2022,Illegal Contact,1.0
KC,2022,Illegal Crackback,1.0
KC,2022,Illegal Formation,2.0
KC,2022,Illegal Motion,1.0
KC,2022,Illegal Use of Hands,3.0
KC,2022,Ineligible Downfield Pass,5.0
KC,2022,Low Block,1.0
KC,2022,Neutral Zone Infraction,2.0
KC,2022,Offensive Holding,24.0
KC,2022,Offensive Pass Interference,2.0
KC,2022,Player Out of Bounds on Kick,1.0
KC,2022,Roughing the Passer,3.0
KC,2022,Taunting,3.0
KC,2022,Unnecessary Roughness,6.0
KC,2022,Unsportsmanlike Conduct,1.0
KC,2023,Defensive Holding,5.0
KC,2023,Defensive Offside,3.0
KC,2023,Defensive Pass Interference,11.0
KC,2023,Defensive Too Many Men on Field,2.0
KC,2023,Delay of Game,2.0
KC,2023,Disqualification,1.0
KC,2023,Face Mask,1.0
KC,2023,Fair Catch Interference,1.0
KC,2023,False Start,20.0
KC,2023,Horse Collar Tackle,2.0
KC,2023,Illegal Blindside Block,1.0
KC,2023,Illegal Block Above the Waist,4.0
KC,2023,Illegal Contact,2.0
KC,2023,Illegal Crackback,1.0
KC,2023,Illegal Formation,2.0
KC,2023,Illegal Shift,1.0
KC,2023,Illegal Use of Hands,3.0
KC,2023,Intentional Grounding,4.0
KC,2023,Neutral Zone Infraction,4.0
KC,2023,Offensive Holding,30.0
KC,2023,Offensive Offside,1.0
KC,2023,Offensive Pass Interference,4.0
KC,2023,Offensive Too Many Men on Field,1.0
KC,2023,Roughing the Passer,1.0
KC,2023,Taunting,1.0
KC,2023,Unnecessary Roughness,3.0
KC,2023,Unsportsmanlike Conduct,1.0
KC,2024,Defensive Holding,6.0
KC,2024,Defensive Offside,5.0
KC,2024,Defensive Pass Interference,10.0
KC,2024,Defensive Too Many Men on Field,2.0
KC,2024,Delay of Game,1.0
KC,2024,Face Mask,2.0
KC,2024,False Start,19.0
KC,2024,Horse Collar Tackle,2.0
KC,2024,Illegal Block Above the Waist,3.0
KC,2024,Illegal Contact,1.0
KC,2024,Illegal Formation,2.0
KC,2024,Illegal Use of Hands,3.0
KC,2024,Kickoff Short of Landing Zone,1.0
KC,2024,Neutral Zone Infraction,4.0
KC,2024,Offensive Holding,33.0
KC,2024,Offensive Offside,1.0
KC,2024,Offensive Pass Interference,1.0
KC,2024,Player Out of Bounds on Kick,2.0
KC,2024,Roughing the Passer,1.0
KC,2024,Taunting,1.0
KC,2024,Unnecessary Roughness,8.0
KC,2024,Unsportsmanlike Conduct,2.0
KC,2025,Defensive Holding,9.0
KC,2025,Defensive Offside,7.0
KC,2025,Defensive Pass Interference,8.0
KC,2025,Delay of Game,4.0
KC,2025,Face Mask,4.0
KC,2025,False Start,19.0
KC,2025,Illegal Blindside Block,2.0
KC,2025,Illegal Block Above the Waist,4.0
KC,2025,Illegal Contact,3.0
KC,2025,Illegal Double-Team Block,1.0
KC,2025,Illegal Formation,4.0
KC,2025,Illegal Forward Pass,1.0
KC,2025,Illegal Shift,1.0
KC,2025,Illegal Use of Hands,2.0
KC,2025,Ineligible Downfield Pass,1.0
KC,2025,Intentional Grounding,2.0
KC,2025,Kick Catch Interference,1.0
KC,2025,Kickoff Out of Bounds,1.0
KC,2025,Kickoff Short of Landing Zone,1.0
KC,2025,Neutral Zone Infraction,2.0
KC,2025,Offensive Holding,29.0
KC,2025,Offensive Pass Interference,2.0
KC,2025,Roughing the Passer,3.0
KC,2025,Taunting,1.0
KC,2025,Unnecessary Roughness,4.0
KC,2025,Unsportsmanlike Conduct,3.0
LA,2016,Defensive Holding,6.0
LA,2016,Defensive Offside,5.0
LA,2016,Defensive Pass Interference,9.0
LA,2016,Delay of Game,7.0
LA,2016,Disqualification,1.0
LA,2016,Encroachment,2.0
LA,2016,Face Mask,2.0
LA,2016,False Start,25.0
LA,2016,Horse Collar Tackle,3.0
LA,2016,Illegal Block Above the Waist,6.0
LA,2016,Illegal Contact,2.0
LA,2016,Illegal Formation,2.0
LA,2016,Illegal Motion,1.0
LA,2016,Illegal Use of Hands,2.0
LA,2016,Ineligible Downfield Pass,3.0
LA,2016,Leaping,1.0
LA,2016,Neutral Zone Infraction,3.0
LA,2016,Offensive 12 On-field,1.0
LA,2016,Offensive Holding,23.0
LA,2016,Offensive Pass Interference,2.0
LA,2016,Offside on Free Kick,1.0
LA,2016,Roughing the Kicker,1.0
LA,2016,Roughing the Passer,5.0
LA,2016,Taunting,1.0
LA,2016,Unnecessary Roughness,9.0
LA,2016,Unsportsmanlike Conduct,1.0
LA,2017,Chop Block,1.0
LA,2017,Defensive 12 On-field,1.0
LA,2017,Defensive Holding,12.0
LA,2017,Defensive Offside,7.0
LA,2017,Defensive Pass Interference,6.0
LA,2017,Delay of Game,3.0
LA,2017,Face Mask,5.0
LA,2017,False Start,22.0
LA,2017,Illegal Block Above the Waist,10.0
LA,2017,Illegal Formation,2.0
LA,2017,Illegal Shift,1.0
LA,2017,Intentional Grounding,2.0
LA,2017,Leverage,1.0
LA,2017,Offensive 12 On-field,1.0
LA,2017,Offensive Holding,18.0
LA,2017,Offensive Pass Interference,3.0
LA,2017,Offside on Free Kick,1.0
LA,2017,Roughing the Passer,3.0
LA,2017,Running Into the Kicker,1.0
LA,2017,Unnecessary Roughness,9.0
LA,2017,Unsportsmanlike Conduct,3.0
LA,2018,Chop Block,1.0
LA,2018,Defensive Holding,7.0
LA,2018,Defensive Offside,2.0
LA,2018,Defensive Pass Interference,9.0
LA,2018,Defensive Too Many Men on Field,1.0
LA,2018,Delay of Game,6.0
LA,2018,Encroachment,2.0
LA,2018,Face Mask,4.0
LA,2018,False Start,15.0
LA,2018,Horse Collar Tackle,1.0
LA,2018,Illegal Block Above the Waist,8.0
LA,2018,Illegal Contact,1.0
LA,2018,Illegal Formation,2.0
LA,2018,Illegal Shift,4.0
LA,2018,Illegal Use of Hands,4.0
LA,2018,Ineligible Downfield Kick,1.0
LA,2018,Intentional Grounding,1.0
LA,2018,Lowering the Head to Initiate Contact,2.0
LA,2018,Neutral Zone Infraction,5.0
LA,2018,Offensive Holding,21.0
LA,2018,Offensive Pass Interference,2.0
LA,2018,Roughing the Passer,6.0
LA,2018,Unnecessary Roughness,10.0
LA,2018,Unsportsmanlike Conduct,1.0
LA,2019,Defensive Holding,7.0
LA,2019,Defensive Offside,5.0
LA,2019,Defensive Pass Interference,4.0
LA,2019,Defensive Too Many Men on Field,3.0
LA,2019,Delay of Game,6.0
LA,2019,Encroachment,1.0
LA,2019,Face Mask,1.0
LA,2019,False Start,24.0
LA,2019,Illegal Block Above the Waist,5.0
LA,2019,Illegal Contact,3.0
LA,2019,Illegal Formation,1.0
LA,2019,Illegal Motion,1.0
LA,2019,Illegal Shift,5.0
LA,2019,Illegal Touch Kick,1.0
LA,2019,Illegal Use of Hands,4.0
LA,2019,Ineligible Downfield Pass,1.0
LA,2019,Intentional Grounding,2.0
LA,2019,Lowering the Head to Initiate Contact,1.0
LA,2019,Neutral Zone Infraction,2.0
LA,2019,Offensive Holding,25.0
LA,2019,Offensive Pass Interference,1.0
LA,2019,Offside on Free Kick,1.0
LA,2019,Roughing the Passer,6.0
LA,2019,Taunting,1.0
LA,2019,Unnecessary Roughness,6.0
LA,2019,Unsportsmanlike Conduct,1.0
LA,2020,Defensive Offside,2.0
LA,2020,Defensive Pass Interference,10.0
LA,2020,Delay of Game,5.0
LA,2020,Face Mask,2.0
LA,2020,False Start,17.0
LA,2020,Illegal Block Above the Waist,4.0
LA,2020,Illegal Contact,1.0
LA,2020,Illegal Double-Team Block,1.0
LA,2020,Illegal Formation,1.0
LA,2020,Ineligible Downfield Pass,1.0
LA,2020,Intentional Grounding,3.0
LA,2020,Lowering the Head to Initiate Contact,1.0
LA,2020,Neutral Zone Infraction,2.0
LA,2020,Offensive Holding,16.0
LA,2020,Offensive Offside,2.0
LA,2020,Offensive Pass Interference,2.0
LA,2020,Roughing the Passer,1.0
LA,2020,Unnecessary Roughness,3.0
LA,2020,Unsportsmanlike Conduct,2.0
LA,2021,Defensive Holding,5.0
LA,2021,Defensive Offside,9.0
LA,2021,Defensive Pass Interference,4.0
LA,2021,Delay of Game,10.0
LA,2021,Face Mask,2.0
LA,2021,Fair Catch Interference,1.0
LA,2021,False Start,11.0
LA,2021,Illegal Block Above the Waist,2.0
LA,2021,Illegal Contact,1.0
LA,2021,Illegal Formation,1.0
LA,2021,Illegal Forward Pass,1.0
LA,2021,Illegal Touch Pass,1.0
LA,2021,Illegal Use of Hands,2.0
LA,2021,Ineligible Downfield Pass,1.0
LA,2021,Low Block,1.0
LA,2021,Lowering the Head to Initiate Contact,1.0
LA,2021,Neutral Zone Infraction,4.0
LA,2021,Offensive Holding,18.0
LA,2021,Offensive Pass Interference,2.0
LA,2021,Offside on Free Kick,1.0
LA,2021,Roughing the Passer,5.0
LA,2021,Taunting,2.0
LA,2021,Unnecessary Roughness,5.0
LA,2022,Chop Block,1.0
LA,2022,Defensive Holding,4.0
LA,2022,Defensive Offside,1.0
LA,2022,Defensive Pass Interference,7.0
LA,2022,Defensive Too Many Men on Field,1.0
LA,2022,Delay of Game,5.0
LA,2022,Face Mask,3.0
LA,2022,False Start,17.0
LA,2022,Horse Collar Tackle,1.0
LA,2022,Illegal Block Above the Waist,1.0
LA,2022,Illegal Contact,2.0
LA,2022,Illegal Use of Hands,3.0
LA,2022,Intentional Grounding,2.0
LA,2022,Offensive Holding,15.0
LA,2022,Player Out of Bounds on Kick,1.0
LA,2022,Running Into the Kicker,1.0
LA,2022,Taunting,1.0
LA,2022,Unnecessary Roughness,10.0
LA,2023,Defensive Holding,5.0
LA,2023,Defensive Pass Interference,10.0
LA,2023,Defensive Too Many Men on Field,1.0
LA,2023,Delay of Game,7.0
LA,2023,Encroachment,2.0
LA,2023,Face Mask,5.0
LA,2023,False Start,12.0
LA,2023,Horse Collar Tackle,1.0
LA,2023,Illegal Blindside Block,1.0
LA,2023,Illegal Block Above the Waist,2.0
LA,2023,Illegal Contact,2.0
LA,2023,Illegal Formation,1.0
LA,2023,Illegal Shift,1.0
LA,2023,Illegal Use of Hands,3.0
LA,2023,Ineligible Downfield Pass,1.0
LA,2023,Intentional Grounding,3.0
LA,2023,Kick Catch Interference,1.0
LA,2023,Leaping,1.0
LA,2023,Low Block,1.0
LA,2023,Neutral Zone Infraction,2.0
LA,2023,Offensive Holding,19.0
LA,2023,Offensive Pass Interference,4.0
LA,2023,Offside on Free Kick,1.0
LA,2023,Roughing the Passer,2.0
LA,2023,Unnecessary Roughness,4.0
LA,2023,Unsportsmanlike Conduct,1.0
LA,2024,Defensive Holding,7.0
LA,2024,Defensive Offside,5.0
LA,2024,Defensive Pass Interference,7.0
LA,2024,Defensive Too Many Men on Field,2.0
LA,2024,Delay of Game,2.0
LA,2024,Disqualification,1.0
LA,2024,Encroachment,1.0
LA,2024,Face Mask,3.0
LA,2024,False Start,20.0
LA,2024,Horse Collar Tackle,2.0
LA,2024,Illegal Blindside Block,1.0
LA,2024,Illegal Block Above the Waist,3.0
LA,2024,Illegal Contact,1.0
LA,2024,Illegal Formation,4.0
LA,2024,Illegal Motion,2.0
LA,2024,Illegal Use of Hands,2.0
LA,2024,Intentional Grounding,1.0
LA,2024,Kick Catch Interference,1.0
LA,2024,Low Block,1.0
LA,2024,Neutral Zone Infraction,2.0
LA,2024,Offensive Holding,23.0
LA,2024,Offensive Pass Interference,2.0
LA,2024,Player Out of Bounds on Kick,1.0
LA,2024,Roughing the Kicker,2.0
LA,2024,Roughing the Passer,1.0
LA,2024,Taunting,1.0
LA,2024,Unnecessary Roughness,6.0
LA,2025,Defensive Holding,5.0
LA,2025,Defensive Offside,2.0
LA,2025,Defensive Pass Interference,10.0
LA,2025,Delay of Game,6.0
LA,2025,Encroachment,1.0
LA,2025,Face Mask,2.0
LA,2025,False Start,13.0
LA,2025,Illegal Block Above the Waist,3.0
LA,2025,Illegal Contact,2.0
LA,2025,Illegal Formation,1.0
LA,2025,Illegal Shift,2.0
LA,2025,Illegal Use of Hands,2.0
LA,2025,Ineligible Downfield Kick,1.0
LA,2025,Ineligible Downfield Pass,2.0
LA,2025,Intentional Grounding,1.0
LA,2025,Kickoff Short of Landing Zone,1.0
LA,2025,Neutral Zone Infraction,5.0
LA,2025,Offensive Holding,19.0
LA,2025,Offensive Offside,1.0
LA,2025,Roughing the Passer,5.0
LA,2025,Taunting,2.0
LA,2025,Unnecessary Roughness,3.0
LAC,2016,Defensive 12 On-field,1.0
LAC,2016,Defensive Holding,7.0
LAC,2016,Defensive Offside,3.0
LAC,2016,Defensive Pass Interference,8.0
LAC,2016,Delay of Game,6.0
LAC,2016,Encroachment,1.0
LAC,2016,Face Mask,2.0
LAC,2016,False Start,19.0
LAC,2016,Illegal Contact,1.0
LAC,2016,Illegal Crackback,1.0
LAC,2016,Illegal Formation,2.0
LAC,2016,Illegal Shift,2.0
LAC,2016,Illegal Substitution,2.0
LAC,2016,Illegal Touch Pass,1.0
LAC,2016,Illegal Use of Hands,2.0
LAC,2016,Intentional Grounding,2.0
LAC,2016,Leverage,1.0
LAC,2016,Neutral Zone Infraction,11.0
LAC,2016,Offensive Holding,18.0
LAC,2016,Offensive Pass Interference,2.0
LAC,2016,Offside on Free Kick,2.0
LAC,2016,Roughing the Passer,3.0
LAC,2016,Unnecessary Roughness,6.0
LAC,2016,Unsportsmanlike Conduct,4.0
LAC,2017,Defensive 12 On-field,2.0
LAC,2017,Defensive Delay of Game,1.0
LAC,2017,Defensive Holding,1.0
LAC,2017,Defensive Offside,7.0
LAC,2017,Defensive Pass Interference,7.0
LAC,2017,Delay of Game,12.0
LAC,2017,Face Mask,2.0
LAC,2017,False Start,17.0
LAC,2017,Horse Collar Tackle,1.0
LAC,2017,Illegal Block Above the Waist,7.0
LAC,2017,Illegal Touch Pass,1.0
LAC,2017,Illegal Use of Hands,7.0
LAC,2017,Intentional Grounding,4.0
LAC,2017,Neutral Zone Infraction,5.0
LAC,2017,Offensive Holding,14.0
LAC,2017,Offensive Pass Interference,2.0
LAC,2017,Offside on Free Kick,2.0
LAC,2017,Player Out of Bounds on Punt,1.0
LAC,2017,Roughing the Kicker,1.0
LAC,2017,Roughing the Passer,5.0
LAC,2017,Taunting,1.0
LAC,2017,Unnecessary Roughness,8.0
LAC,2018,Defensive Holding,7.0
LAC,2018,Defensive Offside,7.0
LAC,2018,Defensive Pass Interference,7.0
LAC,2018,Delay of Game,8.0
LAC,2018,Encroachment,4.0
LAC,2018,Face Mask,3.0
LAC,2018,False Start,12.0
LAC,2018,Horse Collar Tackle,1.0
LAC,2018,Illegal Block Above the Waist,8.0
LAC,2018,Illegal Contact,2.0
LAC,2018,Illegal Formation,2.0
LAC,2018,Illegal Shift,2.0
LAC,2018,Illegal Use of Hands,3.0
LAC,2018,Neutral Zone Infraction,7.0
LAC,2018,Offensive Holding,29.0
LAC,2018,Offensive Pass Interference,1.0
LAC,2018,Player Out of Bounds on Kick,1.0
LAC,2018,Roughing the Passer,4.0
LAC,2018,Taunting,2.0
LAC,2018,Tripping,2.0
LAC,2018,Unnecessary Roughness,9.0
LAC,2018,Unsportsmanlike Conduct,2.0
LAC,2019,Defensive Holding,5.0
LAC,2019,Defensive Offside,8.0
LAC,2019,Defensive Pass Interference,9.0
LAC,2019,Delay of Game,3.0
LAC,2019,Face Mask,3.0
LAC,2019,False Start,17.0
LAC,2019,Horse Collar Tackle,1.0
LAC,2019,Illegal Blindside Block,1.0
LAC,2019,Illegal Block Above the Waist,4.0
LAC,2019,Illegal Contact,1.0
LAC,2019,Illegal Formation,3.0
LAC,2019,Illegal Shift,2.0
LAC,2019,Illegal Touch Kick,1.0
LAC,2019,Illegal Use of Hands,4.0
LAC,2019,Ineligible Downfield Kick,1.0
LAC,2019,Ineligible Downfield Pass,1.0
LAC,2019,Intentional Grounding,3.0
LAC,2019,Neutral Zone Infraction,2.0
LAC,2019,Offensive Holding,23.0
LAC,2019,Offensive Pass Interference,2.0
LAC,2019,Roughing the Kicker,1.0
LAC,2019,Roughing the Passer,2.0
LAC,2019,Unnecessary Roughness,4.0
LAC,2019,Unsportsmanlike Conduct,2.0
LAC,2020,Chop Block,1.0
LAC,2020,Defensive Holding,1.0
LAC,2020,Defensive Offside,7.0
LAC,2020,Defensive Pass Interference,6.0
LAC,2020,Defensive Too Many Men on Field,1.0
LAC,2020,Delay of Game,3.0
LAC,2020,Face Mask,3.0
LAC,2020,False Start,12.0
LAC,2020,Illegal Block Above the Waist,4.0
LAC,2020,Illegal Contact,2.0
LAC,2020,Illegal Crackback,1.0
LAC,2020,Illegal Formation,3.0
LAC,2020,Illegal Motion,1.0
LAC,2020,Illegal Shift,2.0
LAC,2020,Illegal Use of Hands,4.0
LAC,2020,Neutral Zone Infraction,5.0
LAC,2020,Offensive Holding,11.0
LAC,2020,Offensive Pass Interference,5.0
LAC,2020,Player Out of Bounds on Kick,1.0
LAC,2020,Roughing the Passer,5.0
LAC,2020,Unnecessary Roughness,7.0
LAC,2021,Defensive Holding,12.0
LAC,2021,Defensive Offside,6.0
LAC,2021,Defensive Pass Interference,11.0
LAC,2021,Defensive Too Many Men on Field,2.0
LAC,2021,Delay of Game,3.0
LAC,2021,Encroachment,1.0
LAC,2021,Face Mask,2.0
LAC,2021,False Start,17.0
LAC,2021,Horse Collar Tackle,2.0
LAC,2021,Illegal Block Above the Waist,2.0
LAC,2021,Illegal Formation,2.0
LAC,2021,Illegal Shift,4.0
LAC,2021,Illegal Use of Hands,3.0
LAC,2021,Ineligible Downfield Pass,4.0
LAC,2021,Neutral Zone Infraction,5.0
LAC,2021,Offensive Holding,22.0
LAC,2021,Offensive Pass Interference,4.0
LAC,2021,Roughing the Passer,8.0
LAC,2021,Taunting,2.0
LAC,2021,Unnecessary Roughness,3.0
LAC,2021,Unsportsmanlike Conduct,1.0
LAC,2022,Defensive Holding,4.0
LAC,2022,Defensive Offside,4.0
LAC,2022,Defensive Pass Interference,8.0
LAC,2022,Defensive Too Many Men on Field,1.0
LAC,2022,Delay of Game,3.0
LAC,2022,Disqualification,1.0
LAC,2022,Face Mask,5.0
LAC,2022,Fair Catch Interference,1.0
LAC,2022,False Start,24.0
LAC,2022,Illegal Block Above the Waist,2.0
LAC,2022,Illegal Contact,2.0
LAC,2022,Illegal Formation,1.0
LAC,2022,Illegal Use of Hands,1.0
LAC,2022,Ineligible Downfield Pass,3.0
LAC,2022,Neutral Zone Infraction,2.0
LAC,2022,Offensive Holding,19.0
LAC,2022,Offensive Pass Interference,1.0
LAC,2022,Roughing the Passer,4.0
LAC,2022,Unsportsmanlike Conduct,2.0
LAC,2023,Defensive Holding,2.0
LAC,2023,Defensive Offside,3.0
LAC,2023,Defensive Pass Interference,9.0
LAC,2023,Delay of Game,4.0
LAC,2023,Face Mask,4.0
LAC,2023,Fair Catch Interference,1.0
LAC,2023,False Start,11.0
LAC,2023,Illegal Contact,3.0
LAC,2023,Illegal Formation,1.0
LAC,2023,Illegal Forward Pass,1.0
LAC,2023,Illegal Shift,5.0
LAC,2023,Illegal Use of Hands,2.0
LAC,2023,Ineligible Downfield Pass,2.0
LAC,2023,Intentional Grounding,2.0
LAC,2023,Neutral Zone Infraction,2.0
LAC,2023,Offensive Holding,14.0
LAC,2023,Offensive Pass Interference,2.0
LAC,2023,Roughing the Passer,4.0
LAC,2023,Unnecessary Roughness,7.0
LAC,2024,Chop Block,1.0
LAC,2024,Defensive Delay of Game,1.0
LAC,2024,Defensive Holding,10.0
LAC,2024,Defensive Offside,9.0
LAC,2024,Defensive Pass Interference,7.0
LAC,2024,Delay of Game,5.0
LAC,2024,Face Mask,1.0
LAC,2024,False Start,16.0
LAC,2024,Horse Collar Tackle,1.0
LAC,2024,Illegal Block Above the Waist,2.0
LAC,2024,Illegal Contact,1.0
LAC,2024,Illegal Formation,5.0
LAC,2024,Illegal Use of Hands,1.0
LAC,2024,Ineligible Downfield Pass,1.0
LAC,2024,Kick Catch Interference,1.0
LAC,2024,Kickoff Short of Landing Zone,2.0
LAC,2024,Neutral Zone Infraction,3.0
LAC,2024,Offensive Holding,19.0
LAC,2024,Offensive Pass Interference,1.0
LAC,2024,Player Out of Bounds on Kick,1.0
LAC,2024,Roughing the Passer,4.0
LAC,2024,Unnecessary Roughness,6.0
LAC,2025,Defensive Holding,1.0
LAC,2025,Defensive Offside,6.0
LAC,2025,Defensive Pass Interference,8.0
LAC,2025,Defensive Too Many Men on Field,3.0
LAC,2025,Delay of Game,4.0
LAC,2025,Disqualification,1.0
LAC,2025,Encroachment,1.0
LAC,2025,Face Mask,2.0
LAC,2025,False Start,30.0
LAC,2025,Illegal Bat,1.0
LAC,2025,Illegal Block Above the Waist,2.0
LAC,2025,Illegal Contact,4.0
LAC,2025,Illegal Formation,5.0
LAC,2025,Illegal Use of Hands,1.0
LAC,2025,Ineligible Downfield Pass,2.0
LAC,2025,Intentional Grounding,2.0
LAC,2025,Kickoff Out of Bounds,2.0
LAC,2025,Kickoff Short of Landing Zone,1.0
LAC,2025,Low Block,2.0
LAC,2025,Neutral Zone Infraction,2.0
LAC,2025,Offensive Holding,16.0
LAC,2025,Offensive Offside,1.0
LAC,2025,Roughing the Kicker,1.0
LAC,2025,Roughing the Passer,2.0
LAC,2025,Unnecessary Roughness,7.0
LAC,2025,Unsportsmanlike Conduct,1.0
LV,2016,Defensive 12 On-field,2.0
LV,2016,Defensive Holding,13.0
LV,2016,Defensive Offside,7.0
LV,2016,Defensive Pass Interference,15.0
LV,2016,Delay of Game,4.0
LV,2016,Encroachment,2.0
LV,2016,Face Mask,4.0
LV,2016,False Start,27.0
LV,2016,Horse Collar Tackle,1.0
LV,2016,Illegal Block Above the Waist,4.0
LV,2016,Illegal Crackback,1.0
LV,2016,Illegal Formation,5.0
LV,2016,Illegal Shift,1.0
LV,2016,Illegal Touch Pass,1.0
LV,2016,Illegal Use of Hands,3.0
LV,2016,Ineligible Downfield Kick,1.0
LV,2016,Ineligible Downfield Pass,1.0
LV,2016,Intentional Grounding,2.0
LV,2016,Neutral Zone Infraction,3.0
LV,2016,Offensive Holding,33.0
LV,2016,Offensive Pass Interference,5.0
LV,2016,Player Out of Bounds on Punt,2.0
LV,2016,Roughing the Kicker,1.0
LV,2016,Roughing the Passer,1.0
LV,2016,Taunting,2.0
LV,2016,Unnecessary Roughness,11.0
LV,2016,Unsportsmanlike Conduct,3.0
LV,2017,Clipping,1.0
LV,2017,Defensive Holding,5.0
LV,2017,Defensive Offside,5.0
LV,2017,Defensive Pass Interference,6.0
LV,2017,Delay of Game,2.0
LV,2017,Disqualification,1.0
LV,2017,Encroachment,3.0
LV,2017,False Start,19.0
LV,2017,Illegal Block Above the Waist,7.0
LV,2017,Illegal Formation,1.0
LV,2017,Illegal Motion,2.0
LV,2017,Illegal Shift,1.0
LV,2017,Illegal Use of Hands,2.0
LV,2017,Ineligible Downfield Pass,1.0
LV,2017,Neutral Zone Infraction,3.0
LV,2017,Offensive Holding,28.0
LV,2017,Offensive Pass Interference,6.0
LV,2017,Offside on Free Kick,2.0
LV,2017,Player Out of Bounds on Punt,1.0
LV,2017,Roughing the Passer,3.0
LV,2017,Taunting,1.0
LV,2017,Unnecessary Roughness,10.0
LV,2017,Unsportsmanlike Conduct,4.0
LV,2018,Defensive Holding,8.0
LV,2018,Defensive Offside,4.0
LV,2018,Defensive Pass Interference,5.0
LV,2018,Defensive Too Many Men on Field,2.0
LV,2018,Delay of Game,3.0
LV,2018,Encroachment,2.0
LV,2018,Face Mask,4.0
LV,2018,Fair Catch Interference,2.0
LV,2018,False Start,23.0
LV,2018,Horse Collar Tackle,1.0
LV,2018,Illegal Block Above the Waist,5.0
LV,2018,Illegal Contact,1.0
LV,2018,Illegal Formation,4.0
LV,2018,Illegal Shift,2.0
LV,2018,Illegal Touch Kick,1.0
LV,2018,Illegal Use of Hands,2.0
LV,2018,Neutral Zone Infraction,5.0
LV,2018,Offensive Holding,20.0
LV,2018,Offensive Pass Interference,4.0
LV,2018,Roughing the Passer,3.0
LV,2018,Taunting,1.0
LV,2018,Unnecessary Roughness,7.0
LV,2018,Unsportsmanlike Conduct,1.0
LV,2019,Chop Block,1.0
LV,2019,Defensive Delay of Game,1.0
LV,2019,Defensive Holding,10.0
LV,2019,Defensive Offside,11.0
LV,2019,Defensive Pass Interference,15.0
LV,2019,Defensive Too Many Men on Field,1.0
LV,2019,Delay of Game,3.0
LV,2019,Disqualification,2.0
LV,2019,Encroachment,4.0
LV,2019,Face Mask,4.0
LV,2019,Fair Catch Interference,1.0
LV,2019,False Start,15.0
LV,2019,Illegal Block Above the Waist,4.0
LV,2019,Illegal Contact,2.0
LV,2019,Illegal Formation,2.0
LV,2019,Illegal Use of Hands,1.0
LV,2019,Intentional Grounding,1.0
LV,2019,Lowering the Head to Initiate Contact,1.0
LV,2019,Neutral Zone Infraction,5.0
LV,2019,Offensive Holding,21.0
LV,2019,Offensive Pass Interference,3.0
LV,2019,Offensive Too Many Men on Field,1.0
LV,2019,Roughing the Passer,7.0
LV,2019,Tripping,1.0
LV,2019,Unnecessary Roughness,11.0
LV,2020,Defensive Delay of Game,1.0
LV,2020,Defensive Holding,9.0
LV,2020,Defensive Offside,5.0
LV,2020,Defensive Pass Interference,13.0
LV,2020,Delay of Game,3.0
LV,2020,Disqualification,1.0
LV,2020,Encroachment,3.0
LV,2020,Face Mask,5.0
LV,2020,False Start,10.0
LV,2020,Illegal Blindside Block,2.0
LV,2020,Illegal Block Above the Waist,4.0
LV,2020,Illegal Formation,1.0
LV,2020,Illegal Shift,1.0
LV,2020,Illegal Use of Hands,1.0
LV,2020,Ineligible Downfield Pass,2.0
LV,2020,Intentional Grounding,1.0
LV,2020,Lowering the Head to Initiate Contact,2.0
LV,2020,Neutral Zone Infraction,6.0
LV,2020,Offensive Holding,12.0
LV,2020,Offensive Pass Interference,2.0
LV,2020,Roughing the Kicker,1.0
LV,2020,Roughing the Passer,5.0
LV,2020,Unnecessary Roughness,6.0
LV,2020,Unsportsmanlike Conduct,1.0
LV,2021,Defensive Holding,9.0
LV,2021,Defensive Offside,6.0
LV,2021,Defensive Pass Interference,10.0
LV,2021,Defensive Too Many Men on Field,1.0
LV,2021,Delay of Game,7.0
LV,2021,Encroachment,2.0
LV,2021,Face Mask,1.0
LV,2021,False Start,21.0
LV,2021,Illegal Block Above the Waist,2.0
LV,2021,Illegal Contact,1.0
LV,2021,Illegal Double-Team Block,1.0
LV,2021,Illegal Formation,1.0
LV,2021,Illegal Use of Hands,4.0
LV,2021,Ineligible Downfield Pass,2.0
LV,2021,Intentional Grounding,2.0
LV,2021,Leverage,1.0
LV,2021,Low Block,1.0
LV,2021,Lowering the Head to Initiate Contact,1.0
LV,2021,Neutral Zone Infraction,7.0
LV,2021,Offensive Holding,30.0
LV,2021,Offensive Pass Interference,2.0
LV,2021,Roughing the Passer,7.0
LV,2021,Taunting,1.0
LV,2021,Unnecessary Roughness,9.0
LV,2021,Unsportsmanlike Conduct,2.0
LV,2022,Chop Block,2.0
LV,2022,Defensive Holding,6.0
LV,2022,Defensive Offside,5.0
LV,2022,Defensive Pass Interference,7.0
LV,2022,Defensive Too Many Men on Field,3.0
LV,2022,Delay of Game,8.0
LV,2022,Face Mask,3.0
LV,2022,False Start,19.0
LV,2022,Horse Collar Tackle,1.0
LV,2022,Illegal Block Above the Waist,7.0
LV,2022,Illegal Contact,4.0
LV,2022,Illegal Formation,5.0
LV,2022,Illegal Shift,1.0
LV,2022,Illegal Use of Hands,2.0
LV,2022,Ineligible Downfield Pass,3.0
LV,2022,Intentional Grounding,2.0
LV,2022,Low Block,1.0
LV,2022,Neutral Zone Infraction,1.0
LV,2022,Offensive Holding,20.0
LV,2022,Offensive Pass Interference,1.0
LV,2022,Offensive Too Many Men on Field,1.0
LV,2022,Roughing the Passer,1.0
LV,2022,Tripping,1.0
LV,2022,Unnecessary Roughness,5.0
LV,2022,Unsportsmanlike Conduct,4.0
LV,2023,Defensive Holding,4.0
LV,2023,Defensive Offside,5.0
LV,2023,Defensive Pass Interference,6.0
LV,2023,Defensive Too Many Men on Field,1.0
LV,2023,Delay of Game,5.0
LV,2023,Disqualification,1.0
LV,2023,Face Mask,2.0
LV,2023,False Start,16.0
LV,2023,Horse Collar Tackle,1.0
LV,2023,Illegal Blindside Block,1.0
LV,2023,Illegal Contact,2.0
LV,2023,Illegal Crackback,1.0
LV,2023,Illegal Formation,2.0
LV,2023,Illegal Use of Hands,2.0
LV,2023,Intentional Grounding,1.0
LV,2023,Neutral Zone Infraction,3.0
LV,2023,Offensive Holding,11.0
LV,2023,Offensive Pass Interference,4.0
LV,2023,Roughing the Kicker,1.0
LV,2023,Roughing the Passer,1.0
LV,2023,Taunting,2.0
LV,2023,Unnecessary Roughness,2.0
LV,2023,Unsportsmanlike Conduct,1.0
LV,2024,Defensive Holding,5.0
LV,2024,Defensive Offside,1.0
LV,2024,Defensive Pass Interference,9.0
LV,2024,Defensive Too Many Men on Field,2.0
LV,2024,Delay of Game,2.0
LV,2024,Encroachment,1.0
LV,2024,False Start,17.0
LV,2024,Illegal Blindside Block,1.0
LV,2024,Illegal Block Above the Waist,2.0
LV,2024,Illegal Shift,1.0
LV,2024,Ineligible Downfield Kick,2.0
LV,2024,Ineligible Downfield Pass,3.0
LV,2024,Intentional Grounding,2.0
LV,2024,Kickoff Short of Landing Zone,1.0
LV,2024,Leverage,1.0
LV,2024,Neutral Zone Infraction,4.0
LV,2024,Offensive Holding,20.0
LV,2024,Offensive Pass Interference,6.0
LV,2024,Player Out of Bounds on Kick,2.0
LV,2024,Roughing the Passer,7.0
LV,2024,Unnecessary Roughness,7.0
LV,2025,Defensive Holding,3.0
LV,2025,Defensive Offside,5.0
LV,2025,Defensive Pass Interference,9.0
LV,2025,Defensive Too Many Men on Field,2.0
LV,2025,Delay of Game,7.0
LV,2025,Encroachment,4.0
LV,2025,Face Mask,4.0
LV,2025,False Start,15.0
LV,2025,Illegal Blindside Block,1.0
LV,2025,Illegal Block Above the Waist,2.0
LV,2025,Illegal Contact,2.0
LV,2025,Illegal Formation,4.0
LV,2025,Illegal Shift,2.0
LV,2025,Illegal Touch Pass,1.0
LV,2025,Ineligible Downfield Kick,1.0
LV,2025,Ineligible Downfield Pass,1.0
LV,2025,Intentional Grounding,1.0
LV,2025,Kickoff Short of Landing Zone,2.0
LV,2025,Neutral Zone Infraction,3.0
LV,2025,Offensive Holding,21.0
LV,2025,Offensive Offside,1.0
LV,2025,Offensive Pass Interference,2.0
LV,2025,Player Out of Bounds on Kick,1.0
LV,2025,Roughing the Kicker,1.0
LV,2025,Roughing the Passer,2.0
LV,2025,Tripping,1.0
LV,2025,Unnecessary Roughness,7.0
LV,2025,Unsportsmanlike Conduct,3.0
MIA,2016,Defensive 12 On-field,1.0
MIA,2016,Defensive Holding,8.0
MIA,2016,Defensive Offside,5.0
MIA,2016,Defensive Pass Interference,9.0
MIA,2016,Delay of Game,2.0
MIA,2016,Encroachment,9.0
MIA,2016,Face Mask,5.0
MIA,2016,Fair Catch Interference,1.0
MIA,2016,False Start,15.0
MIA,2016,Horse Collar Tackle,2.0
MIA,2016,Illegal Block Above the Waist,4.0
MIA,2016,Illegal Contact,3.0
MIA,2016,Illegal Formation,2.0
MIA,2016,Illegal Motion,1.0
MIA,2016,Illegal Shift,2.0
MIA,2016,Illegal Use of Hands,1.0
MIA,2016,Intentional Grounding,2.0
MIA,2016,Leverage,1.0
MIA,2016,Neutral Zone Infraction,9.0
MIA,2016,Offensive Holding,22.0
MIA,2016,Offensive Pass Interference,1.0
MIA,2016,Roughing the Passer,5.0
MIA,2016,Taunting,4.0
MIA,2016,Unnecessary Roughness,10.0
MIA,2016,Unsportsmanlike Conduct,6.0
MIA,2017,Defensive 12 On-field,1.0
MIA,2017,Defensive Holding,10.0
MIA,2017,Defensive Offside,5.0
MIA,2017,Defensive Pass Interference,8.0
MIA,2017,Delay of Game,2.0
MIA,2017,Disqualification,1.0
MIA,2017,Encroachment,2.0
MIA,2017,Face Mask,6.0
MIA,2017,False Start,22.0
MIA,2017,Illegal Block Above the Waist,9.0
MIA,2017,Illegal Formation,4.0
MIA,2017,Illegal Forward Pass,1.0
MIA,2017,Illegal Motion,1.0
MIA,2017,Illegal Use of Hands,4.0
MIA,2017,Intentional Grounding,1.0
MIA,2017,Neutral Zone Infraction,10.0
MIA,2017,Offensive Holding,24.0
MIA,2017,Offensive Pass Interference,6.0
MIA,2017,Roughing the Passer,2.0
MIA,2017,Unnecessary Roughness,12.0
MIA,2017,Unsportsmanlike Conduct,5.0
MIA,2018,Defensive Holding,7.0
MIA,2018,Defensive Offside,10.0
MIA,2018,Defensive Pass Interference,10.0
MIA,2018,Defensive Too Many Men on Field,2.0
MIA,2018,Delay of Game,3.0
MIA,2018,Disqualification,1.0
MIA,2018,Encroachment,2.0
MIA,2018,Face Mask,4.0
MIA,2018,False Start,17.0
MIA,2018,Horse Collar Tackle,1.0
MIA,2018,Illegal Block Above the Waist,1.0
MIA,2018,Illegal Contact,3.0
MIA,2018,Illegal Formation,1.0
MIA,2018,Illegal Substitution,1.0
MIA,2018,Illegal Touch Pass,1.0
MIA,2018,Illegal Use of Hands,2.0
MIA,2018,Leverage,1.0
MIA,2018,Lowering the Head to Initiate Contact,1.0
MIA,2018,Neutral Zone Infraction,2.0
MIA,2018,Offensive Holding,18.0
MIA,2018,Offensive Pass Interference,7.0
MIA,2018,Roughing the Passer,2.0
MIA,2018,Running Into the Kicker,1.0
MIA,2018,Unnecessary Roughness,7.0
MIA,2018,Unsportsmanlike Conduct,3.0
MIA,2019,Defensive Holding,11.0
MIA,2019,Defensive Offside,2.0
MIA,2019,Defensive Pass Interference,11.0
MIA,2019,Defensive Too Many Men on Field,3.0
MIA,2019,Delay of Game,3.0
MIA,2019,Disqualification,2.0
MIA,2019,Face Mask,2.0
MIA,2019,False Start,12.0
MIA,2019,Illegal Block Above the Waist,3.0
MIA,2019,Illegal Contact,1.0
MIA,2019,Illegal Double-Team Block,1.0
MIA,2019,Illegal Formation,2.0
MIA,2019,Illegal Motion,1.0
MIA,2019,Illegal Use of Hands,2.0
MIA,2019,Lowering the Head to Initiate Contact,2.0
MIA,2019,Neutral Zone Infraction,4.0
MIA,2019,Offensive Holding,20.0
MIA,2019,Offensive Pass Interference,3.0
MIA,2019,Offensive Too Many Men on Field,1.0
MIA,2019,Offside on Free Kick,2.0
MIA,2019,Roughing the Passer,1.0
MIA,2019,Unnecessary Roughness,3.0
MIA,2020,Clipping,1.0
MIA,2020,Defensive Holding,5.0
MIA,2020,Defensive Offside,1.0
MIA,2020,Defensive Pass Interference,7.0
MIA,2020,Delay of Game,3.0
MIA,2020,Face Mask,1.0
MIA,2020,False Start,12.0
MIA,2020,Illegal Block Above the Waist,3.0
MIA,2020,Illegal Contact,5.0
MIA,2020,Illegal Formation,2.0
MIA,2020,Illegal Forward Pass,1.0
MIA,2020,Illegal Touch Pass,1.0
MIA,2020,Ineligible Downfield Pass,1.0
MIA,2020,Intentional Grounding,1.0
MIA,2020,Neutral Zone Infraction,5.0
MIA,2020,Offensive Holding,13.0
MIA,2020,Offensive Too Many Men on Field,1.0
MIA,2020,Roughing the Passer,5.0
MIA,2020,Unnecessary Roughness,5.0
MIA,2020,Unsportsmanlike Conduct,1.0
MIA,2021,Defensive Holding,2.0
MIA,2021,Defensive Offside,2.0
MIA,2021,Defensive Pass Interference,7.0
MIA,2021,Defensive Too Many Men on Field,3.0
MIA,2021,Delay of Game,8.0
MIA,2021,Encroachment,1.0
MIA,2021,Face Mask,3.0
MIA,2021,Fair Catch Interference,1.0
MIA,2021,False Start,21.0
MIA,2021,Illegal Block Above the Waist,1.0
MIA,2021,Illegal Formation,2.0
MIA,2021,Illegal Shift,1.0
MIA,2021,Illegal Touch Pass,1.0
MIA,2021,Illegal Use of Hands,6.0
MIA,2021,Ineligible Downfield Pass,3.0
MIA,2021,Intentional Grounding,1.0
MIA,2021,Low Block,1.0
MIA,2021,Lowering the Head to Initiate Contact,1.0
MIA,2021,Neutral Zone Infraction,3.0
MIA,2021,Offensive Holding,18.0
MIA,2021,Offensive Pass Interference,3.0
MIA,2021,Roughing the Kicker,1.0
MIA,2021,Roughing the Passer,7.0
MIA,2021,Unnecessary Roughness,7.0
MIA,2021,Unsportsmanlike Conduct,1.0
MIA,2022,Defensive Holding,7.0
MIA,2022,Defensive Offside,7.0
MIA,2022,Defensive Pass Interference,11.0
MIA,2022,Defensive Too Many Men on Field,4.0
MIA,2022,Delay of Game,8.0
MIA,2022,Encroachment,1.0
MIA,2022,Face Mask,4.0
MIA,2022,False Start,22.0
MIA,2022,Illegal Block Above the Waist,2.0
MIA,2022,Illegal Contact,3.0
MIA,2022,Illegal Formation,2.0
MIA,2022,Illegal Motion,1.0
MIA,2022,Illegal Shift,3.0
MIA,2022,Illegal Use of Hands,1.0
MIA,2022,Ineligible Downfield Pass,5.0
MIA,2022,Intentional Grounding,3.0
MIA,2022,Neutral Zone Infraction,2.0
MIA,2022,Offensive Holding,15.0
MIA,2022,Offensive Pass Interference,1.0
MIA,2022,Offensive Too Many Men on Field,1.0
MIA,2022,Player Out of Bounds on Kick,1.0
MIA,2022,Roughing the Passer,4.0
MIA,2022,Taunting,2.0
MIA,2022,Tripping,2.0
MIA,2022,Unnecessary Roughness,5.0
MIA,2022,Unsportsmanlike Conduct,1.0
MIA,2023,Defensive Delay of Game,1.0
MIA,2023,Defensive Holding,6.0
MIA,2023,Defensive Offside,7.0
MIA,2023,Defensive Pass Interference,6.0
MIA,2023,Defensive Too Many Men on Field,2.0
MIA,2023,Delay of Game,5.0
MIA,2023,False Start,19.0
MIA,2023,Illegal Blindside Block,2.0
MIA,2023,Illegal Block Above the Waist,2.0
MIA,2023,Illegal Contact,5.0
MIA,2023,Illegal Formation,3.0
MIA,2023,Illegal Peelback,1.0
MIA,2023,Illegal Shift,2.0
MIA,2023,Illegal Substitution,1.0
MIA,2023,Illegal Use of Hands,2.0
MIA,2023,Ineligible Downfield Pass,1.0
MIA,2023,Intentional Grounding,1.0
MIA,2023,Neutral Zone Infraction,2.0
MIA,2023,Offensive Holding,25.0
MIA,2023,Offensive Offside,1.0
MIA,2023,Offensive Pass Interference,1.0
MIA,2023,Roughing the Passer,4.0
MIA,2023,Taunting,1.0
MIA,2023,Unnecessary Roughness,2.0
MIA,2023,Unsportsmanlike Conduct,3.0
MIA,2024,Defensive Holding,9.0
MIA,2024,Defensive Offside,3.0
MIA,2024,Defensive Pass Interference,6.0
MIA,2024,Defensive Too Many Men on Field,1.0
MIA,2024,Delay of Game,3.0
MIA,2024,Encroachment,1.0
MIA,2024,Face Mask,4.0
MIA,2024,False Start,19.0
MIA,2024,Illegal Formation,7.0
MIA,2024,Illegal Motion,2.0
MIA,2024,Illegal Shift,6.0
MIA,2024,Illegal Use of Hands,1.0
MIA,2024,Intentional Grounding,1.0
MIA,2024,Low Block,1.0
MIA,2024,Neutral Zone Infraction,3.0
MIA,2024,Offensive Holding,31.0
MIA,2024,Player Out of Bounds on Kick,1.0
MIA,2024,Roughing the Passer,2.0
MIA,2024,Running Into the Kicker,1.0
MIA,2024,Unnecessary Roughness,7.0
MIA,2024,Unsportsmanlike Conduct,4.0
MIA,2025,Defensive Holding,6.0
MIA,2025,Defensive Pass Interference,8.0
MIA,2025,Defensive Too Many Men on Field,1.0
MIA,2025,Delay of Game,7.0
MIA,2025,Face Mask,3.0
MIA,2025,False Start,20.0
MIA,2025,Hip Drop Tackle,1.0
MIA,2025,Illegal Blindside Block,1.0
MIA,2025,Illegal Block Above the Waist,2.0
MIA,2025,Illegal Contact,5.0
MIA,2025,Illegal Formation,4.0
MIA,2025,Illegal Motion,1.0
MIA,2025,Illegal Touch Kick,1.0
MIA,2025,Illegal Use of Hands,3.0
MIA,2025,Ineligible Downfield Pass,2.0
MIA,2025,Intentional Grounding,1.0
MIA,2025,Kickoff Out of Bounds,1.0
MIA,2025,Kickoff Short of Landing Zone,1.0
MIA,2025,Low Block,1.0
MIA,2025,Neutral Zone Infraction,4.0
MIA,2025,Offensive Holding,14.0
MIA,2025,Offensive Pass Interference,1.0
MIA,2025,Offensive Too Many Men on Field,2.0
MIA,2025,Roughing the Kicker,1.0
MIA,2025,Roughing the Passer,2.0
MIA,2025,Running Into the Kicker,1.0
MIA,2025,Taunting,2.0
MIA,2025,Tripping,1.0
MIA,2025,Unnecessary Roughness,4.0
MIN,2016,Chop Block,1.0
MIN,2016,Defensive Holding,9.0
MIN,2016,Defensive Offside,3.0
MIN,2016,Defensive Pass Interference,9.0
MIN,2016,Delay of Game,8.0
MIN,2016,Encroachment,2.0
MIN,2016,Face Mask,5.0
MIN,2016,False Start,21.0
MIN,2016,Illegal Block Above the Waist,3.0
MIN,2016,Illegal Contact,3.0
MIN,2016,Illegal Formation,2.0
MIN,2016,Illegal Use of Hands,5.0
MIN,2016,Leverage,2.0
MIN,2016,Neutral Zone Infraction,4.0
MIN,2016,Offensive Holding,14.0
MIN,2016,Offensive Pass Interference,3.0
MIN,2016,Roughing the Kicker,1.0
MIN,2016,Roughing the Passer,2.0
MIN,2016,Unnecessary Roughness,2.0
MIN,2016,Unsportsmanlike Conduct,2.0
MIN,2017,Chop Block,2.0
MIN,2017,Defensive 12 On-field,1.0
MIN,2017,Defensive Holding,7.0
MIN,2017,Defensive Offside,2.0
MIN,2017,Defensive Pass Interference,6.0
MIN,2017,Delay of Game,3.0
MIN,2017,Encroachment,2.0
MIN,2017,Face Mask,7.0
MIN,2017,False Start,13.0
MIN,2017,Illegal Blindside Block,1.0
MIN,2017,Illegal Block Above the Waist,7.0
MIN,2017,Illegal Contact,1.0
MIN,2017,Illegal Formation,2.0
MIN,2017,Illegal Forward Pass,1.0
MIN,2017,Illegal Use of Hands,6.0
MIN,2017,Ineligible Downfield Pass,1.0
MIN,2017,Neutral Zone Infraction,3.0
MIN,2017,Offensive 12 On-field,1.0
MIN,2017,Offensive Holding,24.0
MIN,2017,Offensive Pass Interference,3.0
MIN,2017,Offside on Free Kick,1.0
MIN,2017,Roughing the Passer,4.0
MIN,2017,Taunting,3.0
MIN,2017,Unnecessary Roughness,3.0
MIN,2017,Unsportsmanlike Conduct,2.0
MIN,2018,Defensive Holding,5.0
MIN,2018,Defensive Offside,3.0
MIN,2018,Defensive Pass Interference,7.0
MIN,2018,Delay of Game,3.0
MIN,2018,Encroachment,2.0
MIN,2018,Face Mask,1.0
MIN,2018,False Start,16.0
MIN,2018,Horse Collar Tackle,1.0
MIN,2018,Illegal Block Above the Waist,1.0
MIN,2018,Illegal Contact,3.0
MIN,2018,Illegal Formation,2.0
MIN,2018,Illegal Use of Hands,8.0
MIN,2018,Ineligible Downfield Pass,1.0
MIN,2018,Lowering the Head to Initiate Contact,1.0
MIN,2018,Neutral Zone Infraction,1.0
MIN,2018,Offensive Holding,22.0
MIN,2018,Offensive Pass Interference,1.0
MIN,2018,Offensive Too Many Men on Field,1.0
MIN,2018,Roughing the Passer,4.0
MIN,2018,Unnecessary Roughness,6.0
MIN,2018,Unsportsmanlike Conduct,3.0
MIN,2019,Defensive Holding,7.0
MIN,2019,Defensive Offside,2.0
MIN,2019,Defensive Pass Interference,7.0
MIN,2019,Delay of Game,1.0
MIN,2019,False Start,17.0
MIN,2019,Horse Collar Tackle,1.0
MIN,2019,Illegal Blindside Block,2.0
MIN,2019,Illegal Block Above the Waist,4.0
MIN,2019,Illegal Contact,2.0
MIN,2019,Illegal Formation,1.0
MIN,2019,Illegal Use of Hands,5.0
MIN,2019,Ineligible Downfield Pass,1.0
MIN,2019,Intentional Grounding,1.0
MIN,2019,Kick Catch Interference,1.0
MIN,2019,Neutral Zone Infraction,7.0
MIN,2019,Offensive Holding,29.0
MIN,2019,Offensive Pass Interference,3.0
MIN,2019,Roughing the Passer,3.0
MIN,2019,Unnecessary Roughness,5.0
MIN,2019,Unsportsmanlike Conduct,2.0
MIN,2020,Chop Block,1.0
MIN,2020,Defensive Holding,4.0
MIN,2020,Defensive Offside,1.0
MIN,2020,Defensive Pass Interference,6.0
MIN,2020,Defensive Too Many Men on Field,2.0
MIN,2020,Delay of Game,7.0
MIN,2020,Disqualification,1.0
MIN,2020,Face Mask,2.0
MIN,2020,False Start,16.0
MIN,2020,Illegal Block Above the Waist,5.0
MIN,2020,Illegal Contact,3.0
MIN,2020,Illegal Crackback,1.0
MIN,2020,Illegal Forward Pass,1.0
MIN,2020,Illegal Shift,1.0
MIN,2020,Illegal Touch Kick,1.0
MIN,2020,Lowering the Head to Initiate Contact,3.0
MIN,2020,Neutral Zone Infraction,3.0
MIN,2020,Offensive Holding,19.0
MIN,2020,Offensive Offside,1.0
MIN,2020,Offensive Pass Interference,3.0
MIN,2020,Unnecessary Roughness,1.0
MIN,2021,Defensive Delay of Game,2.0
MIN,2021,Defensive Holding,8.0
MIN,2021,Defensive Offside,3.0
MIN,2021,Defensive Pass Interference,10.0
MIN,2021,Defensive Too Many Men on Field,1.0
MIN,2021,Delay of Game,3.0
MIN,2021,Disqualification,1.0
MIN,2021,Encroachment,1.0
MIN,2021,Face Mask,2.0
MIN,2021,False Start,16.0
MIN,2021,Horse Collar Tackle,2.0
MIN,2021,Illegal Block Above the Waist,1.0
MIN,2021,Illegal Contact,1.0
MIN,2021,Illegal Crackback,1.0
MIN,2021,Illegal Forward Pass,1.0
MIN,2021,Illegal Use of Hands,4.0
MIN,2021,Ineligible Downfield Pass,1.0
MIN,2021,Intentional Grounding,2.0
MIN,2021,Neutral Zone Infraction,4.0
MIN,2021,Offensive Holding,31.0
MIN,2021,Offensive Pass Interference,2.0
MIN,2021,Roughing the Passer,4.0
MIN,2021,Taunting,1.0
MIN,2021,Unnecessary Roughness,7.0
MIN,2021,Unsportsmanlike Conduct,2.0
MIN,2022,Defensive Holding,5.0
MIN,2022,Defensive Offside,4.0
MIN,2022,Defensive Pass Interference,6.0
MIN,2022,Defensive Too Many Men on Field,2.0
MIN,2022,Delay of Game,10.0
MIN,2022,Encroachment,1.0
MIN,2022,Face Mask,4.0
MIN,2022,False Start,22.0
MIN,2022,Horse Collar Tackle,2.0
MIN,2022,Illegal Contact,3.0
MIN,2022,Illegal Use of Hands,1.0
MIN,2022,Ineligible Downfield Kick,1.0
MIN,2022,Ineligible Downfield Pass,1.0
MIN,2022,Intentional Grounding,1.0
MIN,2022,Low Block,1.0
MIN,2022,Neutral Zone Infraction,2.0
MIN,2022,Offensive Holding,12.0
MIN,2022,Offensive Pass Interference,4.0
MIN,2022,Offensive Too Many Men on Field,1.0
MIN,2022,Offside on Free Kick,1.0
MIN,2022,Player Out of Bounds on Kick,1.0
MIN,2022,Taunting,1.0
MIN,2022,Unnecessary Roughness,3.0
MIN,2022,Unsportsmanlike Conduct,2.0
MIN,2023,Defensive Holding,2.0
MIN,2023,Defensive Offside,4.0
MIN,2023,Defensive Pass Interference,4.0
MIN,2023,Defensive Too Many Men on Field,2.0
MIN,2023,Delay of Game,11.0
MIN,2023,Encroachment,1.0
MIN,2023,Face Mask,1.0
MIN,2023,False Start,18.0
MIN,2023,Illegal Blindside Block,1.0
MIN,2023,Illegal Block Above the Waist,1.0
MIN,2023,Illegal Contact,2.0
MIN,2023,Illegal Formation,2.0
MIN,2023,Illegal Forward Pass,1.0
MIN,2023,Illegal Use of Hands,3.0
MIN,2023,Ineligible Downfield Pass,4.0
MIN,2023,Intentional Grounding,5.0
MIN,2023,Neutral Zone Infraction,3.0
MIN,2023,Offensive Holding,18.0
MIN,2023,Offensive Pass Interference,2.0
MIN,2023,Offensive Too Many Men on Field,1.0
MIN,2023,Roughing the Passer,1.0
MIN,2023,Unnecessary Roughness,2.0
MIN,2024,Defensive Holding,2.0
MIN,2024,Defensive Offside,4.0
MIN,2024,Defensive Pass Interference,10.0
MIN,2024,Defensive Too Many Men on Field,4.0
MIN,2024,Delay of Game,6.0
MIN,2024,Face Mask,3.0
MIN,2024,Fair Catch Interference,1.0
MIN,2024,False Start,25.0
MIN,2024,Illegal Block Above the Waist,3.0
MIN,2024,Illegal Formation,8.0
MIN,2024,Illegal Motion,1.0
MIN,2024,Illegal Shift,2.0
MIN,2024,Illegal Use of Hands,4.0
MIN,2024,Intentional Grounding,3.0
MIN,2024,Kickoff Short of Landing Zone,1.0
MIN,2024,Low Block,1.0
MIN,2024,Neutral Zone Infraction,5.0
MIN,2024,Offensive Holding,16.0
MIN,2024,Offensive Offside,1.0
MIN,2024,Offensive Pass Interference,3.0
MIN,2024,Roughing the Kicker,1.0
MIN,2024,Roughing the Passer,2.0
MIN,2024,Running Into the Kicker,1.0
MIN,2024,Taunting,2.0
MIN,2024,Unnecessary Roughness,2.0
MIN,2025,Defensive Holding,1.0
MIN,2025,Defensive Offside,5.0
MIN,2025,Defensive Pass Interference,4.0
MIN,2025,Defensive Too Many Men on Field,3.0
MIN,2025,Delay of Game,5.0
MIN,2025,Encroachment,1.0
MIN,2025,Face Mask,2.0
MIN,2025,Fair Catch Interference,1.0
MIN,2025,False Start,26.0
MIN,2025,Illegal Blindside Block,1.0
MIN,2025,Illegal Block Above the Waist,2.0
MIN,2025,Illegal Contact,5.0
MIN,2025,Illegal Formation,6.0
MIN,2025,Illegal Use of Hands,2.0
MIN,2025,Ineligible Downfield Pass,1.0
MIN,2025,Intentional Grounding,2.0
MIN,2025,Kickoff Out of Bounds,1.0
MIN,2025,Kickoff Short of Landing Zone,1.0
MIN,2025,Neutral Zone Infraction,4.0
MIN,2025,Offensive Holding,25.0
MIN,2025,Offensive Offside,1.0
MIN,2025,Roughing the Passer,5.0
MIN,2025,Taunting,1.0
MIN,2025,Unnecessary Roughness,5.0
MIN,2025,Unsportsmanlike Conduct,1.0
NE,2016,Chop Block,1.0
NE,2016,Clipping,1.0
NE,2016,Defensive 12 On-field,3.0
NE,2016,Defensive Holding,6.0
NE,2016,Defensive Offside,1.0
NE,2016,Defensive Pass Interference,8.0
NE,2016,Delay of Game,2.0
NE,2016,Disqualification,1.0
NE,2016,Encroachment,1.0
NE,2016,Face Mask,1.0
NE,2016,False Start,18.0
NE,2016,Illegal Block Above the Waist,2.0
NE,2016,Illegal Contact,2.0
NE,2016,Illegal Formation,1.0
NE,2016,Illegal Shift,2.0
NE,2016,Illegal Touch Kick,1.0
NE,2016,Illegal Use of Hands,5.0
NE,2016,Ineligible Downfield Pass,1.0
NE,2016,Intentional Grounding,2.0
NE,2016,Leaping,1.0
NE,2016,Neutral Zone Infraction,2.0
NE,2016,Offensive Holding,30.0
NE,2016,Offensive Pass Interference,3.0
NE,2016,Offside on Free Kick,1.0
NE,2016,Roughing the Passer,1.0
NE,2016,Taunting,1.0
NE,2016,Tripping,1.0
NE,2016,Unnecessary Roughness,3.0
NE,2016,Unsportsmanlike Conduct,2.0
NE,2017,Clipping,1.0
NE,2017,Defensive 12 On-field,1.0
NE,2017,Defensive Holding,7.0
NE,2017,Defensive Offside,2.0
NE,2017,Defensive Pass Interference,6.0
NE,2017,Delay of Game,3.0
NE,2017,Encroachment,1.0
NE,2017,Face Mask,1.0
NE,2017,False Start,16.0
NE,2017,Illegal Block Above the Waist,7.0
NE,2017,Illegal Contact,2.0
NE,2017,Illegal Forward Pass,1.0
NE,2017,Illegal Motion,1.0
NE,2017,Illegal Peelback,1.0
NE,2017,Illegal Shift,2.0
NE,2017,Illegal Touch Pass,1.0
NE,2017,Illegal Use of Hands,3.0
NE,2017,Intentional Grounding,1.0
NE,2017,Interference with Opportunity to Catch,1.0
NE,2017,Neutral Zone Infraction,5.0
NE,2017,Offensive 12 On-field,1.0
NE,2017,Offensive Holding,18.0
NE,2017,Offensive Pass Interference,8.0
NE,2017,Offside on Free Kick,1.0
NE,2017,Roughing the Passer,3.0
NE,2017,Running Into the Kicker,3.0
NE,2017,Unnecessary Roughness,4.0
NE,2018,Chop Block,1.0
NE,2018,Defensive Holding,14.0
NE,2018,Defensive Offside,1.0
NE,2018,Defensive Pass Interference,8.0
NE,2018,Defensive Too Many Men on Field,3.0
NE,2018,Delay of Game,5.0
NE,2018,Face Mask,1.0
NE,2018,False Start,20.0
NE,2018,Illegal Block Above the Waist,3.0
NE,2018,Illegal Contact,1.0
NE,2018,Illegal Formation,4.0
NE,2018,Illegal Motion,1.0
NE,2018,Illegal Shift,3.0
NE,2018,Illegal Use of Hands,2.0
NE,2018,Ineligible Downfield Kick,2.0
NE,2018,Intentional Grounding,1.0
NE,2018,Leverage,1.0
NE,2018,Neutral Zone Infraction,2.0
NE,2018,Offensive Holding,24.0
NE,2018,Offensive Pass Interference,4.0
NE,2018,Roughing the Passer,3.0
NE,2018,Tripping,1.0
NE,2018,Unnecessary Roughness,5.0
NE,2018,Unsportsmanlike Conduct,1.0
NE,2019,Defensive Holding,10.0
NE,2019,Defensive Offside,3.0
NE,2019,Defensive Pass Interference,9.0
NE,2019,Defensive Too Many Men on Field,2.0
NE,2019,Delay of Game,2.0
NE,2019,Delay of Kickoff,1.0
NE,2019,Face Mask,1.0
NE,2019,False Start,15.0
NE,2019,Horse Collar Tackle,1.0
NE,2019,Illegal Block Above the Waist,4.0
NE,2019,Illegal Contact,1.0
NE,2019,Illegal Shift,1.0
NE,2019,Illegal Use of Hands,7.0
NE,2019,Ineligible Downfield Pass,1.0
NE,2019,Intentional Grounding,4.0
NE,2019,Lowering the Head to Initiate Contact,1.0
NE,2019,Neutral Zone Infraction,4.0
NE,2019,Offensive Holding,13.0
NE,2019,Offensive Pass Interference,8.0
NE,2019,Roughing the Passer,4.0
NE,2019,Unnecessary Roughness,3.0
NE,2019,Unsportsmanlike Conduct,2.0
NE,2020,Defensive Holding,6.0
NE,2020,Defensive Offside,2.0
NE,2020,Defensive Pass Interference,7.0
NE,2020,Defensive Too Many Men on Field,2.0
NE,2020,Delay of Game,1.0
NE,2020,Encroachment,1.0
NE,2020,Face Mask,1.0
NE,2020,False Start,6.0
NE,2020,Illegal Blindside Block,1.0
NE,2020,Illegal Block Above the Waist,3.0
NE,2020,Illegal Contact,2.0
NE,2020,Illegal Double-Team Block,1.0
NE,2020,Illegal Formation,1.0
NE,2020,Illegal Shift,1.0
NE,2020,Illegal Use of Hands,2.0
NE,2020,Ineligible Downfield Pass,1.0
NE,2020,Lowering the Head to Initiate Contact,1.0
NE,2020,Neutral Zone Infraction,6.0
NE,2020,Offensive Holding,13.0
NE,2020,Offensive Pass Interference,1.0
NE,2020,Unnecessary Roughness,3.0
NE,2021,Defensive Holding,3.0
NE,2021,Defensive Offside,4.0
NE,2021,Defensive Pass Interference,8.0
NE,2021,Defensive Too Many Men on Field,1.0
NE,2021,Delay of Game,9.0
NE,2021,Encroachment,3.0
NE,2021,Face Mask,1.0
NE,2021,False Start,17.0
NE,2021,Horse Collar Tackle,2.0
NE,2021,Illegal Blindside Block,2.0
NE,2021,Illegal Block Above the Waist,2.0
NE,2021,Illegal Contact,1.0
NE,2021,Illegal Formation,2.0
NE,2021,Illegal Shift,1.0
NE,2021,Illegal Use of Hands,2.0
NE,2021,Ineligible Downfield Pass,1.0
NE,2021,Intentional Grounding,1.0
NE,2021,Neutral Zone Infraction,3.0
NE,2021,Offensive Holding,25.0
NE,2021,Offensive Too Many Men on Field,1.0
NE,2021,Roughing the Passer,3.0
NE,2021,Unnecessary Roughness,6.0
NE,2021,Unsportsmanlike Conduct,2.0
NE,2022,Defensive Holding,7.0
NE,2022,Defensive Offside,1.0
NE,2022,Defensive Pass Interference,5.0
NE,2022,Defensive Too Many Men on Field,2.0
NE,2022,Delay of Game,8.0
NE,2022,Encroachment,2.0
NE,2022,Face Mask,4.0
NE,2022,False Start,20.0
NE,2022,Horse Collar Tackle,1.0
NE,2022,Illegal Blindside Block,1.0
NE,2022,Illegal Block Above the Waist,4.0
NE,2022,Illegal Contact,2.0
NE,2022,Illegal Formation,2.0
NE,2022,Illegal Touch Pass,1.0
NE,2022,Illegal Use of Hands,1.0
NE,2022,Ineligible Downfield Kick,1.0
NE,2022,Ineligible Downfield Pass,1.0
NE,2022,Intentional Grounding,4.0
NE,2022,Neutral Zone Infraction,4.0
NE,2022,Offensive Holding,18.0
NE,2022,Offensive Pass Interference,1.0
NE,2022,Offensive Too Many Men on Field,1.0
NE,2022,Roughing the Passer,4.0
NE,2022,Running Into the Kicker,3.0
NE,2022,Tripping,1.0
NE,2022,Unnecessary Roughness,5.0
NE,2023,Defensive Holding,6.0
NE,2023,Defensive Offside,4.0
NE,2023,Defensive Pass Interference,6.0
NE,2023,Delay of Game,8.0
NE,2023,Face Mask,3.0
NE,2023,False Start,14.0
NE,2023,Illegal Blindside Block,1.0
NE,2023,Illegal Block Above the Waist,1.0
NE,2023,Illegal Contact,1.0
NE,2023,Illegal Formation,1.0
NE,2023,Illegal Shift,3.0
NE,2023,Illegal Touch Kick,1.0
NE,2023,Illegal Use of Hands,1.0
NE,2023,Ineligible Downfield Pass,2.0
NE,2023,Leverage,1.0
NE,2023,Neutral Zone Infraction,4.0
NE,2023,Offensive Holding,18.0
NE,2023,Offensive Pass Interference,1.0
NE,2023,Offensive Too Many Men on Field,2.0
NE,2023,Player Out of Bounds on Kick,1.0
NE,2023,Roughing the Passer,2.0
NE,2023,Unnecessary Roughness,7.0
NE,2023,Unsportsmanlike Conduct,1.0
NE,2024,Chop Block,1.0
NE,2024,Defensive Holding,4.0
NE,2024,Defensive Offside,2.0
NE,2024,Defensive Pass Interference,12.0
NE,2024,Defensive Too Many Men on Field,2.0
NE,2024,Delay of Game,6.0
NE,2024,Face Mask,1.0
NE,2024,False Start,23.0
NE,2024,Horse Collar Tackle,4.0
NE,2024,Illegal Block Above the Waist,3.0
NE,2024,Illegal Contact,1.0
NE,2024,Illegal Formation,4.0
NE,2024,Illegal Shift,3.0
NE,2024,Illegal Touch Pass,1.0
NE,2024,Illegal Use of Hands,2.0
NE,2024,Ineligible Downfield Pass,4.0
NE,2024,Intentional Grounding,1.0
NE,2024,Kickoff Short of Landing Zone,1.0
NE,2024,Leverage,1.0
NE,2024,Neutral Zone Infraction,2.0
NE,2024,Offensive Holding,25.0
NE,2024,Offensive Pass Interference,1.0
NE,2024,Roughing the Passer,6.0
NE,2024,Unnecessary Roughness,1.0
NE,2025,Defensive Holding,6.0
NE,2025,Defensive Offside,3.0
NE,2025,Defensive Pass Interference,12.0
NE,2025,Delay of Game,4.0
NE,2025,Face Mask,7.0
NE,2025,False Start,22.0
NE,2025,Illegal Block Above the Waist,4.0
NE,2025,Illegal Contact,2.0
NE,2025,Illegal Formation,2.0
NE,2025,Illegal Shift,2.0
NE,2025,Illegal Use of Hands,1.0
NE,2025,Ineligible Downfield Pass,2.0
NE,2025,Kickoff Short of Landing Zone,2.0
NE,2025,Leverage,1.0
NE,2025,Low Block,1.0
NE,2025,Neutral Zone Infraction,2.0
NE,2025,Offensive Holding,22.0
NE,2025,Offensive Pass Interference,6.0
NE,2025,Offensive Too Many Men on Field,1.0
NE,2025,Roughing the Passer,2.0
NE,2025,Unnecessary Roughness,4.0
NO,2016,Defensive 12 On-field,2.0
NO,2016,Defensive Holding,7.0
NO,2016,Defensive Offside,4.0
NO,2016,Defensive Pass Interference,15.0
NO,2016,Delay of Game,10.0
NO,2016,Encroachment,2.0
NO,2016,Face Mask,2.0
NO,2016,False Start,20.0
NO,2016,Horse Collar Tackle,1.0
NO,2016,Illegal Block Above the Waist,5.0
NO,2016,Illegal Use of Hands,2.0
NO,2016,Ineligible Downfield Kick,1.0
NO,2016,Ineligible Downfield Pass,1.0
NO,2016,Intentional Grounding,3.0
NO,2016,Leverage,1.0
NO,2016,Neutral Zone Infraction,2.0
NO,2016,Offensive Holding,15.0
NO,2016,Offensive Pass Interference,3.0
NO,2016,Offside on Free Kick,1.0
NO,2016,Player Out of Bounds on Punt,1.0
NO,2016,Roughing the Kicker,1.0
NO,2016,Roughing the Passer,1.0
NO,2016,Taunting,1.0
NO,2016,Unnecessary Roughness,6.0
NO,2017,Defensive 12 On-field,1.0
NO,2017,Defensive Holding,20.0
NO,2017,Defensive Offside,4.0
NO,2017,Defensive Pass Interference,13.0
NO,2017,Delay of Game,6.0
NO,2017,Encroachment,1.0
NO,2017,Face Mask,5.0
NO,2017,False Start,6.0
NO,2017,Horse Collar Tackle,3.0
NO,2017,Illegal Block Above the Waist,4.0
NO,2017,Illegal Contact,1.0
NO,2017,Illegal Formation,4.0
NO,2017,Illegal Motion,1.0
NO,2017,Illegal Shift,3.0
NO,2017,Illegal Use of Hands,3.0
NO,2017,Ineligible Downfield Pass,1.0
NO,2017,Intentional Grounding,2.0
NO,2017,Offensive Holding,21.0
NO,2017,Offensive Pass Interference,5.0
NO,2017,Roughing the Passer,3.0
NO,2017,Unnecessary Roughness,9.0
NO,2017,Unsportsmanlike Conduct,3.0
NO,2018,Defensive Holding,7.0
NO,2018,Defensive Offside,1.0
NO,2018,Defensive Pass Interference,19.0
NO,2018,Delay of Game,5.0
NO,2018,Face Mask,3.0
NO,2018,False Start,14.0
NO,2018,Horse Collar Tackle,1.0
NO,2018,Illegal Block Above the Waist,3.0
NO,2018,Illegal Contact,3.0
NO,2018,Illegal Formation,2.0
NO,2018,Illegal Motion,1.0
NO,2018,Illegal Touch Kick,1.0
NO,2018,Illegal Use of Hands,1.0
NO,2018,Intentional Grounding,1.0
NO,2018,Lowering the Head to Initiate Contact,1.0
NO,2018,Neutral Zone Infraction,1.0
NO,2018,Offensive Holding,25.0
NO,2018,Offensive Pass Interference,2.0
NO,2018,Player Out of Bounds on Kick,1.0
NO,2018,Roughing the Passer,6.0
NO,2018,Running Into the Kicker,1.0
NO,2018,Taunting,2.0
NO,2018,Unnecessary Roughness,5.0
NO,2018,Unsportsmanlike Conduct,2.0
NO,2019,Chop Block,1.0
NO,2019,Defensive Holding,13.0
NO,2019,Defensive Offside,4.0
NO,2019,Defensive Pass Interference,13.0
NO,2019,Delay of Game,5.0
NO,2019,Face Mask,2.0
NO,2019,False Start,17.0
NO,2019,Illegal Blindside Block,1.0
NO,2019,Illegal Block Above the Waist,7.0
NO,2019,Illegal Contact,1.0
NO,2019,Illegal Double-Team Block,1.0
NO,2019,Illegal Formation,1.0
NO,2019,Illegal Shift,2.0
NO,2019,Illegal Use of Hands,9.0
NO,2019,Intentional Grounding,2.0
NO,2019,Invalid Fair Catch Signal,1.0
NO,2019,Leverage,1.0
NO,2019,Lowering the Head to Initiate Contact,1.0
NO,2019,Neutral Zone Infraction,1.0
NO,2019,Offensive Holding,29.0
NO,2019,Offensive Pass Interference,5.0
NO,2019,Roughing the Kicker,2.0
NO,2019,Roughing the Passer,1.0
NO,2019,Tripping,1.0
NO,2019,Unnecessary Roughness,5.0
NO,2020,Defensive Holding,10.0
NO,2020,Defensive Offside,2.0
NO,2020,Defensive Pass Interference,19.0
NO,2020,Delay of Game,6.0
NO,2020,Disqualification,1.0
NO,2020,Face Mask,2.0
NO,2020,False Start,12.0
NO,2020,Horse Collar Tackle,2.0
NO,2020,Illegal Blindside Block,1.0
NO,2020,Illegal Block Above the Waist,1.0
NO,2020,Illegal Contact,3.0
NO,2020,Illegal Formation,3.0
NO,2020,Illegal Use of Hands,1.0
NO,2020,Illegal Wedge,1.0
NO,2020,Intentional Grounding,1.0
NO,2020,Lowering the Head to Initiate Contact,1.0
NO,2020,Neutral Zone Infraction,5.0
NO,2020,Offensive Holding,15.0
NO,2020,Offensive Pass Interference,3.0
NO,2020,Roughing the Kicker,1.0
NO,2020,Roughing the Passer,8.0
NO,2020,Taunting,1.0
NO,2020,Unnecessary Roughness,6.0
NO,2020,Unsportsmanlike Conduct,2.0
NO,2021,Defensive Holding,3.0
NO,2021,Defensive Offside,2.0
NO,2021,Defensive Pass Interference,12.0
NO,2021,Delay of Game,9.0
NO,2021,Encroachment,1.0
NO,2021,Face Mask,1.0
NO,2021,False Start,20.0
NO,2021,Horse Collar Tackle,1.0
NO,2021,Illegal Blindside Block,1.0
NO,2021,Illegal Block Above the Waist,1.0
NO,2021,Illegal Formation,2.0
NO,2021,Illegal Shift,1.0
NO,2021,Illegal Substitution,1.0
NO,2021,Illegal Use of Hands,3.0
NO,2021,Intentional Grounding,2.0
NO,2021,Lowering the Head to Initiate Contact,2.0
NO,2021,Neutral Zone Infraction,2.0
NO,2021,Offensive Holding,17.0
NO,2021,Offensive Pass Interference,2.0
NO,2021,Roughing the Kicker,1.0
NO,2021,Roughing the Passer,5.0
NO,2021,Taunting,1.0
NO,2021,Unnecessary Roughness,7.0
NO,2021,Unsportsmanlike Conduct,1.0
NO,2022,Chop Block,1.0
NO,2022,Defensive Holding,14.0
NO,2022,Defensive Offside,2.0
NO,2022,Defensive Pass Interference,9.0
NO,2022,Defensive Too Many Men on Field,1.0
NO,2022,Delay of Game,4.0
NO,2022,Face Mask,2.0
NO,2022,False Start,25.0
NO,2022,Illegal Contact,1.0
NO,2022,Illegal Use of Hands,5.0
NO,2022,Ineligible Downfield Pass,2.0
NO,2022,Intentional Grounding,2.0
NO,2022,Leverage,1.0
NO,2022,Neutral Zone Infraction,2.0
NO,2022,Offensive Holding,13.0
NO,2022,Offensive Offside,1.0
NO,2022,Offensive Pass Interference,2.0
NO,2022,Offensive Too Many Men on Field,1.0
NO,2022,Player Out of Bounds on Kick,1.0
NO,2022,Roughing the Passer,4.0
NO,2022,Unnecessary Roughness,6.0
NO,2023,Defensive Holding,7.0
NO,2023,Defensive Offside,2.0
NO,2023,Defensive Pass Interference,13.0
NO,2023,Delay of Game,2.0
NO,2023,Face Mask,3.0
NO,2023,False Start,26.0
NO,2023,Illegal Contact,2.0
NO,2023,Illegal Formation,2.0
NO,2023,Illegal Use of Hands,2.0
NO,2023,Ineligible Downfield Kick,1.0
NO,2023,Intentional Grounding,3.0
NO,2023,Neutral Zone Infraction,1.0
NO,2023,Offensive Holding,23.0
NO,2023,Offensive Offside,1.0
NO,2023,Offensive Pass Interference,1.0
NO,2023,Roughing the Passer,3.0
NO,2023,Running Into the Kicker,1.0
NO,2023,Tripping,1.0
NO,2023,Unnecessary Roughness,2.0
NO,2024,Defensive Holding,7.0
NO,2024,Defensive Offside,4.0
NO,2024,Defensive Pass Interference,9.0
NO,2024,Delay of Game,6.0
NO,2024,Face Mask,4.0
NO,2024,False Start,13.0
NO,2024,Illegal Block Above the Waist,1.0
NO,2024,Illegal Formation,6.0
NO,2024,Illegal Motion,1.0
NO,2024,Illegal Shift,3.0
NO,2024,Illegal Use of Hands,2.0
NO,2024,Ineligible Downfield Pass,5.0
NO,2024,Intentional Grounding,1.0
NO,2024,Kick Catch Interference,1.0
NO,2024,Low Block,1.0
NO,2024,Neutral Zone Infraction,4.0
NO,2024,Offensive Holding,23.0
NO,2024,Offensive Pass Interference,1.0
NO,2024,Offensive Too Many Men on Field,1.0
NO,2024,Running Into the Kicker,2.0
NO,2024,Taunting,1.0
NO,2024,Unnecessary Roughness,13.0
NO,2024,Unsportsmanlike Conduct,1.0
NO,2025,Defensive Holding,6.0
NO,2025,Defensive Offside,5.0
NO,2025,Defensive Pass Interference,8.0
NO,2025,Defensive Too Many Men on Field,1.0
NO,2025,Delay of Game,1.0
NO,2025,Encroachment,1.0
NO,2025,Face Mask,3.0
NO,2025,False Start,30.0
NO,2025,Illegal Block Above the Waist,1.0
NO,2025,Illegal Formation,2.0
NO,2025,Illegal Forward Pass,2.0
NO,2025,Illegal Shift,4.0
NO,2025,Illegal Use of Hands,3.0
NO,2025,Ineligible Downfield Pass,3.0
NO,2025,Intentional Grounding,2.0
NO,2025,Kick Catch Interference,1.0
NO,2025,Kickoff Short of Landing Zone,3.0
NO,2025,Low Block,1.0
NO,2025,Neutral Zone Infraction,4.0
NO,2025,Offensive Holding,24.0
NO,2025,Offensive Offside,2.0
NO,2025,Offensive Pass Interference,1.0
NO,2025,Roughing the Kicker,1.0
NO,2025,Roughing the Passer,4.0
NO,2025,Taunting,1.0
NO,2025,Tripping,1.0
NO,2025,Unnecessary Roughness,3.0
NYG,2016,Defensive 12 On-field,1.0
NYG,2016,Defensive Holding,6.0
NYG,2016,Defensive Offside,5.0
NYG,2016,Defensive Pass Interference,9.0
NYG,2016,Delay of Game,2.0
NYG,2016,Disqualification,1.0
NYG,2016,Encroachment,2.0
NYG,2016,Face Mask,4.0
NYG,2016,False Start,14.0
NYG,2016,Illegal Block Above the Waist,7.0
NYG,2016,Illegal Formation,1.0
NYG,2016,Illegal Use of Hands,3.0
NYG,2016,Intentional Grounding,1.0
NYG,2016,Interference with Opportunity to Catch,1.0
NYG,2016,Invalid Fair Catch Signal,1.0
NYG,2016,Neutral Zone Infraction,1.0
NYG,2016,Offensive Holding,18.0
NYG,2016,Offensive Pass Interference,2.0
NYG,2016,Roughing the Passer,5.0
NYG,2016,Taunting,1.0
NYG,2016,Unnecessary Roughness,3.0
NYG,2016,Unsportsmanlike Conduct,3.0
NYG,2017,Defensive 12 On-field,1.0
NYG,2017,Defensive Holding,3.0
NYG,2017,Defensive Offside,6.0
NYG,2017,Defensive Pass Interference,11.0
NYG,2017,Delay of Game,6.0
NYG,2017,Face Mask,1.0
NYG,2017,False Start,16.0
NYG,2017,Illegal Block Above the Waist,3.0
NYG,2017,Illegal Shift,2.0
NYG,2017,Illegal Touch Pass,2.0
NYG,2017,Illegal Use of Hands,3.0
NYG,2017,Ineligible Downfield Pass,1.0
NYG,2017,Interference with Opportunity to Catch,1.0
NYG,2017,Invalid Fair Catch Signal,1.0
NYG,2017,Neutral Zone Infraction,1.0
NYG,2017,Offensive 12 On-field,1.0
NYG,2017,Offensive Holding,18.0
NYG,2017,Offensive Pass Interference,4.0
NYG,2017,Roughing the Passer,3.0
NYG,2017,Unnecessary Roughness,3.0
NYG,2017,Unsportsmanlike Conduct,4.0
NYG,2018,Defensive Holding,7.0
NYG,2018,Defensive Offside,4.0
NYG,2018,Defensive Pass Interference,11.0
NYG,2018,Defensive Too Many Men on Field,1.0
NYG,2018,Delay of Game,5.0
NYG,2018,Encroachment,3.0
NYG,2018,Face Mask,3.0
NYG,2018,False Start,19.0
NYG,2018,Horse Collar Tackle,2.0
NYG,2018,Illegal Block Above the Waist,7.0
NYG,2018,Illegal Formation,2.0
NYG,2018,Illegal Touch Kick,1.0
NYG,2018,Illegal Use of Hands,3.0
NYG,2018,Neutral Zone Infraction,6.0
NYG,2018,Offensive Holding,21.0
NYG,2018,Offensive Pass Interference,2.0
NYG,2018,Offensive Too Many Men on Field,1.0
NYG,2018,Roughing the Passer,6.0
NYG,2018,Running Into the Kicker,1.0
NYG,2018,Tripping,1.0
NYG,2018,Unnecessary Roughness,7.0
NYG,2019,Chop Block,1.0
NYG,2019,Defensive Holding,11.0
NYG,2019,Defensive Offside,2.0
NYG,2019,Defensive Pass Interference,11.0
NYG,2019,Defensive Too Many Men on Field,1.0
NYG,2019,Delay of Game,3.0
NYG,2019,Fair Catch Interference,1.0
NYG,2019,False Start,8.0
NYG,2019,Horse Collar Tackle,1.0
NYG,2019,Illegal Block Above the Waist,4.0
NYG,2019,Illegal Contact,1.0
NYG,2019,Illegal Formation,4.0
NYG,2019,Illegal Use of Hands,2.0
NYG,2019,Ineligible Downfield Pass,2.0
NYG,2019,Intentional Grounding,1.0
NYG,2019,Neutral Zone Infraction,6.0
NYG,2019,Offensive Holding,20.0
NYG,2019,Offensive Pass Interference,5.0
NYG,2019,Roughing the Passer,1.0
NYG,2019,Running Into the Kicker,1.0
NYG,2019,Unnecessary Roughness,3.0
NYG,2019,Unsportsmanlike Conduct,1.0
NYG,2020,Defensive Holding,6.0
NYG,2020,Defensive Offside,3.0
NYG,2020,Defensive Pass Interference,5.0
NYG,2020,Defensive Too Many Men on Field,1.0
NYG,2020,Delay of Game,5.0
NYG,2020,Encroachment,3.0
NYG,2020,Face Mask,2.0
NYG,2020,False Start,17.0
NYG,2020,Illegal Block Above the Waist,2.0
NYG,2020,Illegal Contact,2.0
NYG,2020,Illegal Crackback,1.0
NYG,2020,Illegal Formation,1.0
NYG,2020,Illegal Shift,1.0
NYG,2020,Illegal Touch Kick,1.0
NYG,2020,Lowering the Head to Initiate Contact,2.0
NYG,2020,Neutral Zone Infraction,1.0
NYG,2020,Offensive Holding,11.0
NYG,2020,Offensive Pass Interference,7.0
NYG,2020,Offside on Free Kick,1.0
NYG,2020,Roughing the Passer,2.0
NYG,2020,Running Into the Kicker,1.0
NYG,2020,Unnecessary Roughness,6.0
NYG,2021,Defensive Holding,2.0
NYG,2021,Defensive Offside,5.0
NYG,2021,Defensive Pass Interference,5.0
NYG,2021,Defensive Too Many Men on Field,1.0
NYG,2021,Delay of Game,4.0
NYG,2021,Face Mask,2.0
NYG,2021,Fair Catch Interference,1.0
NYG,2021,False Start,21.0
NYG,2021,Illegal Block Above the Waist,2.0
NYG,2021,Illegal Contact,1.0
NYG,2021,Illegal Forward Pass,1.0
NYG,2021,Illegal Motion,1.0
NYG,2021,Illegal Shift,1.0
NYG,2021,Illegal Substitution,1.0
NYG,2021,Illegal Touch Kick,1.0
NYG,2021,Illegal Use of Hands,2.0
NYG,2021,Ineligible Downfield Pass,4.0
NYG,2021,Intentional Grounding,1.0
NYG,2021,Neutral Zone Infraction,2.0
NYG,2021,Offensive Holding,15.0
NYG,2021,Offensive Pass Interference,2.0
NYG,2021,Roughing the Passer,2.0
NYG,2021,Running Into the Kicker,1.0
NYG,2021,Taunting,2.0
NYG,2021,Unnecessary Roughness,7.0
NYG,2021,Unsportsmanlike Conduct,1.0
NYG,2022,Defensive Holding,11.0
NYG,2022,Defensive Offside,2.0
NYG,2022,Defensive Pass Interference,6.0
NYG,2022,Delay of Game,8.0
NYG,2022,Encroachment,1.0
NYG,2022,Face Mask,2.0
NYG,2022,False Start,19.0
NYG,2022,Illegal Blindside Block,1.0
NYG,2022,Illegal Block Above the Waist,3.0
NYG,2022,Illegal Contact,5.0
NYG,2022,Illegal Formation,5.0
NYG,2022,Illegal Kick/Kicking Loose Ball,1.0
NYG,2022,Illegal Shift,1.0
NYG,2022,Illegal Use of Hands,3.0
NYG,2022,Ineligible Downfield Pass,4.0
NYG,2022,Intentional Grounding,3.0
NYG,2022,Neutral Zone Infraction,2.0
NYG,2022,Offensive Holding,13.0
NYG,2022,Offensive Pass Interference,6.0
NYG,2022,Player Out of Bounds on Kick,2.0
NYG,2022,Roughing the Passer,8.0
NYG,2022,Taunting,1.0
NYG,2022,Tripping,1.0
NYG,2022,Unnecessary Roughness,4.0
NYG,2023,Defensive Delay of Game,2.0
NYG,2023,Defensive Holding,10.0
NYG,2023,Defensive Offside,2.0
NYG,2023,Defensive Pass Interference,6.0
NYG,2023,Defensive Too Many Men on Field,1.0
NYG,2023,Delay of Game,2.0
NYG,2023,Encroachment,2.0
NYG,2023,Face Mask,1.0
NYG,2023,False Start,18.0
NYG,2023,Illegal Contact,3.0
NYG,2023,Illegal Formation,1.0
NYG,2023,Illegal Shift,2.0
NYG,2023,Illegal Use of Hands,1.0
NYG,2023,Ineligible Downfield Kick,2.0
NYG,2023,Ineligible Downfield Pass,2.0
NYG,2023,Intentional Grounding,1.0
NYG,2023,Neutral Zone Infraction,1.0
NYG,2023,Offensive Holding,22.0
NYG,2023,Offensive Too Many Men on Field,1.0
NYG,2023,Roughing the Passer,4.0
NYG,2023,Unnecessary Roughness,4.0
NYG,2023,Unsportsmanlike Conduct,1.0
NYG,2024,Chop Block,1.0
NYG,2024,Defensive Holding,4.0
NYG,2024,Defensive Offside,6.0
NYG,2024,Defensive Pass Interference,10.0
NYG,2024,Defensive Too Many Men on Field,1.0
NYG,2024,Delay of Game,10.0
NYG,2024,Face Mask,3.0
NYG,2024,False Start,26.0
NYG,2024,Illegal Blindside Block,1.0
NYG,2024,Illegal Block Above the Waist,1.0
NYG,2024,Illegal Contact,1.0
NYG,2024,Illegal Formation,2.0
NYG,2024,Illegal Shift,7.0
NYG,2024,Illegal Use of Hands,1.0
NYG,2024,Ineligible Downfield Pass,5.0
NYG,2024,Intentional Grounding,1.0
NYG,2024,Kickoff Short of Landing Zone,1.0
NYG,2024,Neutral Zone Infraction,4.0
NYG,2024,Offensive Holding,17.0
NYG,2024,Offensive Offside,1.0
NYG,2024,Offensive Pass Interference,3.0
NYG,2024,Offensive Too Many Men on Field,1.0
NYG,2024,Roughing the Kicker,1.0
NYG,2024,Roughing the Passer,2.0
NYG,2024,Unnecessary Roughness,1.0
NYG,2024,Unsportsmanlike Conduct,1.0
NYG,2025,Chop Block,1.0
NYG,2025,Defensive Delay of Game,1.0
NYG,2025,Defensive Holding,7.0
NYG,2025,Defensive Offside,7.0
NYG,2025,Defensive Pass Interference,14.0
NYG,2025,Defensive Too Many Men on Field,1.0
NYG,2025,Delay of Game,10.0
NYG,2025,Encroachment,1.0
NYG,2025,False Start,26.0
NYG,2025,Illegal Blindside Block,1.0
NYG,2025,Illegal Block Above the Waist,2.0
NYG,2025,Illegal Contact,5.0
NYG,2025,Illegal Formation,1.0
NYG,2025,Illegal Shift,3.0
NYG,2025,Illegal Touch Pass,1.0
NYG,2025,Illegal Use of Hands,2.0
NYG,2025,Ineligible Downfield Pass,1.0
NYG,2025,Intentional Grounding,1.0
NYG,2025,Kickoff Out of Bounds,2.0
NYG,2025,Kickoff Short of Landing Zone,3.0
NYG,2025,Neutral Zone Infraction,4.0
NYG,2025,Offensive Holding,18.0
NYG,2025,Offensive Offside,1.0
NYG,2025,Offensive Pass Interference,3.0
NYG,2025,Roughing the Passer,2.0
NYG,2025,Taunting,1.0
NYG,2025,Tripping,2.0
NYG,2025,Unnecessary Roughness,6.0
NYG,2025,Unsportsmanlike Conduct,1.0
NYJ,2016,Defensive 12 On-field,1.0
NYJ,2016,Defensive Holding,7.0
NYJ,2016,Defensive Offside,1.0
NYJ,2016,Defensive Pass Interference,12.0
NYJ,2016,Delay of Game,3.0
NYJ,2016,Encroachment,1.0
NYJ,2016,Face Mask,2.0
NYJ,2016,False Start,17.0
NYJ,2016,Illegal Block Above the Waist,3.0
NYJ,2016,Illegal Contact,1.0
NYJ,2016,Illegal Formation,1.0
NYJ,2016,Illegal Shift,1.0
NYJ,2016,Illegal Substitution,1.0
NYJ,2016,Illegal Use of Hands,3.0
NYJ,2016,Intentional Grounding,1.0
NYJ,2016,Neutral Zone Infraction,9.0
NYJ,2016,Offensive Holding,17.0
NYJ,2016,Offensive Pass Interference,1.0
NYJ,2016,Offside on Free Kick,1.0
NYJ,2016,Taunting,2.0
NYJ,2016,Unnecessary Roughness,8.0
NYJ,2017,Defensive 12 On-field,3.0
NYJ,2017,Defensive Holding,14.0
NYJ,2017,Defensive Offside,4.0
NYJ,2017,Defensive Pass Interference,9.0
NYJ,2017,Delay of Game,3.0
NYJ,2017,Encroachment,3.0
NYJ,2017,Face Mask,2.0
NYJ,2017,False Start,14.0
NYJ,2017,Illegal Block Above the Waist,4.0
NYJ,2017,Illegal Contact,4.0
NYJ,2017,Illegal Formation,2.0
NYJ,2017,Illegal Motion,1.0
NYJ,2017,Illegal Substitution,2.0
NYJ,2017,Illegal Use of Hands,8.0
NYJ,2017,Ineligible Downfield Pass,1.0
NYJ,2017,Leverage,1.0
NYJ,2017,Neutral Zone Infraction,2.0
NYJ,2017,Offensive 12 On-field,1.0
NYJ,2017,Offensive Holding,20.0
NYJ,2017,Offensive Pass Interference,5.0
NYJ,2017,Roughing the Passer,5.0
NYJ,2017,Taunting,1.0
NYJ,2017,Unnecessary Roughness,9.0
NYJ,2017,Unsportsmanlike Conduct,1.0
NYJ,2018,Chop Block,1.0
NYJ,2018,Defensive Holding,9.0
NYJ,2018,Defensive Offside,2.0
NYJ,2018,Defensive Pass Interference,8.0
NYJ,2018,Defensive Too Many Men on Field,1.0
NYJ,2018,Delay of Game,4.0
NYJ,2018,Disqualification,1.0
NYJ,2018,Encroachment,2.0
NYJ,2018,Face Mask,3.0
NYJ,2018,False Start,22.0
NYJ,2018,Illegal Block Above the Waist,8.0
NYJ,2018,Illegal Contact,1.0
NYJ,2018,Illegal Use of Hands,4.0
NYJ,2018,Ineligible Downfield Kick,1.0
NYJ,2018,Ineligible Downfield Pass,2.0
NYJ,2018,Lowering the Head to Initiate Contact,1.0
NYJ,2018,Neutral Zone Infraction,4.0
NYJ,2018,Offensive Holding,21.0
NYJ,2018,Offside on Free Kick,1.0
NYJ,2018,Player Out of Bounds on Kick,1.0
NYJ,2018,Roughing the Passer,5.0
NYJ,2018,Taunting,1.0
NYJ,2018,Unnecessary Roughness,7.0
NYJ,2018,Unsportsmanlike Conduct,4.0
NYJ,2019,Defensive Holding,8.0
NYJ,2019,Defensive Offside,3.0
NYJ,2019,Defensive Pass Interference,11.0
NYJ,2019,Defensive Too Many Men on Field,2.0
NYJ,2019,Delay of Game,8.0
NYJ,2019,Encroachment,3.0
NYJ,2019,Face Mask,5.0
NYJ,2019,False Start,8.0
NYJ,2019,Horse Collar Tackle,1.0
NYJ,2019,Illegal Bat,1.0
NYJ,2019,Illegal Blindside Block,3.0
NYJ,2019,Illegal Block Above the Waist,4.0
NYJ,2019,Illegal Contact,2.0
NYJ,2019,Illegal Double-Team Block,2.0
NYJ,2019,Illegal Forward Pass,1.0
NYJ,2019,Illegal Use of Hands,4.0
NYJ,2019,Kick Catch Interference,1.0
NYJ,2019,Lowering the Head to Initiate Contact,1.0
NYJ,2019,Neutral Zone Infraction,3.0
NYJ,2019,Offensive Holding,27.0
NYJ,2019,Offensive Pass Interference,6.0
NYJ,2019,Roughing the Kicker,1.0
NYJ,2019,Roughing the Passer,5.0
NYJ,2019,Unnecessary Roughness,4.0
NYJ,2019,Unsportsmanlike Conduct,1.0
NYJ,2020,Defensive Holding,8.0
NYJ,2020,Defensive Offside,3.0
NYJ,2020,Defensive Pass Interference,10.0
NYJ,2020,Defensive Too Many Men on Field,3.0
NYJ,2020,Delay of Game,3.0
NYJ,2020,Face Mask,4.0
NYJ,2020,False Start,14.0
NYJ,2020,Illegal Block Above the Waist,2.0
NYJ,2020,Illegal Contact,3.0
NYJ,2020,Illegal Crackback,1.0
NYJ,2020,Illegal Formation,1.0
NYJ,2020,Intentional Grounding,1.0
NYJ,2020,Neutral Zone Infraction,5.0
NYJ,2020,Offensive Holding,15.0
NYJ,2020,Offensive Pass Interference,4.0
NYJ,2020,Offensive Too Many Men on Field,1.0
NYJ,2020,Roughing the Passer,14.0
NYJ,2020,Unnecessary Roughness,8.0
NYJ,2020,Unsportsmanlike Conduct,1.0
NYJ,2021,Chop Block,1.0
NYJ,2021,Defensive Holding,5.0
NYJ,2021,Defensive Offside,6.0
NYJ,2021,Defensive Pass Interference,11.0
NYJ,2021,Delay of Game,5.0
NYJ,2021,Encroachment,4.0
NYJ,2021,Face Mask,4.0
NYJ,2021,Fair Catch Interference,2.0
NYJ,2021,False Start,12.0
NYJ,2021,Horse Collar Tackle,1.0
NYJ,2021,Illegal Blindside Block,1.0
NYJ,2021,Illegal Block Above the Waist,3.0
NYJ,2021,Illegal Formation,3.0
NYJ,2021,Illegal Motion,1.0
NYJ,2021,Illegal Touch Pass,1.0
NYJ,2021,Illegal Use of Hands,6.0
NYJ,2021,Ineligible Downfield Pass,1.0
NYJ,2021,Intentional Grounding,2.0
NYJ,2021,Low Block,1.0
NYJ,2021,Neutral Zone Infraction,3.0
NYJ,2021,Offensive Holding,17.0
NYJ,2021,Offensive Pass Interference,2.0
NYJ,2021,Roughing the Passer,6.0
NYJ,2021,Taunting,1.0
NYJ,2021,Unnecessary Roughness,3.0
NYJ,2021,Unsportsmanlike Conduct,1.0
NYJ,2022,Chop Block,1.0
NYJ,2022,Defensive Holding,5.0
NYJ,2022,Defensive Offside,2.0
NYJ,2022,Defensive Pass Interference,6.0
NYJ,2022,Delay of Game,2.0
NYJ,2022,Encroachment,1.0
NYJ,2022,Face Mask,1.0
NYJ,2022,False Start,22.0
NYJ,2022,Horse Collar Tackle,1.0
NYJ,2022,Illegal Block Above the Waist,2.0
NYJ,2022,Illegal Contact,1.0
NYJ,2022,Illegal Formation,2.0
NYJ,2022,Illegal Shift,1.0
NYJ,2022,Ineligible Downfield Kick,1.0
NYJ,2022,Ineligible Downfield Pass,3.0
NYJ,2022,Intentional Grounding,3.0
NYJ,2022,Neutral Zone Infraction,1.0
NYJ,2022,Offensive Holding,19.0
NYJ,2022,Offensive Pass Interference,2.0
NYJ,2022,Roughing the Passer,6.0
NYJ,2022,Unnecessary Roughness,8.0
NYJ,2022,Unsportsmanlike Conduct,1.0
NYJ,2023,Chop Block,1.0
NYJ,2023,Defensive Holding,5.0
NYJ,2023,Defensive Offside,5.0
NYJ,2023,Defensive Pass Interference,5.0
NYJ,2023,Defensive Too Many Men on Field,1.0
NYJ,2023,Delay of Game,6.0
NYJ,2023,Disqualification,1.0
NYJ,2023,Encroachment,3.0
NYJ,2023,Face Mask,5.0
NYJ,2023,False Start,31.0
NYJ,2023,Horse Collar Tackle,1.0
NYJ,2023,Illegal Blindside Block,1.0
NYJ,2023,Illegal Block Above the Waist,2.0
NYJ,2023,Illegal Contact,7.0
NYJ,2023,Illegal Formation,2.0
NYJ,2023,Illegal Shift,1.0
NYJ,2023,Illegal Use of Hands,1.0
NYJ,2023,Ineligible Downfield Pass,2.0
NYJ,2023,Intentional Grounding,3.0
NYJ,2023,Lowering the Head to Make Forcible Contact,2.0
NYJ,2023,Neutral Zone Infraction,3.0
NYJ,2023,Offensive Holding,16.0
NYJ,2023,Offensive Offside,1.0
NYJ,2023,Offensive Pass Interference,1.0
NYJ,2023,Offensive Too Many Men on Field,1.0
NYJ,2023,Player Out of Bounds on Kick,1.0
NYJ,2023,Roughing the Passer,5.0
NYJ,2023,Running Into the Kicker,1.0
NYJ,2023,Unnecessary Roughness,9.0
NYJ,2023,Unsportsmanlike Conduct,1.0
NYJ,2024,Defensive Holding,9.0
NYJ,2024,Defensive Offside,8.0
NYJ,2024,Defensive Pass Interference,18.0
NYJ,2024,Defensive Too Many Men on Field,1.0
NYJ,2024,Delay of Game,10.0
NYJ,2024,Face Mask,1.0
NYJ,2024,False Start,20.0
NYJ,2024,Horse Collar Tackle,2.0
NYJ,2024,Illegal Block Above the Waist,1.0
NYJ,2024,Illegal Contact,2.0
NYJ,2024,Illegal Formation,3.0
NYJ,2024,Illegal Forward Pass,1.0
NYJ,2024,Illegal Motion,2.0
NYJ,2024,Illegal Shift,1.0
NYJ,2024,Illegal Touch Pass,1.0
NYJ,2024,Illegal Use of Hands,3.0
NYJ,2024,Ineligible Downfield Pass,5.0
NYJ,2024,Intentional Grounding,1.0
NYJ,2024,Kick Catch Interference,1.0
NYJ,2024,Kickoff Short of Landing Zone,1.0
NYJ,2024,Low Block,1.0
NYJ,2024,Neutral Zone Infraction,5.0
NYJ,2024,Offensive Holding,19.0
NYJ,2024,Offensive Pass Interference,1.0
NYJ,2024,Player Out of Bounds on Kick,1.0
NYJ,2024,Roughing the Kicker,1.0
NYJ,2024,Roughing the Passer,4.0
NYJ,2024,Unnecessary Roughness,12.0
NYJ,2024,Unsportsmanlike Conduct,2.0
NYJ,2025,Chop Block,1.0
NYJ,2025,Defensive Holding,9.0
NYJ,2025,Defensive Offside,1.0
NYJ,2025,Defensive Pass Interference,10.0
NYJ,2025,Defensive Too Many Men on Field,2.0
NYJ,2025,Delay of Game,5.0
NYJ,2025,Disqualification,1.0
NYJ,2025,Encroachment,2.0
NYJ,2025,Face Mask,3.0
NYJ,2025,False Start,25.0
NYJ,2025,Illegal Block Above the Waist,2.0
NYJ,2025,Illegal Contact,3.0
NYJ,2025,Illegal Formation,2.0
NYJ,2025,Illegal Forward Pass,1.0
NYJ,2025,Illegal Shift,3.0
NYJ,2025,Ineligible Downfield Pass,2.0
NYJ,2025,Intentional Grounding,2.0
NYJ,2025,Kickoff Out of Bounds,1.0
NYJ,2025,Kickoff Short of Landing Zone,1.0
NYJ,2025,Low Block,2.0
NYJ,2025,Neutral Zone Infraction,3.0
NYJ,2025,Offensive Holding,16.0
NYJ,2025,Offensive Pass Interference,1.0
NYJ,2025,Offensive Too Many Men on Field,1.0
NYJ,2025,Roughing the Passer,3.0
NYJ,2025,Unnecessary Roughness,7.0
NYJ,2025,Unsportsmanlike Conduct,1.0
PHI,2016,Chop Block,2.0
PHI,2016,Defensive 12 On-field,2.0
PHI,2016,Defensive Holding,3.0
PHI,2016,Defensive Offside,6.0
PHI,2016,Defensive Pass Interference,12.0
PHI,2016,Delay of Game,4.0
PHI,2016,Encroachment,2.0
PHI,2016,Face Mask,3.0
PHI,2016,False Start,26.0
PHI,2016,Horse Collar Tackle,1.0
PHI,2016,Illegal Block Above the Waist,2.0
PHI,2016,Illegal Contact,2.0
PHI,2016,Illegal Formation,3.0
PHI,2016,Illegal Shift,1.0
PHI,2016,Neutral Zone Infraction,3.0
PHI,2016,Offensive 12 On-field,1.0
PHI,2016,Offensive Holding,15.0
PHI,2016,Offensive Offside,1.0
PHI,2016,Offensive Pass Interference,8.0
PHI,2016,Roughing the Passer,3.0
PHI,2016,Running Into the Kicker,2.0
PHI,2016,Unnecessary Roughness,10.0
PHI,2016,Unsportsmanlike Conduct,1.0
PHI,2017,Chop Block,1.0
PHI,2017,Defensive 12 On-field,1.0
PHI,2017,Defensive Holding,14.0
PHI,2017,Defensive Offside,15.0
PHI,2017,Defensive Pass Interference,7.0
PHI,2017,Delay of Game,3.0
PHI,2017,Encroachment,2.0
PHI,2017,Face Mask,4.0
PHI,2017,Fair Catch Interference,1.0
PHI,2017,False Start,19.0
PHI,2017,Illegal Blindside Block,1.0
PHI,2017,Illegal Block Above the Waist,8.0
PHI,2017,Illegal Contact,3.0
PHI,2017,Illegal Use of Hands,3.0
PHI,2017,Ineligible Downfield Kick,1.0
PHI,2017,Ineligible Downfield Pass,1.0
PHI,2017,Intentional Grounding,1.0
PHI,2017,Low Block,1.0
PHI,2017,Neutral Zone Infraction,3.0
PHI,2017,Offensive 12 On-field,1.0
PHI,2017,Offensive Holding,26.0
PHI,2017,Offensive Pass Interference,1.0
PHI,2017,Offside on Free Kick,2.0
PHI,2017,Roughing the Passer,2.0
PHI,2017,Taunting,1.0
PHI,2017,Tripping,1.0
PHI,2017,Unnecessary Roughness,7.0
PHI,2018,Chop Block,1.0
PHI,2018,Defensive Holding,4.0
PHI,2018,Defensive Offside,5.0
PHI,2018,Defensive Pass Interference,5.0
PHI,2018,Defensive Too Many Men on Field,2.0
PHI,2018,Delay of Game,5.0
PHI,2018,Face Mask,2.0
PHI,2018,False Start,21.0
PHI,2018,Illegal Block Above the Waist,4.0
PHI,2018,Illegal Contact,2.0
PHI,2018,Illegal Formation,3.0
PHI,2018,Illegal Use of Hands,2.0
PHI,2018,Intentional Grounding,1.0
PHI,2018,Lowering the Head to Initiate Contact,1.0
PHI,2018,Neutral Zone Infraction,3.0
PHI,2018,Offensive Holding,22.0
PHI,2018,Offensive Pass Interference,5.0
PHI,2018,Offside on Free Kick,1.0
PHI,2018,Roughing the Passer,5.0
PHI,2018,Running Into the Kicker,1.0
PHI,2018,Taunting,1.0
PHI,2018,Tripping,1.0
PHI,2018,Unnecessary Roughness,9.0
PHI,2018,Unsportsmanlike Conduct,1.0
PHI,2019,Chop Block,1.0
PHI,2019,Defensive Holding,7.0
PHI,2019,Defensive Offside,8.0
PHI,2019,Defensive Pass Interference,9.0
PHI,2019,Delay of Game,4.0
PHI,2019,Encroachment,1.0
PHI,2019,Face Mask,2.0
PHI,2019,False Start,18.0
PHI,2019,Illegal Block Above the Waist,7.0
PHI,2019,Illegal Formation,2.0
PHI,2019,Illegal Use of Hands,3.0
PHI,2019,Ineligible Downfield Pass,2.0
PHI,2019,Neutral Zone Infraction,3.0
PHI,2019,Offensive Holding,23.0
PHI,2019,Offensive Pass Interference,2.0
PHI,2019,Roughing the Passer,5.0
PHI,2019,Unnecessary Roughness,9.0
PHI,2019,Unsportsmanlike Conduct,1.0
PHI,2020,Defensive Holding,3.0
PHI,2020,Defensive Offside,7.0
PHI,2020,Defensive Pass Interference,11.0
PHI,2020,Delay of Game,5.0
PHI,2020,Encroachment,6.0
PHI,2020,Face Mask,3.0
PHI,2020,False Start,25.0
PHI,2020,Horse Collar Tackle,1.0
PHI,2020,Illegal Block Above the Waist,3.0
PHI,2020,Illegal Contact,1.0
PHI,2020,Illegal Formation,2.0
PHI,2020,Illegal Shift,1.0
PHI,2020,Illegal Use of Hands,1.0
PHI,2020,Intentional Grounding,2.0
PHI,2020,Neutral Zone Infraction,10.0
PHI,2020,Offensive Holding,14.0
PHI,2020,Offensive Pass Interference,1.0
PHI,2020,Offside on Free Kick,1.0
PHI,2020,Roughing the Passer,1.0
PHI,2020,Unnecessary Roughness,8.0
PHI,2020,Unsportsmanlike Conduct,1.0
PHI,2021,Defensive Holding,6.0
PHI,2021,Defensive Offside,4.0
PHI,2021,Defensive Pass Interference,9.0
PHI,2021,Defensive Too Many Men on Field,2.0
PHI,2021,Delay of Game,4.0
PHI,2021,Encroachment,3.0
PHI,2021,Face Mask,3.0
PHI,2021,False Start,16.0
PHI,2021,Illegal Block Above the Waist,4.0
PHI,2021,Illegal Contact,2.0
PHI,2021,Illegal Double-Team Block,1.0
PHI,2021,Illegal Touch Kick,1.0
PHI,2021,Illegal Touch Pass,2.0
PHI,2021,Illegal Use of Hands,1.0
PHI,2021,Ineligible Downfield Pass,4.0
PHI,2021,Lowering the Head to Initiate Contact,1.0
PHI,2021,Neutral Zone Infraction,8.0
PHI,2021,Offensive Holding,21.0
PHI,2021,Offensive Pass Interference,5.0
PHI,2021,Roughing the Passer,5.0
PHI,2021,Taunting,2.0
PHI,2021,Unnecessary Roughness,6.0
PHI,2021,Unsportsmanlike Conduct,1.0
PHI,2022,Defensive Delay of Game,1.0
PHI,2022,Defensive Holding,7.0
PHI,2022,Defensive Offside,3.0
PHI,2022,Defensive Pass Interference,4.0
PHI,2022,Defensive Too Many Men on Field,1.0
PHI,2022,Delay of Game,5.0
PHI,2022,Encroachment,1.0
PHI,2022,Face Mask,2.0
PHI,2022,False Start,24.0
PHI,2022,Illegal Blindside Block,1.0
PHI,2022,Illegal Contact,3.0
PHI,2022,Illegal Formation,1.0
PHI,2022,Illegal Shift,1.0
PHI,2022,Illegal Use of Hands,2.0
PHI,2022,Ineligible Downfield Kick,1.0
PHI,2022,Ineligible Downfield Pass,8.0
PHI,2022,Neutral Zone Infraction,3.0
PHI,2022,Offensive Holding,19.0
PHI,2022,Offensive Pass Interference,4.0
PHI,2022,Offensive Too Many Men on Field,2.0
PHI,2022,Roughing the Kicker,1.0
PHI,2022,Roughing the Passer,1.0
PHI,2022,Taunting,1.0
PHI,2022,Unnecessary Roughness,8.0
PHI,2022,Unsportsmanlike Conduct,1.0
PHI,2023,Chop Block,1.0
PHI,2023,Defensive Holding,3.0
PHI,2023,Defensive Offside,8.0
PHI,2023,Defensive Pass Interference,14.0
PHI,2023,Defensive Too Many Men on Field,1.0
PHI,2023,Delay of Game,5.0
PHI,2023,Encroachment,2.0
PHI,2023,Face Mask,2.0
PHI,2023,Fair Catch Interference,1.0
PHI,2023,False Start,24.0
PHI,2023,Horse Collar Tackle,2.0
PHI,2023,Illegal Block Above the Waist,1.0
PHI,2023,Illegal Contact,3.0
PHI,2023,Illegal Shift,1.0
PHI,2023,Ineligible Downfield Kick,1.0
PHI,2023,Ineligible Downfield Pass,3.0
PHI,2023,Intentional Grounding,2.0
PHI,2023,Kick Catch Interference,1.0
PHI,2023,Neutral Zone Infraction,3.0
PHI,2023,Offensive Holding,7.0
PHI,2023,Offensive Offside,2.0
PHI,2023,Offensive Pass Interference,3.0
PHI,2023,Roughing the Passer,5.0
PHI,2023,Taunting,1.0
PHI,2023,Unnecessary Roughness,4.0
PHI,2024,Defensive Holding,6.0
PHI,2024,Defensive Offside,6.0
PHI,2024,Defensive Pass Interference,8.0
PHI,2024,Defensive Too Many Men on Field,1.0
PHI,2024,Delay of Game,4.0
PHI,2024,Disqualification,1.0
PHI,2024,Encroachment,4.0
PHI,2024,Face Mask,1.0
PHI,2024,Fair Catch Interference,1.0
PHI,2024,False Start,30.0
PHI,2024,Illegal Bat,1.0
PHI,2024,Illegal Block Above the Waist,2.0
PHI,2024,Illegal Contact,1.0
PHI,2024,Illegal Formation,5.0
PHI,2024,Illegal Motion,2.0
PHI,2024,Illegal Touch Kick,1.0
PHI,2024,Illegal Use of Hands,3.0
PHI,2024,Ineligible Downfield Pass,7.0
PHI,2024,Intentional Grounding,1.0
PHI,2024,Kickoff Short of Landing Zone,1.0
PHI,2024,Offensive Holding,22.0
PHI,2024,Offensive Pass Interference,3.0
PHI,2024,Offensive Too Many Men on Field,1.0
PHI,2024,Player Out of Bounds on Kick,2.0
PHI,2024,Roughing the Passer,4.0
PHI,2024,Unnecessary Roughness,6.0
PHI,2024,Unsportsmanlike Conduct,1.0
PHI,2025,Defensive Holding,6.0
PHI,2025,Defensive Offside,1.0
PHI,2025,Defensive Pass Interference,18.0
PHI,2025,Delay of Game,8.0
PHI,2025,Disqualification,1.0
PHI,2025,Encroachment,2.0
PHI,2025,Face Mask,2.0
PHI,2025,False Start,26.0
PHI,2025,Illegal Blindside Block,1.0
PHI,2025,Illegal Block Above the Waist,3.0
PHI,2025,Illegal Contact,2.0
PHI,2025,Illegal Double-Team Block,1.0
PHI,2025,Illegal Formation,3.0
PHI,2025,Illegal Motion,2.0
PHI,2025,Illegal Shift,1.0
PHI,2025,Illegal Use of Hands,2.0
PHI,2025,Ineligible Downfield Pass,1.0
PHI,2025,Kickoff Short of Landing Zone,1.0
PHI,2025,Leverage,1.0
PHI,2025,Low Block,1.0
PHI,2025,Neutral Zone Infraction,1.0
PHI,2025,Offensive Holding,22.0
PHI,2025,Offensive Pass Interference,2.0
PHI,2025,Player Out of Bounds on Kick,1.0
PHI,2025,Roughing the Passer,5.0
PHI,2025,Running Into the Kicker,1.0
PHI,2025,Taunting,4.0
PHI,2025,Unnecessary Roughness,5.0
PIT,2016,Chop Block,1.0
PIT,2016,Defensive 12 On-field,1.0
PIT,2016,Defensive Holding,4.0
PIT,2016,Defensive Offside,4.0
PIT,2016,Defensive Pass Interference,9.0
PIT,2016,Delay of Game,3.0
PIT,2016,Face Mask,7.0
PIT,2016,False Start,23.0
PIT,2016,Horse Collar Tackle,1.0
PIT,2016,Illegal Blindside Block,1.0
PIT,2016,Illegal Block Above the Waist,5.0
PIT,2016,Illegal Contact,1.0
PIT,2016,Illegal Formation,2.0
PIT,2016,Illegal Substitution,1.0
PIT,2016,Illegal Touch Kick,1.0
PIT,2016,Illegal Touch Pass,1.0
PIT,2016,Illegal Use of Hands,4.0
PIT,2016,Ineligible Downfield Pass,1.0
PIT,2016,Neutral Zone Infraction,1.0
PIT,2016,Offensive Holding,26.0
PIT,2016,Offensive Pass Interference,5.0
PIT,2016,Offside on Free Kick,1.0
PIT,2016,Player Out of Bounds on Punt,1.0
PIT,2016,Roughing the Kicker,1.0
PIT,2016,Roughing the Passer,4.0
PIT,2016,Unnecessary Roughness,13.0
PIT,2016,Unsportsmanlike Conduct,3.0
PIT,2017,Defensive 12 On-field,1.0
PIT,2017,Defensive Holding,6.0
PIT,2017,Defensive Offside,5.0
PIT,2017,Defensive Pass Interference,6.0
PIT,2017,Delay of Game,6.0
PIT,2017,Encroachment,1.0
PIT,2017,Face Mask,1.0
PIT,2017,False Start,15.0
PIT,2017,Illegal Bat,1.0
PIT,2017,Illegal Blindside Block,1.0
PIT,2017,Illegal Block Above the Waist,3.0
PIT,2017,Illegal Formation,2.0
PIT,2017,Illegal Peelback,1.0
PIT,2017,Illegal Shift,1.0
PIT,2017,Illegal Touch Kick,1.0
PIT,2017,Illegal Use of Hands,3.0
PIT,2017,Intentional Grounding,1.0
PIT,2017,Neutral Zone Infraction,2.0
PIT,2017,Offensive Holding,24.0
PIT,2017,Offensive Pass Interference,5.0
PIT,2017,Offside on Free Kick,1.0
PIT,2017,Player Out of Bounds on Punt,1.0
PIT,2017,Roughing the Passer,3.0
PIT,2017,Taunting,1.0
PIT,2017,Unnecessary Roughness,12.0
PIT,2017,Unsportsmanlike Conduct,1.0
PIT,2018,Defensive Holding,4.0
PIT,2018,Defensive Offside,11.0
PIT,2018,Defensive Pass Interference,11.0
PIT,2018,Defensive Too Many Men on Field,4.0
PIT,2018,Delay of Game,3.0
PIT,2018,Face Mask,1.0
PIT,2018,False Start,8.0
PIT,2018,Illegal Blindside Block,2.0
PIT,2018,Illegal Block Above the Waist,7.0
PIT,2018,Illegal Contact,1.0
PIT,2018,Illegal Formation,4.0
PIT,2018,Illegal Shift,2.0
PIT,2018,Illegal Use of Hands,4.0
PIT,2018,Ineligible Downfield Pass,3.0
PIT,2018,Intentional Grounding,1.0
PIT,2018,Neutral Zone Infraction,3.0
PIT,2018,Offensive Holding,25.0
PIT,2018,Offensive Pass Interference,2.0
PIT,2018,Roughing the Kicker,1.0
PIT,2018,Roughing the Passer,4.0
PIT,2018,Tripping,1.0
PIT,2018,Unnecessary Roughness,7.0
PIT,2018,Unsportsmanlike Conduct,1.0
PIT,2019,Defensive Holding,5.0
PIT,2019,Defensive Offside,4.0
PIT,2019,Defensive Pass Interference,12.0
PIT,2019,Delay of Game,3.0
PIT,2019,Encroachment,1.0
PIT,2019,False Start,23.0
PIT,2019,Illegal Blindside Block,1.0
PIT,2019,Illegal Block Above the Waist,1.0
PIT,2019,Illegal Formation,3.0
PIT,2019,Illegal Motion,1.0
PIT,2019,Illegal Shift,1.0
PIT,2019,Illegal Touch Kick,1.0
PIT,2019,Illegal Use of Hands,3.0
PIT,2019,Ineligible Downfield Pass,1.0
PIT,2019,Intentional Grounding,3.0
PIT,2019,Neutral Zone Infraction,9.0
PIT,2019,Offensive Holding,19.0
PIT,2019,Offensive Pass Interference,6.0
PIT,2019,Offensive Too Many Men on Field,2.0
PIT,2019,Player Out of Bounds on Kick,1.0
PIT,2019,Roughing the Passer,6.0
PIT,2019,Taunting,1.0
PIT,2019,Unnecessary Roughness,4.0
PIT,2020,Defensive Holding,2.0
PIT,2020,Defensive Offside,1.0
PIT,2020,Defensive Pass Interference,9.0
PIT,2020,Defensive Too Many Men on Field,2.0
PIT,2020,Delay of Game,6.0
PIT,2020,Encroachment,2.0
PIT,2020,Face Mask,1.0
PIT,2020,False Start,11.0
PIT,2020,Horse Collar Tackle,1.0
PIT,2020,Illegal Blindside Block,1.0
PIT,2020,Illegal Block Above the Waist,3.0
PIT,2020,Illegal Contact,2.0
PIT,2020,Illegal Formation,2.0
PIT,2020,Ineligible Downfield Pass,5.0
PIT,2020,Intentional Grounding,1.0
PIT,2020,Neutral Zone Infraction,5.0
PIT,2020,Offensive Holding,19.0
PIT,2020,Offensive Pass Interference,3.0
PIT,2020,Roughing the Kicker,1.0
PIT,2020,Roughing the Passer,4.0
PIT,2020,Unnecessary Roughness,4.0
PIT,2021,Defensive Holding,5.0
PIT,2021,Defensive Offside,6.0
PIT,2021,Defensive Pass Interference,5.0
PIT,2021,Delay of Game,3.0
PIT,2021,Encroachment,4.0
PIT,2021,Face Mask,5.0
PIT,2021,False Start,24.0
PIT,2021,Illegal Block Above the Waist,4.0
PIT,2021,Illegal Contact,1.0
PIT,2021,Illegal Double-Team Block,1.0
PIT,2021,Illegal Formation,4.0
PIT,2021,Illegal Shift,1.0
PIT,2021,Ineligible Downfield Pass,2.0
PIT,2021,Low Block,1.0
PIT,2021,Lowering the Head to Initiate Contact,1.0
PIT,2021,Neutral Zone Infraction,2.0
PIT,2021,Offensive Holding,21.0
PIT,2021,Offensive Pass Interference,5.0
PIT,2021,Roughing the Passer,5.0
PIT,2021,Running Into the Kicker,1.0
PIT,2021,Taunting,2.0
PIT,2021,Unnecessary Roughness,5.0
PIT,2021,Unsportsmanlike Conduct,2.0
PIT,2022,Defensive Holding,8.0
PIT,2022,Defensive Offside,3.0
PIT,2022,Defensive Pass Interference,5.0
PIT,2022,Delay of Game,7.0
PIT,2022,Disqualification,1.0
PIT,2022,Face Mask,1.0
PIT,2022,Fair Catch Interference,1.0
PIT,2022,False Start,14.0
PIT,2022,Illegal Blindside Block,1.0
PIT,2022,Illegal Block Above the Waist,1.0
PIT,2022,Illegal Formation,3.0
PIT,2022,Illegal Shift,2.0
PIT,2022,Illegal Touch Pass,2.0
PIT,2022,Illegal Use of Hands,1.0
PIT,2022,Ineligible Downfield Pass,7.0
PIT,2022,Leverage,1.0
PIT,2022,Neutral Zone Infraction,3.0
PIT,2022,Offensive Holding,17.0
PIT,2022,Offensive Pass Interference,3.0
PIT,2022,Offside on Free Kick,1.0
PIT,2022,Roughing the Passer,1.0
PIT,2022,Taunting,1.0
PIT,2022,Unnecessary Roughness,7.0
PIT,2022,Unsportsmanlike Conduct,3.0
PIT,2023,Defensive Delay of Game,1.0
PIT,2023,Defensive Holding,9.0
PIT,2023,Defensive Offside,3.0
PIT,2023,Defensive Pass Interference,6.0
PIT,2023,Defensive Too Many Men on Field,1.0
PIT,2023,Delay of Game,2.0
PIT,2023,Disqualification,1.0
PIT,2023,Face Mask,5.0
PIT,2023,Fair Catch Interference,1.0
PIT,2023,False Start,12.0
PIT,2023,Horse Collar Tackle,1.0
PIT,2023,Illegal Blindside Block,1.0
PIT,2023,Illegal Contact,3.0
PIT,2023,Illegal Formation,3.0
PIT,2023,Illegal Motion,2.0
PIT,2023,Illegal Shift,1.0
PIT,2023,Illegal Substitution,1.0
PIT,2023,Illegal Use of Hands,1.0
PIT,2023,Ineligible Downfield Pass,1.0
PIT,2023,Intentional Grounding,1.0
PIT,2023,Leverage,1.0
PIT,2023,Neutral Zone Infraction,2.0
PIT,2023,Offensive Holding,13.0
PIT,2023,Offensive Offside,1.0
PIT,2023,Offensive Pass Interference,4.0
PIT,2023,Offensive Too Many Men on Field,2.0
PIT,2023,Roughing the Passer,5.0
PIT,2023,Taunting,1.0
PIT,2023,Unnecessary Roughness,5.0
PIT,2023,Unsportsmanlike Conduct,2.0
PIT,2024,Defensive Delay of Game,2.0
PIT,2024,Defensive Holding,7.0
PIT,2024,Defensive Offside,6.0
PIT,2024,Defensive Pass Interference,6.0
PIT,2024,Defensive Too Many Men on Field,1.0
PIT,2024,Delay of Game,5.0
PIT,2024,Face Mask,4.0
PIT,2024,False Start,23.0
PIT,2024,Illegal Block Above the Waist,1.0
PIT,2024,Illegal Formation,5.0
PIT,2024,Illegal Forward Pass,1.0
PIT,2024,Illegal Motion,1.0
PIT,2024,Illegal Shift,1.0
PIT,2024,Illegal Touch Kick,1.0
PIT,2024,Illegal Use of Hands,2.0
PIT,2024,Intentional Grounding,1.0
PIT,2024,Leverage,1.0
PIT,2024,Neutral Zone Infraction,4.0
PIT,2024,Offensive Holding,19.0
PIT,2024,Offensive Offside,1.0
PIT,2024,Offensive Pass Interference,4.0
PIT,2024,Roughing the Passer,2.0
PIT,2024,Taunting,1.0
PIT,2024,Tripping,1.0
PIT,2024,Unnecessary Roughness,7.0
PIT,2024,Unsportsmanlike Conduct,1.0
PIT,2025,Defensive Holding,1.0
PIT,2025,Defensive Offside,7.0
PIT,2025,Defensive Pass Interference,10.0
PIT,2025,Defensive Too Many Men on Field,1.0
PIT,2025,Delay of Game,6.0
PIT,2025,Disqualification,1.0
PIT,2025,Encroachment,1.0
PIT,2025,Face Mask,3.0
PIT,2025,False Start,13.0
PIT,2025,Illegal Blindside Block,1.0
PIT,2025,Illegal Block Above the Waist,2.0
PIT,2025,Illegal Contact,2.0
PIT,2025,Illegal Formation,3.0
PIT,2025,Illegal Motion,2.0
PIT,2025,Illegal Shift,2.0
PIT,2025,Illegal Use of Hands,3.0
PIT,2025,Intentional Grounding,2.0
PIT,2025,Kickoff Out of Bounds,1.0
PIT,2025,Kickoff Short of Landing Zone,2.0
PIT,2025,Low Block,1.0
PIT,2025,Neutral Zone Infraction,1.0
PIT,2025,Offensive Holding,14.0
PIT,2025,Offensive Offside,1.0
PIT,2025,Offensive Pass Interference,7.0
PIT,2025,Player Out of Bounds on Kick,1.0
PIT,2025,Roughing the Passer,4.0
PIT,2025,Taunting,1.0
PIT,2025,Tripping,1.0
PIT,2025,Unnecessary Roughness,8.0
PIT,2025,Unsportsmanlike Conduct,2.0
SEA,2016,Chop Block,1.0
SEA,2016,Clipping,2.0
SEA,2016,Defensive 12 On-field,1.0
SEA,2016,Defensive Holding,10.0
SEA,2016,Defensive Offside,12.0
SEA,2016,Defensive Pass Interference,6.0
SEA,2016,Delay of Game,1.0
SEA,2016,Disqualification,1.0
SEA,2016,Encroachment,2.0
SEA,2016,Face Mask,6.0
SEA,2016,False Start,27.0
SEA,2016,Illegal Block Above the Waist,6.0
SEA,2016,Illegal Contact,1.0
SEA,2016,Illegal Motion,2.0
SEA,2016,Illegal Shift,2.0
SEA,2016,Illegal Touch Kick,1.0
SEA,2016,Illegal Use of Hands,2.0
SEA,2016,Intentional Grounding,1.0
SEA,2016,Neutral Zone Infraction,2.0
SEA,2016,Offensive Holding,24.0
SEA,2016,Offensive Offside,1.0
SEA,2016,Offensive Pass Interference,7.0
SEA,2016,Offside on Free Kick,1.0
SEA,2016,Roughing the Passer,3.0
SEA,2016,Unnecessary Roughness,6.0
SEA,2016,Unsportsmanlike Conduct,2.0
SEA,2017,Chop Block,1.0
SEA,2017,Clipping,1.0
SEA,2017,Defensive 12 On-field,2.0
SEA,2017,Defensive Holding,8.0
SEA,2017,Defensive Offside,13.0
SEA,2017,Defensive Pass Interference,13.0
SEA,2017,Delay of Game,1.0
SEA,2017,Disqualification,2.0
SEA,2017,Encroachment,2.0
SEA,2017,Face Mask,4.0
SEA,2017,False Start,22.0
SEA,2017,Horse Collar Tackle,1.0
SEA,2017,Illegal Blindside Block,1.0
SEA,2017,Illegal Block Above the Waist,6.0
SEA,2017,Illegal Forward Pass,1.0
SEA,2017,Illegal Substitution,1.0
SEA,2017,Illegal Use of Hands,8.0
SEA,2017,Ineligible Downfield Pass,1.0
SEA,2017,Intentional Grounding,5.0
SEA,2017,Neutral Zone Infraction,6.0
SEA,2017,Offensive Holding,23.0
SEA,2017,Offensive Pass Interference,6.0
SEA,2017,Offside on Free Kick,2.0
SEA,2017,Roughing the Passer,5.0
SEA,2017,Running Into the Kicker,1.0
SEA,2017,Tripping,1.0
SEA,2017,Unnecessary Roughness,7.0
SEA,2017,Unsportsmanlike Conduct,3.0
SEA,2018,Chop Block,1.0
SEA,2018,Defensive Holding,6.0
SEA,2018,Defensive Offside,3.0
SEA,2018,Defensive Pass Interference,9.0
SEA,2018,Defensive Too Many Men on Field,2.0
SEA,2018,Delay of Game,4.0
SEA,2018,Encroachment,1.0
SEA,2018,Face Mask,5.0
SEA,2018,False Start,20.0
SEA,2018,Illegal Block Above the Waist,4.0
SEA,2018,Illegal Contact,2.0
SEA,2018,Illegal Formation,2.0
SEA,2018,Illegal Forward Pass,1.0
SEA,2018,Illegal Shift,3.0
SEA,2018,Illegal Substitution,1.0
SEA,2018,Illegal Touch Pass,1.0
SEA,2018,Illegal Use of Hands,2.0
SEA,2018,Neutral Zone Infraction,4.0
SEA,2018,Offensive Holding,24.0
SEA,2018,Offensive Pass Interference,2.0
SEA,2018,Player Out of Bounds on Kick,1.0
SEA,2018,Roughing the Passer,6.0
SEA,2018,Running Into the Kicker,1.0
SEA,2018,Taunting,1.0
SEA,2018,Unnecessary Roughness,8.0
SEA,2018,Unsportsmanlike Conduct,2.0
SEA,2019,Defensive Holding,8.0
SEA,2019,Defensive Offside,3.0
SEA,2019,Defensive Pass Interference,10.0
SEA,2019,Defensive Too Many Men on Field,1.0
SEA,2019,Delay of Game,7.0
SEA,2019,Encroachment,4.0
SEA,2019,Face Mask,2.0
SEA,2019,False Start,25.0
SEA,2019,Horse Collar Tackle,1.0
SEA,2019,Illegal Block Above the Waist,5.0
SEA,2019,Illegal Contact,1.0
SEA,2019,Illegal Double-Team Block,1.0
SEA,2019,Illegal Formation,3.0
SEA,2019,Ineligible Downfield Pass,1.0
SEA,2019,Lowering the Head to Initiate Contact,2.0
SEA,2019,Neutral Zone Infraction,11.0
SEA,2019,Offensive Holding,27.0
SEA,2019,Offensive Pass Interference,4.0
SEA,2019,Roughing the Passer,4.0
SEA,2019,Running Into the Kicker,1.0
SEA,2019,Tripping,1.0
SEA,2019,Unnecessary Roughness,3.0
SEA,2019,Unsportsmanlike Conduct,1.0
SEA,2020,Defensive Holding,2.0
SEA,2020,Defensive Offside,1.0
SEA,2020,Defensive Pass Interference,6.0
SEA,2020,Delay of Game,5.0
SEA,2020,Disqualification,1.0
SEA,2020,Encroachment,3.0
SEA,2020,False Start,22.0
SEA,2020,Horse Collar Tackle,2.0
SEA,2020,Illegal Blindside Block,1.0
SEA,2020,Illegal Block Above the Waist,1.0
SEA,2020,Illegal Contact,3.0
SEA,2020,Illegal Formation,1.0
SEA,2020,Illegal Forward Pass,1.0
SEA,2020,Illegal Motion,1.0
SEA,2020,Illegal Shift,2.0
SEA,2020,Illegal Use of Hands,2.0
SEA,2020,Ineligible Downfield Pass,2.0
SEA,2020,Intentional Grounding,3.0
SEA,2020,Leverage,1.0
SEA,2020,Neutral Zone Infraction,5.0
SEA,2020,Offensive Holding,16.0
SEA,2020,Player Out of Bounds on Kick,1.0
SEA,2020,Roughing the Kicker,1.0
SEA,2020,Roughing the Passer,3.0
SEA,2020,Tripping,1.0
SEA,2020,Unnecessary Roughness,4.0
SEA,2020,Unsportsmanlike Conduct,2.0
SEA,2021,Defensive Holding,10.0
SEA,2021,Defensive Offside,4.0
SEA,2021,Defensive Pass Interference,9.0
SEA,2021,Delay of Game,7.0
SEA,2021,Encroachment,2.0
SEA,2021,Face Mask,2.0
SEA,2021,False Start,14.0
SEA,2021,Illegal Block Above the Waist,3.0
SEA,2021,Illegal Formation,3.0
SEA,2021,Illegal Motion,1.0
SEA,2021,Illegal Touch Kick,2.0
SEA,2021,Ineligible Downfield Kick,1.0
SEA,2021,Neutral Zone Infraction,5.0
SEA,2021,Offensive Holding,14.0
SEA,2021,Offensive Pass Interference,3.0
SEA,2021,Roughing the Passer,5.0
SEA,2021,Running Into the Kicker,1.0
SEA,2021,Taunting,3.0
SEA,2021,Unnecessary Roughness,4.0
SEA,2021,Unsportsmanlike Conduct,4.0
SEA,2022,Defensive Holding,5.0
SEA,2022,Defensive Offside,8.0
SEA,2022,Defensive Pass Interference,7.0
SEA,2022,Defensive Too Many Men on Field,1.0
SEA,2022,Delay of Game,8.0
SEA,2022,Face Mask,2.0
SEA,2022,Fair Catch Interference,2.0
SEA,2022,False Start,25.0
SEA,2022,Illegal Block Above the Waist,2.0
SEA,2022,Illegal Contact,3.0
SEA,2022,Illegal Formation,2.0
SEA,2022,Illegal Use of Hands,3.0
SEA,2022,Ineligible Downfield Pass,4.0
SEA,2022,Intentional Grounding,4.0
SEA,2022,Neutral Zone Infraction,5.0
SEA,2022,Offensive Holding,15.0
SEA,2022,Offensive Pass Interference,5.0
SEA,2022,Offensive Too Many Men on Field,1.0
SEA,2022,Roughing the Passer,1.0
SEA,2022,Taunting,1.0
SEA,2022,Unnecessary Roughness,4.0
SEA,2022,Unsportsmanlike Conduct,3.0
SEA,2023,Defensive Holding,2.0
SEA,2023,Defensive Offside,3.0
SEA,2023,Defensive Pass Interference,11.0
SEA,2023,Delay of Game,5.0
SEA,2023,Encroachment,4.0
SEA,2023,Face Mask,2.0
SEA,2023,False Start,23.0
SEA,2023,Illegal Bat,1.0
SEA,2023,Illegal Blindside Block,1.0
SEA,2023,Illegal Block Above the Waist,2.0
SEA,2023,Illegal Contact,3.0
SEA,2023,Illegal Formation,3.0
SEA,2023,Illegal Forward Pass,1.0
SEA,2023,Illegal Shift,2.0
SEA,2023,Illegal Use of Hands,7.0
SEA,2023,Ineligible Downfield Kick,1.0
SEA,2023,Ineligible Downfield Pass,1.0
SEA,2023,Intentional Grounding,4.0
SEA,2023,Low Block,1.0
SEA,2023,Neutral Zone Infraction,2.0
SEA,2023,Offensive Holding,13.0
SEA,2023,Offensive Offside,1.0
SEA,2023,Offensive Pass Interference,1.0
SEA,2023,Offside on Free Kick,1.0
SEA,2023,Roughing the Passer,4.0
SEA,2023,Taunting,1.0
SEA,2023,Unnecessary Roughness,8.0
SEA,2023,Unsportsmanlike Conduct,2.0
SEA,2024,Defensive Holding,5.0
SEA,2024,Defensive Offside,5.0
SEA,2024,Defensive Pass Interference,8.0
SEA,2024,Defensive Too Many Men on Field,3.0
SEA,2024,Delay of Game,7.0
SEA,2024,Encroachment,1.0
SEA,2024,Face Mask,7.0
SEA,2024,False Start,28.0
SEA,2024,Illegal Blindside Block,1.0
SEA,2024,Illegal Contact,4.0
SEA,2024,Illegal Formation,3.0
SEA,2024,Illegal Shift,2.0
SEA,2024,Illegal Use of Hands,1.0
SEA,2024,Ineligible Downfield Pass,1.0
SEA,2024,Intentional Grounding,3.0
SEA,2024,Offensive Holding,27.0
SEA,2024,Offensive Pass Interference,3.0
SEA,2024,Roughing the Passer,3.0
SEA,2024,Taunting,1.0
SEA,2024,Tripping,1.0
SEA,2024,Unnecessary Roughness,4.0
SEA,2024,Unsportsmanlike Conduct,2.0
SEA,2025,Chop Block,1.0
SEA,2025,Defensive Holding,8.0
SEA,2025,Defensive Offside,5.0
SEA,2025,Defensive Pass Interference,6.0
SEA,2025,Defensive Too Many Men on Field,3.0
SEA,2025,Delay of Game,6.0
SEA,2025,Face Mask,1.0
SEA,2025,False Start,18.0
SEA,2025,Illegal Blindside Block,1.0
SEA,2025,Illegal Block Above the Waist,1.0
SEA,2025,Illegal Contact,6.0
SEA,2025,Illegal Formation,4.0
SEA,2025,Illegal Shift,1.0
SEA,2025,Illegal Use of Hands,3.0
SEA,2025,Ineligible Downfield Pass,1.0
SEA,2025,Intentional Grounding,1.0
SEA,2025,Kickoff Out of Bounds,1.0
SEA,2025,Kickoff Short of Landing Zone,3.0
SEA,2025,Offensive Holding,22.0
SEA,2025,Offensive Offside,2.0
SEA,2025,Offensive Too Many Men on Field,1.0
SEA,2025,Roughing the Passer,4.0
SEA,2025,Taunting,5.0
SEA,2025,Unnecessary Roughness,7.0
SEA,2025,Unsportsmanlike Conduct,1.0
SF,2016,Defensive 12 On-field,2.0
SF,2016,Defensive Holding,6.0
SF,2016,Defensive Offside,11.0
SF,2016,Defensive Pass Interference,6.0
SF,2016,Delay of Game,1.0
SF,2016,Encroachment,2.0
SF,2016,Face Mask,3.0
SF,2016,Fair Catch Interference,1.0
SF,2016,False Start,15.0
SF,2016,Horse Collar Tackle,3.0
SF,2016,Illegal Block Above the Waist,2.0
SF,2016,Illegal Contact,3.0
SF,2016,Illegal Formation,3.0
SF,2016,Illegal Shift,3.0
SF,2016,Illegal Use of Hands,2.0
SF,2016,Leverage,1.0
SF,2016,Low Block,1.0
SF,2016,Neutral Zone Infraction,2.0
SF,2016,Offensive 12 On-field,1.0
SF,2016,Offensive Holding,19.0
SF,2016,Offensive Pass Interference,1.0
SF,2016,Offside on Free Kick,1.0
SF,2016,Running Into the Kicker,1.0
SF,2016,Taunting,2.0
SF,2016,Tripping,1.0
SF,2016,Unnecessary Roughness,4.0
SF,2016,Unsportsmanlike Conduct,1.0
SF,2017,Defensive Holding,8.0
SF,2017,Defensive Offside,10.0
SF,2017,Defensive Pass Interference,10.0
SF,2017,Delay of Game,2.0
SF,2017,Encroachment,1.0
SF,2017,Face Mask,1.0
SF,2017,False Start,23.0
SF,2017,Horse Collar Tackle,2.0
SF,2017,Illegal Blindside Block,1.0
SF,2017,Illegal Block Above the Waist,7.0
SF,2017,Illegal Contact,1.0
SF,2017,Illegal Formation,2.0
SF,2017,Illegal Motion,1.0
SF,2017,Illegal Shift,1.0
SF,2017,Illegal Touch Pass,1.0
SF,2017,Illegal Use of Hands,5.0
SF,2017,Intentional Grounding,3.0
SF,2017,Neutral Zone Infraction,6.0
SF,2017,Offensive Holding,22.0
SF,2017,Offensive Pass Interference,5.0
SF,2017,Player Out of Bounds on Punt,1.0
SF,2017,Roughing the Passer,4.0
SF,2017,Unnecessary Roughness,5.0
SF,2017,Unsportsmanlike Conduct,1.0
SF,2018,Chop Block,1.0
SF,2018,Defensive Holding,5.0
SF,2018,Defensive Offside,4.0
SF,2018,Defensive Pass Interference,11.0
SF,2018,Defensive Too Many Men on Field,1.0
SF,2018,Delay of Game,3.0
SF,2018,Face Mask,7.0
SF,2018,False Start,25.0
SF,2018,Illegal Blindside Block,1.0
SF,2018,Illegal Block Above the Waist,7.0
SF,2018,Illegal Contact,2.0
SF,2018,Illegal Shift,3.0
SF,2018,Illegal Touch Kick,1.0
SF,2018,Illegal Use of Hands,1.0
SF,2018,Ineligible Downfield Kick,1.0
SF,2018,Kick Catch Interference,1.0
SF,2018,Neutral Zone Infraction,5.0
SF,2018,Offensive Holding,16.0
SF,2018,Offensive Pass Interference,3.0
SF,2018,Player Out of Bounds on Kick,1.0
SF,2018,Roughing the Passer,4.0
SF,2018,Running Into the Kicker,1.0
SF,2018,Tripping,1.0
SF,2018,Unnecessary Roughness,5.0
SF,2018,Unsportsmanlike Conduct,1.0
SF,2019,Defensive Delay of Game,1.0
SF,2019,Defensive Holding,6.0
SF,2019,Defensive Offside,4.0
SF,2019,Defensive Pass Interference,12.0
SF,2019,Delay of Game,5.0
SF,2019,Disqualification,1.0
SF,2019,Encroachment,1.0
SF,2019,Face Mask,3.0
SF,2019,Fair Catch Interference,1.0
SF,2019,False Start,24.0
SF,2019,Horse Collar Tackle,1.0
SF,2019,Illegal Blindside Block,1.0
SF,2019,Illegal Block Above the Waist,6.0
SF,2019,Illegal Formation,1.0
SF,2019,Illegal Shift,2.0
SF,2019,Illegal Use of Hands,2.0
SF,2019,Kick Catch Interference,1.0
SF,2019,Low Block,1.0
SF,2019,Lowering the Head to Initiate Contact,2.0
SF,2019,Neutral Zone Infraction,7.0
SF,2019,Offensive Holding,23.0
SF,2019,Offensive Pass Interference,3.0
SF,2019,Roughing the Passer,4.0
SF,2019,Unnecessary Roughness,5.0
SF,2020,Defensive Holding,10.0
SF,2020,Defensive Offside,2.0
SF,2020,Defensive Pass Interference,8.0
SF,2020,Defensive Too Many Men on Field,1.0
SF,2020,Delay of Game,1.0
SF,2020,Face Mask,1.0
SF,2020,False Start,17.0
SF,2020,Horse Collar Tackle,2.0
SF,2020,Illegal Block Above the Waist,2.0
SF,2020,Illegal Contact,1.0
SF,2020,Illegal Formation,1.0
SF,2020,Illegal Motion,1.0
SF,2020,Illegal Use of Hands,1.0
SF,2020,Ineligible Downfield Pass,1.0
SF,2020,Neutral Zone Infraction,3.0
SF,2020,Offensive Holding,20.0
SF,2020,Player Out of Bounds on Kick,1.0
SF,2020,Roughing the Passer,6.0
SF,2020,Unnecessary Roughness,6.0
SF,2021,Defensive Holding,3.0
SF,2021,Defensive Offside,2.0
SF,2021,Defensive Pass Interference,21.0
SF,2021,Defensive Too Many Men on Field,1.0
SF,2021,Delay of Game,6.0
SF,2021,Encroachment,1.0
SF,2021,Face Mask,5.0
SF,2021,False Start,25.0
SF,2021,Illegal Block Above the Waist,3.0
SF,2021,Illegal Crackback,1.0
SF,2021,Illegal Double-Team Block,1.0
SF,2021,Illegal Formation,1.0
SF,2021,Illegal Shift,2.0
SF,2021,Illegal Use of Hands,3.0
SF,2021,Ineligible Downfield Pass,1.0
SF,2021,Intentional Grounding,1.0
SF,2021,Neutral Zone Infraction,3.0
SF,2021,Offensive Holding,25.0
SF,2021,Offensive Pass Interference,2.0
SF,2021,Roughing the Kicker,1.0
SF,2021,Roughing the Passer,7.0
SF,2021,Taunting,1.0
SF,2021,Unnecessary Roughness,5.0
SF,2022,Defensive Delay of Game,1.0
SF,2022,Defensive Holding,8.0
SF,2022,Defensive Offside,5.0
SF,2022,Defensive Pass Interference,7.0
SF,2022,Delay of Game,7.0
SF,2022,Disqualification,1.0
SF,2022,Encroachment,1.0
SF,2022,Face Mask,3.0
SF,2022,False Start,18.0
SF,2022,Illegal Block Above the Waist,1.0
SF,2022,Illegal Contact,3.0
SF,2022,Illegal Formation,2.0
SF,2022,Illegal Shift,2.0
SF,2022,Illegal Use of Hands,1.0
SF,2022,Ineligible Downfield Kick,1.0
SF,2022,Ineligible Downfield Pass,4.0
SF,2022,Low Block,1.0
SF,2022,Neutral Zone Infraction,4.0
SF,2022,Offensive Holding,25.0
SF,2022,Offensive Pass Interference,1.0
SF,2022,Offside on Free Kick,1.0
SF,2022,Roughing the Kicker,1.0
SF,2022,Roughing the Passer,4.0
SF,2022,Unnecessary Roughness,7.0
SF,2022,Unsportsmanlike Conduct,2.0
SF,2023,Chop Block,1.0
SF,2023,Defensive Holding,4.0
SF,2023,Defensive Offside,11.0
SF,2023,Defensive Pass Interference,13.0
SF,2023,Delay of Game,6.0
SF,2023,Disqualification,1.0
SF,2023,Encroachment,2.0
SF,2023,Face Mask,4.0
SF,2023,Fair Catch Interference,3.0
SF,2023,False Start,22.0
SF,2023,Illegal Blindside Block,1.0
SF,2023,Illegal Contact,5.0
SF,2023,Illegal Forward Pass,1.0
SF,2023,Illegal Motion,1.0
SF,2023,Illegal Use of Hands,2.0
SF,2023,Ineligible Downfield Pass,1.0
SF,2023,Intentional Grounding,2.0
SF,2023,Lowering the Head to Make Forcible Contact,1.0
SF,2023,Neutral Zone Infraction,3.0
SF,2023,Offensive Holding,19.0
SF,2023,Offensive Pass Interference,2.0
SF,2023,Offside on Free Kick,1.0
SF,2023,Roughing the Passer,1.0
SF,2023,Unnecessary Roughness,7.0
SF,2023,Unsportsmanlike Conduct,2.0
SF,2024,Defensive Holding,3.0
SF,2024,Defensive Offside,6.0
SF,2024,Defensive Pass Interference,8.0
SF,2024,Defensive Too Many Men on Field,3.0
SF,2024,Delay of Game,3.0
SF,2024,Encroachment,3.0
SF,2024,Face Mask,2.0
SF,2024,False Start,21.0
SF,2024,Illegal Block Above the Waist,2.0
SF,2024,Illegal Contact,2.0
SF,2024,Illegal Formation,7.0
SF,2024,Illegal Shift,3.0
SF,2024,Illegal Substitution,1.0
SF,2024,Illegal Use of Hands,1.0
SF,2024,Ineligible Downfield Pass,3.0
SF,2024,Kickoff Short of Landing Zone,2.0
SF,2024,Neutral Zone Infraction,2.0
SF,2024,Offensive Holding,27.0
SF,2024,Offensive Pass Interference,3.0
SF,2024,Roughing the Passer,2.0
SF,2024,Unnecessary Roughness,5.0
SF,2025,Defensive Holding,9.0
SF,2025,Defensive Offside,3.0
SF,2025,Defensive Pass Interference,8.0
SF,2025,Defensive Too Many Men on Field,2.0
SF,2025,Delay of Game,4.0
SF,2025,Encroachment,1.0
SF,2025,Face Mask,3.0
SF,2025,False Start,14.0
SF,2025,Illegal Contact,3.0
SF,2025,Illegal Formation,2.0
SF,2025,Illegal Shift,1.0
SF,2025,Illegal Use of Hands,2.0
SF,2025,Ineligible Downfield Pass,2.0
SF,2025,Intentional Grounding,1.0
SF,2025,Kickoff Out of Bounds,1.0
SF,2025,Leverage,1.0
SF,2025,Low Block,1.0
SF,2025,Neutral Zone Infraction,2.0
SF,2025,Offensive Holding,11.0
SF,2025,Offensive Pass Interference,1.0
SF,2025,Player Out of Bounds on Kick,1.0
SF,2025,Roughing the Passer,1.0
SF,2025,Tripping,1.0
SF,2025,Unnecessary Roughness,11.0
SF,2025,Unsportsmanlike Conduct,1.0
TB,2016,Clipping,1.0
TB,2016,Defensive Holding,5.0
TB,2016,Defensive Offside,4.0
TB,2016,Defensive Pass Interference,8.0
TB,2016,Delay of Game,6.0
TB,2016,Encroachment,2.0
TB,2016,Face Mask,3.0
TB,2016,False Start,20.0
TB,2016,Horse Collar Tackle,1.0
TB,2016,Illegal Block Above the Waist,2.0
TB,2016,Illegal Formation,2.0
TB,2016,Illegal Shift,2.0
TB,2016,Illegal Touch Pass,1.0
TB,2016,Illegal Use of Hands,7.0
TB,2016,Ineligible Downfield Pass,1.0
TB,2016,Intentional Grounding,1.0
TB,2016,Leverage,1.0
TB,2016,Neutral Zone Infraction,3.0
TB,2016,Offensive 12 On-field,1.0
TB,2016,Offensive Holding,24.0
TB,2016,Offensive Pass Interference,3.0
TB,2016,Roughing the Kicker,1.0
TB,2016,Unnecessary Roughness,6.0
TB,2016,Unsportsmanlike Conduct,4.0
TB,2017,Defensive Holding,5.0
TB,2017,Defensive Offside,4.0
TB,2017,Defensive Pass Interference,6.0
TB,2017,Delay of Game,7.0
TB,2017,Encroachment,2.0
TB,2017,Face Mask,2.0
TB,2017,False Start,19.0
TB,2017,Illegal Block Above the Waist,7.0
TB,2017,Illegal Contact,2.0
TB,2017,Illegal Forward Pass,1.0
TB,2017,Illegal Shift,1.0
TB,2017,Illegal Touch Kick,1.0
TB,2017,Illegal Use of Hands,3.0
TB,2017,Intentional Grounding,1.0
TB,2017,Neutral Zone Infraction,7.0
TB,2017,Offensive Holding,22.0
TB,2017,Offensive Pass Interference,2.0
TB,2017,Offside on Free Kick,1.0
TB,2017,Player Out of Bounds on Punt,1.0
TB,2017,Roughing the Passer,3.0
TB,2017,Taunting,1.0
TB,2017,Unnecessary Roughness,4.0
TB,2017,Unsportsmanlike Conduct,2.0
TB,2018,Chop Block,1.0
TB,2018,Defensive Holding,4.0
TB,2018,Defensive Offside,7.0
TB,2018,Defensive Pass Interference,9.0
TB,2018,Defensive Too Many Men on Field,1.0
TB,2018,Delay of Game,4.0
TB,2018,Encroachment,2.0
TB,2018,Face Mask,2.0
TB,2018,False Start,16.0
TB,2018,Illegal Block Above the Waist,6.0
TB,2018,Illegal Contact,1.0
TB,2018,Illegal Formation,1.0
TB,2018,Illegal Forward Pass,1.0
TB,2018,Illegal Motion,1.0
TB,2018,Illegal Shift,2.0
TB,2018,Illegal Use of Hands,1.0
TB,2018,Low Block,1.0
TB,2018,Neutral Zone Infraction,8.0
TB,2018,Offensive Holding,28.0
TB,2018,Offensive Pass Interference,5.0
TB,2018,Offensive Too Many Men on Field,1.0
TB,2018,Player Out of Bounds on Kick,1.0
TB,2018,Roughing the Passer,3.0
TB,2018,Taunting,1.0
TB,2018,Unnecessary Roughness,9.0
TB,2018,Unsportsmanlike Conduct,1.0
TB,2019,Defensive Holding,9.0
TB,2019,Defensive Offside,7.0
TB,2019,Defensive Pass Interference,11.0
TB,2019,Delay of Game,6.0
TB,2019,Disqualification,1.0
TB,2019,Encroachment,1.0
TB,2019,Face Mask,2.0
TB,2019,Fair Catch Interference,1.0
TB,2019,False Start,23.0
TB,2019,Illegal Blindside Block,1.0
TB,2019,Illegal Block Above the Waist,5.0
TB,2019,Illegal Contact,1.0
TB,2019,Illegal Formation,2.0
TB,2019,Illegal Forward Pass,1.0
TB,2019,Illegal Shift,2.0
TB,2019,Illegal Use of Hands,3.0
TB,2019,Intentional Grounding,4.0
TB,2019,Lowering the Head to Initiate Contact,3.0
TB,2019,Neutral Zone Infraction,15.0
TB,2019,Offensive Holding,23.0
TB,2019,Offensive Pass Interference,3.0
TB,2019,Offensive Too Many Men on Field,1.0
TB,2019,Roughing the Passer,4.0
TB,2019,Unnecessary Roughness,3.0
TB,2019,Unsportsmanlike Conduct,1.0
TB,2020,Defensive Holding,6.0
TB,2020,Defensive Offside,11.0
TB,2020,Defensive Pass Interference,8.0
TB,2020,Defensive Too Many Men on Field,1.0
TB,2020,Delay of Game,1.0
TB,2020,Encroachment,1.0
TB,2020,Face Mask,1.0
TB,2020,False Start,13.0
TB,2020,Horse Collar Tackle,2.0
TB,2020,Illegal Block Above the Waist,4.0
TB,2020,Illegal Shift,1.0
TB,2020,Illegal Use of Hands,3.0
TB,2020,Ineligible Downfield Pass,1.0
TB,2020,Intentional Grounding,2.0
TB,2020,Lowering the Head to Initiate Contact,1.0
TB,2020,Neutral Zone Infraction,14.0
TB,2020,Offensive Holding,14.0
TB,2020,Offensive Pass Interference,2.0
TB,2020,Player Out of Bounds on Kick,1.0
TB,2020,Roughing the Passer,6.0
TB,2020,Taunting,1.0
TB,2020,Tripping,1.0
TB,2020,Unnecessary Roughness,5.0
TB,2021,Defensive Holding,7.0
TB,2021,Defensive Offside,10.0
TB,2021,Defensive Pass Interference,15.0
TB,2021,Delay of Game,3.0
TB,2021,Encroachment,1.0
TB,2021,Face Mask,1.0
TB,2021,False Start,17.0
TB,2021,Horse Collar Tackle,1.0
TB,2021,Illegal Block Above the Waist,2.0
TB,2021,Illegal Formation,2.0
TB,2021,Illegal Substitution,1.0
TB,2021,Illegal Use of Hands,1.0
TB,2021,Neutral Zone Infraction,8.0
TB,2021,Offensive Holding,16.0
TB,2021,Offensive Pass Interference,3.0
TB,2021,Roughing the Kicker,1.0
TB,2021,Roughing the Passer,5.0
TB,2021,Taunting,3.0
TB,2021,Unnecessary Roughness,3.0
TB,2021,Unsportsmanlike Conduct,4.0
TB,2022,Defensive Holding,7.0
TB,2022,Defensive Offside,5.0
TB,2022,Defensive Pass Interference,4.0
TB,2022,Defensive Too Many Men on Field,1.0
TB,2022,Delay of Game,5.0
TB,2022,Encroachment,1.0
TB,2022,Face Mask,2.0
TB,2022,False Start,23.0
TB,2022,Horse Collar Tackle,1.0
TB,2022,Illegal Blindside Block,1.0
TB,2022,Illegal Block Above the Waist,1.0
TB,2022,Illegal Contact,1.0
TB,2022,Illegal Formation,1.0
TB,2022,Illegal Forward Pass,1.0
TB,2022,Illegal Shift,2.0
TB,2022,Illegal Use of Hands,2.0
TB,2022,Ineligible Downfield Kick,1.0
TB,2022,Ineligible Downfield Pass,1.0
TB,2022,Low Block,1.0
TB,2022,Neutral Zone Infraction,4.0
TB,2022,Offensive Holding,22.0
TB,2022,Offensive Pass Interference,3.0
TB,2022,Offensive Too Many Men on Field,1.0
TB,2022,Roughing the Kicker,1.0
TB,2022,Roughing the Passer,4.0
TB,2022,Tripping,1.0
TB,2022,Unnecessary Roughness,5.0
TB,2023,Defensive Holding,9.0
TB,2023,Defensive Offside,7.0
TB,2023,Defensive Pass Interference,6.0
TB,2023,Delay of Game,3.0
TB,2023,Face Mask,3.0
TB,2023,False Start,24.0
TB,2023,Horse Collar Tackle,1.0
TB,2023,Illegal Block Above the Waist,1.0
TB,2023,Illegal Formation,2.0
TB,2023,Illegal Shift,1.0
TB,2023,Illegal Substitution,1.0
TB,2023,Illegal Touch Kick,1.0
TB,2023,Illegal Use of Hands,4.0
TB,2023,Ineligible Downfield Pass,4.0
TB,2023,Intentional Grounding,1.0
TB,2023,Neutral Zone Infraction,6.0
TB,2023,Offensive Holding,21.0
TB,2023,Offensive Pass Interference,5.0
TB,2023,Offside on Free Kick,1.0
TB,2023,Player Out of Bounds on Kick,1.0
TB,2023,Roughing the Passer,3.0
TB,2023,Unnecessary Roughness,3.0
TB,2023,Unsportsmanlike Conduct,2.0
TB,2024,Chop Block,1.0
TB,2024,Defensive Holding,10.0
TB,2024,Defensive Offside,9.0
TB,2024,Defensive Pass Interference,9.0
TB,2024,Delay of Game,2.0
TB,2024,Encroachment,1.0
TB,2024,Face Mask,2.0
TB,2024,False Start,26.0
TB,2024,Illegal Blindside Block,1.0
TB,2024,Illegal Block Above the Waist,2.0
TB,2024,Illegal Contact,2.0
TB,2024,Illegal Formation,3.0
TB,2024,Illegal Motion,1.0
TB,2024,Kickoff Short of Landing Zone,1.0
TB,2024,Low Block,2.0
TB,2024,Neutral Zone Infraction,1.0
TB,2024,Offensive Holding,23.0
TB,2024,Offensive Offside,1.0
TB,2024,Offensive Pass Interference,1.0
TB,2024,Offensive Too Many Men on Field,2.0
TB,2024,Roughing the Passer,7.0
TB,2024,Unnecessary Roughness,5.0
TB,2024,Unsportsmanlike Conduct,3.0
TB,2025,Defensive Holding,3.0
TB,2025,Defensive Offside,7.0
TB,2025,Defensive Pass Interference,4.0
TB,2025,Delay of Game,5.0
TB,2025,Face Mask,2.0
TB,2025,False Start,19.0
TB,2025,Horse Collar Tackle,1.0
TB,2025,Illegal Blindside Block,2.0
TB,2025,Illegal Block Above the Waist,2.0
TB,2025,Illegal Contact,5.0
TB,2025,Illegal Formation,1.0
TB,2025,Illegal Use of Hands,1.0
TB,2025,Ineligible Downfield Pass,2.0
TB,2025,Kickoff Short of Landing Zone,1.0
TB,2025,Neutral Zone Infraction,1.0
TB,2025,Offensive Holding,26.0
TB,2025,Offensive Pass Interference,5.0
TB,2025,Player Out of Bounds on Kick,1.0
TB,2025,Roughing the Passer,4.0
TB,2025,Running Into the Kicker,1.0
TB,2025,Unnecessary Roughness,2.0
TEN,2016,Defensive 12 On-field,2.0
TEN,2016,Defensive Holding,8.0
TEN,2016,Defensive Offside,6.0
TEN,2016,Defensive Pass Interference,11.0
TEN,2016,Delay of Game,2.0
TEN,2016,Face Mask,4.0
TEN,2016,False Start,16.0
TEN,2016,Horse Collar Tackle,2.0
TEN,2016,Illegal Blindside Block,1.0
TEN,2016,Illegal Block Above the Waist,3.0
TEN,2016,Illegal Crackback,1.0
TEN,2016,Illegal Formation,5.0
TEN,2016,Illegal Forward Pass,1.0
TEN,2016,Illegal Shift,1.0
TEN,2016,Illegal Use of Hands,3.0
TEN,2016,Ineligible Downfield Pass,1.0
TEN,2016,Intentional Grounding,1.0
TEN,2016,Leverage,1.0
TEN,2016,Neutral Zone Infraction,2.0
TEN,2016,Offensive Holding,19.0
TEN,2016,Offensive Pass Interference,4.0
TEN,2016,Offside on Free Kick,2.0
TEN,2016,Roughing the Passer,2.0
TEN,2016,Taunting,1.0
TEN,2016,Tripping,1.0
TEN,2016,Unnecessary Roughness,7.0
TEN,2016,Unsportsmanlike Conduct,3.0
TEN,2017,Defensive 12 On-field,1.0
TEN,2017,Defensive Holding,6.0
TEN,2017,Defensive Offside,3.0
TEN,2017,Defensive Pass Interference,8.0
TEN,2017,Delay of Game,6.0
TEN,2017,Face Mask,1.0
TEN,2017,False Start,17.0
TEN,2017,Illegal Block Above the Waist,7.0
TEN,2017,Illegal Contact,2.0
TEN,2017,Illegal Shift,1.0
TEN,2017,Illegal Use of Hands,6.0
TEN,2017,Neutral Zone Infraction,2.0
TEN,2017,Offensive Holding,21.0
TEN,2017,Offensive Pass Interference,4.0
TEN,2017,Offside on Free Kick,2.0
TEN,2017,Roughing the Passer,3.0
TEN,2017,Running Into the Kicker,1.0
TEN,2017,Taunting,1.0
TEN,2017,Tripping,1.0
TEN,2017,Unnecessary Roughness,9.0
TEN,2017,Unsportsmanlike Conduct,1.0
TEN,2018,Clipping,1.0
TEN,2018,Defensive Holding,7.0
TEN,2018,Defensive Offside,2.0
TEN,2018,Defensive Pass Interference,4.0
TEN,2018,Defensive Too Many Men on Field,1.0
TEN,2018,Delay of Game,3.0
TEN,2018,Encroachment,1.0
TEN,2018,Face Mask,4.0
TEN,2018,False Start,13.0
TEN,2018,Illegal Block Above the Waist,5.0
TEN,2018,Illegal Contact,1.0
TEN,2018,Illegal Formation,2.0
TEN,2018,Illegal Forward Pass,2.0
TEN,2018,Illegal Shift,1.0
TEN,2018,Intentional Grounding,1.0
TEN,2018,Neutral Zone Infraction,3.0
TEN,2018,Offensive Holding,20.0
TEN,2018,Offensive Pass Interference,1.0
TEN,2018,Roughing the Passer,1.0
TEN,2018,Unnecessary Roughness,6.0
TEN,2018,Unsportsmanlike Conduct,3.0
TEN,2019,Defensive Holding,7.0
TEN,2019,Defensive Offside,4.0
TEN,2019,Defensive Pass Interference,13.0
TEN,2019,Defensive Too Many Men on Field,1.0
TEN,2019,Delay of Game,6.0
TEN,2019,Face Mask,6.0
TEN,2019,False Start,27.0
TEN,2019,Illegal Block Above the Waist,3.0
TEN,2019,Illegal Contact,3.0
TEN,2019,Illegal Double-Team Block,3.0
TEN,2019,Illegal Formation,2.0
TEN,2019,Illegal Forward Pass,1.0
TEN,2019,Illegal Shift,1.0
TEN,2019,Illegal Touch Kick,1.0
TEN,2019,Illegal Use of Hands,1.0
TEN,2019,Ineligible Downfield Pass,1.0
TEN,2019,Intentional Grounding,1.0
TEN,2019,Lowering the Head to Initiate Contact,1.0
TEN,2019,Neutral Zone Infraction,2.0
TEN,2019,Offensive Holding,24.0
TEN,2019,Offensive Pass Interference,1.0
TEN,2019,Roughing the Passer,3.0
TEN,2019,Taunting,1.0
TEN,2019,Unnecessary Roughness,3.0
TEN,2019,Unsportsmanlike Conduct,1.0
TEN,2020,Defensive Holding,4.0
TEN,2020,Defensive Offside,7.0
TEN,2020,Defensive Pass Interference,10.0
TEN,2020,Defensive Too Many Men on Field,1.0
TEN,2020,Delay of Game,4.0
TEN,2020,Disqualification,1.0
TEN,2020,Encroachment,1.0
TEN,2020,Face Mask,5.0
TEN,2020,False Start,17.0
TEN,2020,Illegal Blindside Block,1.0
TEN,2020,Illegal Block Above the Waist,1.0
TEN,2020,Illegal Contact,1.0
TEN,2020,Illegal Double-Team Block,1.0
TEN,2020,Illegal Formation,1.0
TEN,2020,Illegal Shift,1.0
TEN,2020,Illegal Use of Hands,2.0
TEN,2020,Intentional Grounding,1.0
TEN,2020,Neutral Zone Infraction,1.0
TEN,2020,Offensive Holding,16.0
TEN,2020,Offensive Pass Interference,1.0
TEN,2020,Roughing the Passer,3.0
TEN,2020,Unnecessary Roughness,8.0
TEN,2021,Chop Block,2.0
TEN,2021,Defensive Delay of Game,1.0
TEN,2021,Defensive Holding,6.0
TEN,2021,Defensive Offside,3.0
TEN,2021,Defensive Pass Interference,12.0
TEN,2021,Defensive Too Many Men on Field,1.0
TEN,2021,Delay of Game,5.0
TEN,2021,Face Mask,6.0
TEN,2021,False Start,16.0
TEN,2021,Illegal Blindside Block,1.0
TEN,2021,Illegal Block Above the Waist,2.0
TEN,2021,Illegal Contact,3.0
TEN,2021,Illegal Formation,1.0
TEN,2021,Illegal Forward Pass,1.0
TEN,2021,Illegal Motion,2.0
TEN,2021,Illegal Substitution,1.0
TEN,2021,Illegal Touch Pass,1.0
TEN,2021,Illegal Use of Hands,4.0
TEN,2021,Intentional Grounding,1.0
TEN,2021,Neutral Zone Infraction,2.0
TEN,2021,Offensive Holding,20.0
TEN,2021,Offensive Pass Interference,2.0
TEN,2021,Player Out of Bounds on Kick,1.0
TEN,2021,Roughing the Kicker,1.0
TEN,2021,Roughing the Passer,2.0
TEN,2021,Unnecessary Roughness,8.0
TEN,2022,Chop Block,1.0
TEN,2022,Defensive Holding,5.0
TEN,2022,Defensive Offside,11.0
TEN,2022,Defensive Pass Interference,8.0
TEN,2022,Defensive Too Many Men on Field,1.0
TEN,2022,Delay of Game,3.0
TEN,2022,Encroachment,1.0
TEN,2022,Face Mask,4.0
TEN,2022,False Start,23.0
TEN,2022,Illegal Blindside Block,1.0
TEN,2022,Illegal Block Above the Waist,2.0
TEN,2022,Illegal Contact,4.0
TEN,2022,Illegal Crackback,1.0
TEN,2022,Illegal Formation,1.0
TEN,2022,Illegal Forward Pass,1.0
TEN,2022,Illegal Motion,1.0
TEN,2022,Illegal Use of Hands,3.0
TEN,2022,Ineligible Downfield Kick,1.0
TEN,2022,Ineligible Downfield Pass,3.0
TEN,2022,Neutral Zone Infraction,1.0
TEN,2022,Offensive Holding,24.0
TEN,2022,Offensive Pass Interference,2.0
TEN,2022,Offensive Too Many Men on Field,1.0
TEN,2022,Roughing the Passer,4.0
TEN,2022,Unnecessary Roughness,4.0
TEN,2023,Defensive Holding,8.0
TEN,2023,Defensive Offside,4.0
TEN,2023,Defensive Pass Interference,13.0
TEN,2023,Delay of Game,1.0
TEN,2023,Face Mask,2.0
TEN,2023,False Start,30.0
TEN,2023,Horse Collar Tackle,1.0
TEN,2023,Illegal Block Above the Waist,2.0
TEN,2023,Illegal Contact,7.0
TEN,2023,Illegal Double-Team Block,1.0
TEN,2023,Illegal Formation,3.0
TEN,2023,Illegal Kick/Kicking Loose Ball,1.0
TEN,2023,Illegal Shift,1.0
TEN,2023,Illegal Use of Hands,1.0
TEN,2023,Ineligible Downfield Kick,1.0
TEN,2023,Ineligible Downfield Pass,2.0
TEN,2023,Neutral Zone Infraction,3.0
TEN,2023,Offensive Holding,14.0
TEN,2023,Offensive Pass Interference,2.0
TEN,2023,Offensive Too Many Men on Field,2.0
TEN,2023,Roughing the Passer,5.0
TEN,2023,Running Into the Kicker,1.0
TEN,2023,Taunting,1.0
TEN,2023,Unnecessary Roughness,4.0
TEN,2024,Defensive Delay of Game,1.0
TEN,2024,Defensive Holding,4.0
TEN,2024,Defensive Offside,4.0
TEN,2024,Defensive Pass Interference,10.0
TEN,2024,Defensive Too Many Men on Field,4.0
TEN,2024,Delay of Game,8.0
TEN,2024,Encroachment,1.0
TEN,2024,Face Mask,5.0
TEN,2024,False Start,29.0
TEN,2024,Horse Collar Tackle,1.0
TEN,2024,Illegal Blindside Block,1.0
TEN,2024,Illegal Block Above the Waist,3.0
TEN,2024,Illegal Contact,4.0
TEN,2024,Illegal Formation,8.0
TEN,2024,Illegal Shift,1.0
TEN,2024,Illegal Use of Hands,4.0
TEN,2024,Low Block,1.0
TEN,2024,Neutral Zone Infraction,2.0
TEN,2024,Offensive Holding,26.0
TEN,2024,Offensive Offside,1.0
TEN,2024,Offensive Pass Interference,2.0
TEN,2024,Roughing the Passer,4.0
TEN,2024,Taunting,1.0
TEN,2024,Unnecessary Roughness,4.0
TEN,2025,Defensive Holding,3.0
TEN,2025,Defensive Offside,7.0
TEN,2025,Defensive Pass Interference,7.0
TEN,2025,Delay of Game,5.0
TEN,2025,Encroachment,3.0
TEN,2025,Face Mask,6.0
TEN,2025,False Start,20.0
TEN,2025,Horse Collar Tackle,1.0
TEN,2025,Illegal Blindside Block,4.0
TEN,2025,Illegal Block Above the Waist,4.0
TEN,2025,Illegal Contact,4.0
TEN,2025,Illegal Formation,8.0
TEN,2025,Illegal Motion,1.0
TEN,2025,Illegal Shift,2.0
TEN,2025,Illegal Touch Kick,1.0
TEN,2025,Illegal Use of Hands,2.0
TEN,2025,Ineligible Downfield Pass,2.0
TEN,2025,Intentional Grounding,1.0
TEN,2025,Kickoff Out of Bounds,4.0
TEN,2025,Neutral Zone Infraction,4.0
TEN,2025,Offensive Holding,27.0
TEN,2025,Offensive Offside,1.0
TEN,2025,Offensive Pass Interference,1.0
TEN,2025,Offensive Too Many Men on Field,1.0
TEN,2025,Roughing the Kicker,1.0
TEN,2025,Roughing the Passer,2.0
TEN,2025,Unnecessary Roughness,7.0
WAS,2016,Defensive Holding,5.0
WAS,2016,Defensive Offside,5.0
WAS,2016,Defensive Pass Interference,7.0
WAS,2016,Delay of Game,6.0
WAS,2016,Disqualification,1.0
WAS,2016,Face Mask,3.0
WAS,2016,False Start,25.0
WAS,2016,Horse Collar Tackle,1.0
WAS,2016,Illegal Blindside Block,1.0
WAS,2016,Illegal Block Above the Waist,5.0
WAS,2016,Illegal Contact,2.0
WAS,2016,Illegal Formation,3.0
WAS,2016,Illegal Shift,2.0
WAS,2016,Illegal Substitution,1.0
WAS,2016,Illegal Use of Hands,9.0
WAS,2016,Interference with Opportunity to Catch,1.0
WAS,2016,Leverage,1.0
WAS,2016,Neutral Zone Infraction,2.0
WAS,2016,Offensive Holding,18.0
WAS,2016,Offensive Pass Interference,2.0
WAS,2016,Roughing the Passer,4.0
WAS,2016,Unnecessary Roughness,3.0
WAS,2016,Unsportsmanlike Conduct,3.0
WAS,2017,Clipping,1.0
WAS,2017,Defensive 12 On-field,1.0
WAS,2017,Defensive Holding,3.0
WAS,2017,Defensive Offside,3.0
WAS,2017,Defensive Pass Interference,7.0
WAS,2017,Delay of Game,7.0
WAS,2017,Encroachment,1.0
WAS,2017,Face Mask,5.0
WAS,2017,False Start,18.0
WAS,2017,Horse Collar Tackle,2.0
WAS,2017,Illegal Block Above the Waist,1.0
WAS,2017,Illegal Contact,1.0
WAS,2017,Illegal Formation,1.0
WAS,2017,Illegal Substitution,1.0
WAS,2017,Illegal Touch Kick,1.0
WAS,2017,Illegal Use of Hands,3.0
WAS,2017,Intentional Grounding,2.0
WAS,2017,Leverage,1.0
WAS,2017,Low Block,1.0
WAS,2017,Neutral Zone Infraction,3.0
WAS,2017,Offensive Holding,16.0
WAS,2017,Roughing the Passer,2.0
WAS,2017,Tripping,1.0
WAS,2017,Unnecessary Roughness,7.0
WAS,2017,Unsportsmanlike Conduct,3.0
WAS,2018,Defensive Holding,10.0
WAS,2018,Defensive Pass Interference,7.0
WAS,2018,Defensive Too Many Men on Field,1.0
WAS,2018,Delay of Game,3.0
WAS,2018,Encroachment,1.0
WAS,2018,False Start,27.0
WAS,2018,Horse Collar Tackle,1.0
WAS,2018,Illegal Block Above the Waist,3.0
WAS,2018,Illegal Contact,1.0
WAS,2018,Illegal Formation,1.0
WAS,2018,Illegal Substitution,1.0
WAS,2018,Illegal Use of Hands,2.0
WAS,2018,Ineligible Downfield Pass,1.0
WAS,2018,Intentional Grounding,2.0
WAS,2018,Neutral Zone Infraction,7.0
WAS,2018,Offensive Holding,32.0
WAS,2018,Offensive Pass Interference,3.0
WAS,2018,Offside on Free Kick,1.0
WAS,2018,Roughing the Passer,3.0
WAS,2018,Taunting,2.0
WAS,2018,Unnecessary Roughness,3.0
WAS,2018,Unsportsmanlike Conduct,3.0
WAS,2019,Chop Block,1.0
WAS,2019,Defensive Holding,9.0
WAS,2019,Defensive Offside,2.0
WAS,2019,Defensive Pass Interference,4.0
WAS,2019,Delay of Game,2.0
WAS,2019,Disqualification,1.0
WAS,2019,Face Mask,1.0
WAS,2019,False Start,21.0
WAS,2019,Illegal Block Above the Waist,3.0
WAS,2019,Illegal Contact,1.0
WAS,2019,Illegal Formation,3.0
WAS,2019,Illegal Shift,1.0
WAS,2019,Illegal Touch Kick,1.0
WAS,2019,Illegal Use of Hands,4.0
WAS,2019,Ineligible Downfield Pass,1.0
WAS,2019,Lowering the Head to Initiate Contact,1.0
WAS,2019,Neutral Zone Infraction,4.0
WAS,2019,Offensive Holding,27.0
WAS,2019,Offensive Pass Interference,1.0
WAS,2019,Offside on Free Kick,2.0
WAS,2019,Roughing the Kicker,1.0
WAS,2019,Roughing the Passer,5.0
WAS,2019,Unnecessary Roughness,8.0
WAS,2019,Unsportsmanlike Conduct,1.0
WAS,2020,Clipping,1.0
WAS,2020,Defensive Holding,4.0
WAS,2020,Defensive Offside,8.0
WAS,2020,Defensive Pass Interference,6.0
WAS,2020,Defensive Too Many Men on Field,2.0
WAS,2020,Delay of Game,7.0
WAS,2020,Disqualification,1.0
WAS,2020,Encroachment,2.0
WAS,2020,Face Mask,2.0
WAS,2020,False Start,13.0
WAS,2020,Horse Collar Tackle,1.0
WAS,2020,Illegal Block Above the Waist,2.0
WAS,2020,Illegal Double-Team Block,1.0
WAS,2020,Illegal Motion,1.0
WAS,2020,Illegal Touch Kick,1.0
WAS,2020,Illegal Use of Hands,4.0
WAS,2020,Lowering the Head to Initiate Contact,2.0
WAS,2020,Neutral Zone Infraction,7.0
WAS,2020,Offensive Holding,13.0
WAS,2020,Offensive Pass Interference,1.0
WAS,2020,Offside on Free Kick,1.0
WAS,2020,Roughing the Passer,4.0
WAS,2020,Taunting,1.0
WAS,2020,Unnecessary Roughness,4.0
WAS,2021,Defensive Holding,3.0
WAS,2021,Defensive Offside,4.0
WAS,2021,Defensive Pass Interference,11.0
WAS,2021,Delay of Game,4.0
WAS,2021,Face Mask,2.0
WAS,2021,False Start,17.0
WAS,2021,Horse Collar Tackle,1.0
WAS,2021,Illegal Blindside Block,1.0
WAS,2021,Illegal Double-Team Block,1.0
WAS,2021,Illegal Formation,1.0
WAS,2021,Illegal Forward Pass,1.0
WAS,2021,Illegal Touch Kick,1.0
WAS,2021,Ineligible Downfield Pass,1.0
WAS,2021,Low Block,2.0
WAS,2021,Lowering the Head to Initiate Contact,1.0
WAS,2021,Neutral Zone Infraction,5.0
WAS,2021,Offensive Holding,14.0
WAS,2021,Offensive Pass Interference,3.0
WAS,2021,Roughing the Passer,5.0
WAS,2021,Taunting,1.0
WAS,2021,Unnecessary Roughness,3.0
WAS,2022,Defensive Holding,3.0
WAS,2022,Defensive Offside,3.0
WAS,2022,Defensive Pass Interference,11.0
WAS,2022,Defensive Too Many Men on Field,2.0
WAS,2022,Delay of Game,7.0
WAS,2022,Face Mask,2.0
WAS,2022,False Start,17.0
WAS,2022,Illegal Block Above the Waist,1.0
WAS,2022,Illegal Contact,3.0
WAS,2022,Illegal Double-Team Block,1.0
WAS,2022,Illegal Formation,2.0
WAS,2022,Illegal Motion,1.0
WAS,2022,Illegal Touch Kick,1.0
WAS,2022,Illegal Use of Hands,5.0
WAS,2022,Ineligible Downfield Pass,1.0
WAS,2022,Intentional Grounding,3.0
WAS,2022,Neutral Zone Infraction,1.0
WAS,2022,Offensive Holding,18.0
WAS,2022,Offensive Pass Interference,3.0
WAS,2022,Roughing the Passer,1.0
WAS,2022,Unnecessary Roughness,6.0
WAS,2023,Defensive Holding,4.0
WAS,2023,Defensive Offside,1.0
WAS,2023,Defensive Pass Interference,7.0
WAS,2023,Defensive Too Many Men on Field,2.0
WAS,2023,Delay of Game,2.0
WAS,2023,Disqualification,1.0
WAS,2023,Encroachment,2.0
WAS,2023,Face Mask,3.0
WAS,2023,False Start,20.0
WAS,2023,Illegal Block Above the Waist,2.0
WAS,2023,Illegal Contact,2.0
WAS,2023,Illegal Formation,2.0
WAS,2023,Illegal Touch Kick,1.0
WAS,2023,Illegal Use of Hands,2.0
WAS,2023,Ineligible Downfield Pass,2.0
WAS,2023,Intentional Grounding,2.0
WAS,2023,Low Block,1.0
WAS,2023,Neutral Zone Infraction,4.0
WAS,2023,Offensive Holding,14.0
WAS,2023,Offensive Pass Interference,3.0
WAS,2023,Roughing the Passer,6.0
WAS,2023,Unnecessary Roughness,4.0
WAS,2024,Defensive Holding,4.0
WAS,2024,Defensive Offside,7.0
WAS,2024,Defensive Pass Interference,22.0
WAS,2024,Defensive Too Many Men on Field,2.0
WAS,2024,Delay of Game,3.0
WAS,2024,Encroachment,4.0
WAS,2024,Face Mask,3.0
WAS,2024,False Start,21.0
WAS,2024,Illegal Blindside Block,1.0
WAS,2024,Illegal Block Above the Waist,3.0
WAS,2024,Illegal Contact,1.0
WAS,2024,Illegal Formation,4.0
WAS,2024,Illegal Shift,2.0
WAS,2024,Illegal Use of Hands,2.0
WAS,2024,Ineligible Downfield Pass,6.0
WAS,2024,Neutral Zone Infraction,4.0
WAS,2024,Offensive Holding,21.0
WAS,2024,Offensive Too Many Men on Field,1.0
WAS,2024,Roughing the Passer,6.0
WAS,2024,Taunting,2.0
WAS,2024,Unnecessary Roughness,5.0
WAS,2024,Unsportsmanlike Conduct,1.0
WAS,2025,Defensive Holding,7.0
WAS,2025,Defensive Offside,6.0
WAS,2025,Defensive Pass Interference,8.0
WAS,2025,Delay of Game,3.0
WAS,2025,Disqualification,1.0
WAS,2025,Face Mask,2.0
WAS,2025,False Start,33.0
WAS,2025,Illegal Blindside Block,2.0
WAS,2025,Illegal Block Above the Waist,3.0
WAS,2025,Illegal Contact,3.0
WAS,2025,Illegal Formation,4.0
WAS,2025,Illegal Use of Hands,3.0
WAS,2025,Intentional Grounding,5.0
WAS,2025,Kickoff Out of Bounds,3.0
WAS,2025,Neutral Zone Infraction,1.0
WAS,2025,Offensive Holding,17.0
WAS,2025,Offensive Offside,1.0
WAS,2025,Offensive Pass Interference,2.0
WAS,2025,Roughing the Passer,3.0
WAS,2025,Running Into the Kicker,1.0
WAS,2025,Tripping,1.0
WAS,2025,Unnecessary Roughness,6.0
WAS,2025,Unsportsmanlike Conduct,2.0
