,penalty_player_name,penalty_player_id,season,penalty_team,penalty
0,A.Abdullah,00-0032104,2019,MIN,1
1,A.Abdullah,00-0032104,2022,LV,1
2,A.Abdullah,00-0032104,2023,LV,1
3,A.Abdullah,00-0032104,2024,LV,1
4,A.Adams,00-0032637,2018,TB,4
5,A.Adams,00-0032637,2019,TB,4
6,A.Adams,00-0032637,2020,TB,1
7,A.Adams,00-0032637,2021,TB,4
8,A.Adebawore,00-0039031,2023,IND,1
9,A.Adebawore,00-0039031,2024,IND,1
10,A.Adebawore,00-0039031,2025,IND,3
11,A.Al-Shaair,00-0035166,2019,SF,1
12,A.Al-Shaair,00-0035166,2021,SF,1
13,A.Al-Shaair,00-0035166,2022,SF,1
14,A.Al-Shaair,00-0035166,2023,TEN,4
15,A.Al-Shaair,00-0035166,2024,HOU,3
16,A.Al-Shaair,00-0035166,2025,HOU,2
17,A.Alexander,00-0034840,2018,WAS,2
18,A.Allen,00-0029553,2016,NYJ,1
19,A.Alufohai,00-0036065,2020,HOU,1
20,A.Amos,00-0031584,2016,CHI,1
21,A.Amos,00-0031584,2018,CHI,2
22,A.Amos,00-0031584,2020,GB,2
23,A.Amos,00-0031584,2021,GB,2
24,A.Amos,00-0031584,2022,GB,3
25,A.Anderson,00-0034587,2022,ATL,2
26,A.Anderson,00-0037428,2024,BUF,4
27,A.Anderson,00-0037428,2025,BUF,3
28,A.Andrews,00-0030789,2016,TEN,1
29,A.Anzalone,00-0033914,2017,NO,1
30,A.Anzalone,00-0033914,2018,NO,1
31,A.Anzalone,00-0033914,2020,NO,3
32,A.Anzalone,00-0033914,2021,DET,1
33,A.Anzalone,00-0033914,2022,DET,2
34,A.Anzalone,00-0033914,2023,DET,5
35,A.Anzalone,00-0033914,2024,DET,2
36,A.Anzalone,00-0033914,2025,DET,2
37,A.Arcuri,00-0037845,2024,LA,1
38,A.Armah,00-0033296,2017,CAR,1
39,A.Armah,00-0033296,2019,CAR,3
40,A.Armstead,00-0032164,2017,SF,1
41,A.Armstead,00-0032164,2018,SF,3
42,A.Armstead,00-0032164,2019,SF,1
43,A.Armstead,00-0032164,2020,SF,3
44,A.Armstead,00-0032164,2021,SF,4
45,A.Armstead,00-0032164,2023,SF,3
46,A.Armstead,00-0032164,2024,JAX,2
47,A.Auclair,00-0033421,2017,TB,2
48,A.Auclair,00-0033421,2018,TB,7
49,A.Auclair,00-0033421,2019,TB,2
50,A.Auclair,00-0033421,2021,HOU,1
51,A.Austin,00-0038646,2023,NE,2
52,A.Austin,00-0038646,2024,NE,1
53,A.Austin,00-0038646,2025,NE,2
54,A.Averett,00-0034265,2019,BAL,1
55,A.Averett,00-0034265,2020,BAL,2
56,A.Averett,00-0034265,2021,BAL,3
57,A.Ayers,00-0027977,2016,IND,1
58,A.Ayers,00-0027977,2017,NYG,1
59,A.Bachman,00-0035602,2025,LV,1
60,A.Bailey,00-0028024,2017,KC,1
61,A.Bailey,00-0028024,2019,ATL,1
62,A.Bailey,00-0030207,2016,CLE,2
63,A.Banks,00-0036551,2022,SF,3
64,A.Banks,00-0036551,2023,SF,6
65,A.Banks,00-0036551,2024,SF,4
66,A.Banks,00-0036551,2025,GB,5
67,A.Barbre,00-0025506,2016,PHI,5
68,A.Barbre,00-0025506,2017,DEN,6
69,A.Barner,00-0039793,2024,SEA,4
70,A.Barner,00-0039793,2025,SEA,4
71,A.Barnes,00-0032552,2016,DET,1
72,A.Barno,00-0037043,2023,CAR,1
73,A.Barr,00-0031256,2016,MIN,1
74,A.Barr,00-0031256,2017,MIN,4
75,A.Barr,00-0031256,2018,MIN,2
76,A.Barr,00-0031256,2019,MIN,2
77,A.Barr,00-0031256,2022,DAL,2
78,A.Bars,00-0035061,2020,CHI,2
79,A.Bars,00-0035061,2022,LV,2
80,A.Beck,00-0034959,2019,DEN,3
81,A.Beck,00-0034959,2022,DEN,2
82,A.Beck,00-0034959,2023,HOU,4
83,A.Belton,00-0040726,2025,GB,2
84,A.Benn,00-0027654,2016,JAX,2
85,A.Benn,00-0027654,2017,JAX,3
86,A.Bethea,00-0024421,2016,SF,1
87,A.Bethea,00-0024421,2017,ARI,2
88,A.Bethea,00-0024421,2018,ARI,4
89,A.Bethea,00-0024421,2019,NYG,1
90,A.Billings,00-0033066,2017,CIN,2
91,A.Billings,00-0033066,2018,CIN,1
92,A.Billings,00-0033066,2019,CIN,2
93,A.Billings,00-0033066,2022,LV,2
94,A.Billings,00-0033066,2023,CHI,3
95,A.Billings,00-0033066,2024,CHI,1
96,A.Billings,00-0033066,2025,CHI,5
97,A.Bisnowaty,00-0033965,2017,NYG,2
98,A.Blackson,00-0032107,2016,TEN,1
99,A.Blackson,00-0032107,2017,HOU,1
100,A.Blackson,00-0032107,2019,HOU,2
101,A.Blackson,00-0032107,2020,ARI,1
102,A.Blackson,00-0032107,2021,CHI,1
103,A.Blackson,00-0032107,2023,JAX,1
104,A.Blake,00-0029050,2016,TEN,4
105,A.Blythe,00-0032455,2017,LA,1
106,A.Blythe,00-0032455,2018,LA,1
107,A.Blythe,00-0032455,2019,LA,3
108,A.Blythe,00-0032455,2020,LA,1
109,A.Blythe,00-0032455,2022,SEA,4
110,A.Boldin,00-0022084,2016,DET,8
111,A.Booker,00-0039840,2024,CHI,1
112,A.Booker,00-0039840,2025,CHI,4
113,A.Boone,00-0026762,2016,MIN,4
114,A.Boone,00-0026762,2017,ARI,2
115,A.Booth,00-0038130,2022,MIN,1
116,A.Booth,00-0038130,2024,DAL,2
117,A.Borregales,00-0040200,2025,NE,2
118,A.Bouye,00-0030228,2016,HOU,10
119,A.Bouye,00-0030228,2017,JAX,7
120,A.Bouye,00-0030228,2018,JAX,4
121,A.Bouye,00-0030228,2019,JAX,3
122,A.Bouye,00-0030228,2020,DEN,2
123,A.Bradford,00-0039020,2023,SEA,2
124,A.Bradford,00-0039020,2024,SEA,9
125,A.Bradford,00-0039020,2025,SEA,5
126,A.Branch,00-0025420,2016,NE,2
127,A.Branch,00-0025420,2017,NE,1
128,A.Branch,00-0029600,2016,MIA,5
129,A.Branch,00-0029600,2017,MIA,2
130,A.Branch,00-0029600,2018,MIA,4
131,A.Brewer,00-0028946,2019,ARI,1
132,A.Brewer,00-0028946,2024,ARI,1
133,A.Brewer,00-0036171,2020,TEN,1
134,A.Brewer,00-0036171,2021,TEN,3
135,A.Brewer,00-0036171,2022,TEN,6
136,A.Brewer,00-0036171,2023,TEN,3
137,A.Brewer,00-0036171,2024,MIA,6
138,A.Brewer,00-0036171,2025,MIA,5
139,A.Brooks,00-0024495,2016,SF,6
140,A.Brooks,00-0024495,2017,GB,4
141,A.Brown,00-0027793,2016,PIT,5
142,A.Brown,00-0027793,2017,PIT,7
143,A.Brown,00-0027793,2018,PIT,3
144,A.Brown,00-0027793,2021,TB,2
145,A.Brown,00-0030458,2016,JAX,1
146,A.Brown,00-0030458,2016,NYJ,1
147,A.Brown,00-0033047,2016,DAL,3
148,A.Brown,00-0033047,2017,DAL,8
149,A.Brown,00-0033047,2018,DAL,3
150,A.Brown,00-0033047,2019,DAL,3
151,A.Brown,00-0033047,2020,DAL,1
152,A.Brown,00-0033047,2021,DAL,5
153,A.Brown,00-0033047,2022,DAL,2
154,A.Brown,00-0034394,2019,CIN,3
155,A.Brown,00-0035676,2019,TEN,2
156,A.Brown,00-0035676,2020,TEN,2
157,A.Brown,00-0035676,2021,TEN,2
158,A.Brown,00-0035676,2022,PHI,2
159,A.Brown,00-0035676,2023,PHI,2
160,A.Brown,00-0035676,2024,PHI,3
161,A.Brown,00-0035676,2025,PHI,7
162,A.Bryant,00-0030553,2016,DET,1
163,A.Bryant,00-0035531,2020,DET,4
164,A.Bryant,00-0035531,2021,DET,1
165,A.Bryant,00-0035531,2022,DET,1
166,A.Burbridge,00-0032441,2016,SF,3
167,A.Burns,00-0033103,2016,PIT,12
168,A.Burns,00-0033103,2017,PIT,8
169,A.Burns,00-0033103,2018,PIT,6
170,A.Burns,00-0033103,2019,PIT,3
171,A.Burns,00-0033103,2021,CHI,2
172,A.Burns,00-0033103,2023,SEA,1
173,A.Burns,00-0033103,2024,SEA,1
174,A.Butler,00-0033381,2017,NE,1
175,A.Butler,00-0033381,2018,NE,1
176,A.Butler,00-0033381,2019,NE,1
177,A.Butler,00-0033381,2020,NE,3
178,A.Butler,00-0033381,2024,LV,2
179,A.Butler,00-0033381,2025,LV,3
180,A.Calitro,00-0033452,2018,SEA,1
181,A.Calitro,00-0033452,2019,JAX,2
182,A.Calitro,00-0033452,2020,DEN,1
183,A.Calitro,00-0033452,2022,NYG,1
184,A.Callaway,00-0034772,2018,CLE,3
185,A.Callaway,00-0034772,2019,CLE,2
186,A.Cann,00-0032255,2016,JAX,4
187,A.Cann,00-0032255,2017,JAX,3
188,A.Cann,00-0032255,2018,JAX,2
189,A.Cann,00-0032255,2019,JAX,2
190,A.Cann,00-0032255,2020,JAX,4
191,A.Cann,00-0032255,2022,HOU,1
192,A.Cappa,00-0034678,2019,TB,3
193,A.Cappa,00-0034678,2020,TB,1
194,A.Cappa,00-0034678,2022,CIN,2
195,A.Cappa,00-0034678,2023,CIN,4
196,A.Cappa,00-0034678,2024,CIN,1
197,A.Cappa,00-0034678,2025,LV,3
198,A.Carlson,00-0038402,2024,SF,1
199,A.Carr,00-0033382,2020,NO,1
200,A.Carter,00-0038801,2024,LV,1
201,A.Carter,00-0040677,2025,NYG,5
202,A.Castonzo,00-0027960,2016,IND,4
203,A.Castonzo,00-0027960,2017,IND,4
204,A.Castonzo,00-0027960,2018,IND,4
205,A.Castonzo,00-0027960,2019,IND,2
206,A.Castonzo,00-0027960,2020,IND,2
207,A.Chachere,00-0034623,2021,PHI,2
208,A.Chickillo,00-0031956,2016,PIT,1
209,A.Chickillo,00-0031956,2017,PIT,1
210,A.Cisco,00-0036941,2021,JAX,1
211,A.Cisco,00-0036941,2022,JAX,2
212,A.Cisco,00-0036941,2023,JAX,2
213,A.Cisco,00-0036941,2024,JAX,1
214,A.Clark,00-0040045,2025,DAL,2
215,A.Clayborn,00-0027958,2016,ATL,1
216,A.Clayborn,00-0027958,2017,ATL,4
217,A.Clayborn,00-0027958,2018,NE,1
218,A.Clayborn,00-0027958,2019,ATL,2
219,A.Colbert,00-0033302,2020,NYG,2
220,A.Cole,00-0029578,2016,MIN,1
221,A.Cole,00-0035190,2019,LV,1
222,A.Cole,00-0035190,2025,LV,1
223,A.Collins,00-0032426,2017,BAL,2
224,A.Collins,00-0032426,2018,BAL,1
225,A.Collins,00-0032426,2021,SEA,1
226,A.Collins,00-0040721,2025,SF,1
227,A.Colvin,00-0031259,2017,JAX,2
228,A.Colvin,00-0031259,2018,HOU,2
229,A.Cooper,00-0031544,2016,LV,3
230,A.Cooper,00-0031544,2017,LV,2
231,A.Cooper,00-0031544,2019,DAL,4
232,A.Cooper,00-0031544,2020,DAL,2
233,A.Cooper,00-0031544,2021,DAL,1
234,A.Cooper,00-0031544,2022,CLE,5
235,A.Cooper,00-0031544,2023,CLE,1
236,A.Cooper,00-0031544,2024,BUF,2
237,A.Cooper,00-0031544,2024,CLE,3
238,A.Corbett,00-0034261,2019,LA,4
239,A.Corbett,00-0034261,2020,LA,5
240,A.Corbett,00-0034261,2021,LA,3
241,A.Corbett,00-0034261,2022,CAR,2
242,A.Corbett,00-0034261,2023,CAR,1
243,A.Corbett,00-0034261,2024,CAR,1
244,A.Corbett,00-0034261,2025,CAR,1
245,A.Cromartie,00-0024234,2016,IND,3
246,A.Cross,00-0032745,2017,TB,1
247,A.Cutting,00-0035709,2020,MIN,1
248,A.Dalton,00-0027973,2016,CIN,3
249,A.Dalton,00-0027973,2017,CIN,3
250,A.Dalton,00-0027973,2019,CIN,3
251,A.Dalton,00-0027973,2020,DAL,1
252,A.Dalton,00-0027973,2022,NO,2
253,A.Darboh,00-0033937,2017,SEA,1
254,A.Davis,00-0036329,2020,NYJ,1
255,A.Davis,00-0036329,2022,NYJ,1
256,A.Davis,00-0036329,2024,NYJ,1
257,A.Davis-Gaither,00-0036298,2020,CIN,2
258,A.Davis-Gaither,00-0036298,2022,CIN,1
259,A.Davis-Gaither,00-0036298,2023,CIN,1
260,A.Davis-Gaither,00-0036298,2024,CIN,3
261,A.Davis-Gaither,00-0036298,2025,ARI,2
262,A.DePaola,00-0029714,2017,CHI,1
263,A.Deculus,00-0037302,2022,HOU,1
264,A.Deculus,00-0037302,2025,LAC,5
265,A.Dent,00-0028029,2016,HOU,1
266,A.Derby,00-0031609,2016,DEN,1
267,A.Derby,00-0031609,2016,NE,1
268,A.Derby,00-0031609,2017,DEN,2
269,A.Dillard,00-0035233,2019,PHI,1
270,A.Dillard,00-0035233,2021,PHI,3
271,A.Dillard,00-0035233,2023,TEN,4
272,A.Dillon,00-0036265,2021,GB,2
273,A.Donald,00-0031388,2016,LA,6
274,A.Donald,00-0031388,2017,LA,4
275,A.Donald,00-0031388,2018,LA,3
276,A.Donald,00-0031388,2019,LA,3
277,A.Donald,00-0031388,2020,LA,3
278,A.Donald,00-0031388,2021,LA,3
279,A.Donald,00-0031388,2022,LA,2
280,A.Donald,00-0031388,2023,LA,2
281,A.Donnal,00-0032246,2016,LA,3
282,A.Dowell,00-0035412,2021,NO,1
283,A.Dowell,00-0035412,2022,NO,1
284,A.Dulin,00-0035021,2019,IND,1
285,A.Dulin,00-0035021,2024,IND,4
286,A.Dulin,00-0035021,2025,IND,2
287,A.East,00-0031994,2018,WAS,1
288,A.Ebiketie,00-0038116,2022,ATL,1
289,A.Ebiketie,00-0038116,2024,ATL,2
290,A.Ekeler,00-0033699,2025,WAS,1
291,A.Ellis,00-0032864,2016,JAX,4
292,A.Epenesa,00-0036192,2020,BUF,2
293,A.Epenesa,00-0036192,2021,BUF,3
294,A.Epenesa,00-0036192,2023,BUF,1
295,A.Epenesa,00-0036192,2024,BUF,3
296,A.Epenesa,00-0036192,2025,BUF,4
297,A.Erickson,00-0032543,2023,LAC,1
298,A.Ersery,00-0040745,2025,HOU,9
299,A.Evans,00-0038101,2022,MIN,1
300,A.Evans,00-0038101,2023,MIN,3
301,A.Evans,00-0038101,2024,MIN,1
302,A.Evans,00-0038101,2025,CAR,1
303,A.Exum,00-0031267,2018,SF,4
304,A.Fasano,00-0024268,2016,TEN,3
305,A.Fasano,00-0024268,2017,MIA,2
306,A.Finley,00-0038866,2024,LAC,2
307,A.Firkser,00-0033455,2019,TEN,1
308,A.Firkser,00-0033455,2021,TEN,4
309,A.Forsyth,00-0038649,2025,DEN,1
310,A.Francis,00-0029972,2017,WAS,2
311,A.Gachkar,00-0028172,2017,CAR,1
312,A.Gainer,00-0039539,2024,LV,3
313,A.Gandy-Golden,00-0036340,2021,WAS,1
314,A.Gardner,00-0037190,2022,NYJ,2
315,A.Gardner,00-0037190,2023,NYJ,5
316,A.Gardner,00-0037190,2024,NYJ,9
317,A.Gardner,00-0037190,2025,IND,1
318,A.Gardner,00-0037190,2025,NYJ,3
319,A.Gates,00-0021547,2016,LAC,2
320,A.Gates,00-0021547,2017,LAC,1
321,A.Gates,00-0021547,2018,LAC,2
322,A.Gibson,00-0036328,2021,WAS,1
323,A.Gibson,00-0036328,2023,WAS,1
324,A.Gilman,00-0036380,2020,LAC,2
325,A.Gilman,00-0036380,2021,LAC,1
326,A.Gilman,00-0036380,2023,LAC,2
327,A.Gilman,00-0036380,2024,LAC,3
328,A.Gilman,00-0036380,2025,BAL,2
329,A.Gilman,00-0036380,2025,LAC,1
330,A.Glanton,00-0031120,2016,TB,2
331,A.Glanton,00-0031120,2017,TB,1
332,A.Gotsis,00-0033064,2017,DEN,1
333,A.Gotsis,00-0033064,2018,DEN,1
334,A.Gotsis,00-0033064,2020,JAX,2
335,A.Gotsis,00-0033064,2021,JAX,1
336,A.Gotsis,00-0033064,2022,JAX,1
337,A.Gotsis,00-0033064,2023,JAX,2
338,A.Gotsis,00-0033064,2024,IND,1
339,A.Green,00-0027942,2016,CIN,3
340,A.Green,00-0027942,2017,CIN,4
341,A.Green,00-0027942,2020,CIN,2
342,A.Green,00-0027942,2021,ARI,5
343,A.Green,00-0027942,2022,ARI,3
344,A.Green,00-0036114,2021,CLE,1
345,A.Green,00-0036114,2022,CLE,1
346,A.Grier,00-0039587,2024,TB,2
347,A.Hambright,00-0036317,2020,CHI,1
348,A.Hamilton,00-0032933,2016,LV,1
349,A.Hamilton,00-0032933,2017,LV,1
350,A.Hamilton,00-0032933,2018,NYG,2
351,A.Hamilton,00-0032933,2019,NYG,1
352,A.Hamilton,00-0032933,2020,KC,2
353,A.Hamilton,00-0032933,2021,ARI,3
354,A.Hamilton,00-0032933,2022,ARI,1
355,A.Hamilton,00-0032933,2023,ARI,7
356,A.Hamilton,00-0032933,2025,WAS,1
357,A.Harris,00-0031799,2016,MIN,1
358,A.Harris,00-0031799,2019,MIN,3
359,A.Harris,00-0031799,2021,PHI,2
360,A.Harrison,00-0038934,2023,JAX,5
361,A.Harrison,00-0038934,2024,JAX,4
362,A.Harrison,00-0038934,2025,JAX,6
363,A.Hawkins,00-0027918,2016,CLE,1
364,A.Hicks,00-0029657,2016,CHI,7
365,A.Hicks,00-0029657,2017,CHI,4
366,A.Hicks,00-0029657,2018,CHI,3
367,A.Hicks,00-0029657,2019,CHI,1
368,A.Hicks,00-0029657,2020,CHI,9
369,A.Hicks,00-0029657,2021,CHI,1
370,A.Hicks,00-0029657,2022,TB,3
371,A.Highsmith,00-0036333,2020,PIT,2
372,A.Highsmith,00-0036333,2021,PIT,5
373,A.Highsmith,00-0036333,2022,PIT,1
374,A.Highsmith,00-0036333,2023,PIT,2
375,A.Highsmith,00-0036333,2024,PIT,7
376,A.Highsmith,00-0036333,2025,PIT,3
377,A.Hitchens,00-0031348,2016,DAL,3
378,A.Hitchens,00-0031348,2017,DAL,1
379,A.Hitchens,00-0031348,2018,KC,3
380,A.Hitchens,00-0031348,2019,KC,2
381,A.Hitchens,00-0031348,2020,KC,2
382,A.Hitchens,00-0031348,2021,KC,4
383,A.Holder,00-0034948,2020,DEN,3
384,A.Holmes,00-0028263,2016,LV,1
385,A.Holmes,00-0028263,2017,BUF,2
386,A.Holmes,00-0028263,2018,BUF,2
387,A.Hooker,00-0035632,2020,TEN,4
388,A.Hooker,00-0035632,2021,TEN,1
389,A.Hooker,00-0035632,2022,TEN,2
390,A.Hooker,00-0035632,2024,TEN,2
391,A.Hooker,00-0035632,2025,TEN,1
392,A.Hooper,00-0032392,2016,ATL,2
393,A.Hooper,00-0032392,2017,ATL,6
394,A.Hooper,00-0032392,2018,ATL,3
395,A.Hooper,00-0032392,2019,ATL,3
396,A.Hooper,00-0032392,2020,CLE,2
397,A.Hooper,00-0032392,2021,CLE,1
398,A.Hooper,00-0032392,2022,TEN,3
399,A.Hooper,00-0032392,2023,LV,1
400,A.Hooper,00-0032392,2025,NE,2
401,A.Howard,00-0027297,2016,LV,2
402,A.Howard,00-0027297,2017,BAL,3
403,A.Howard,00-0027297,2018,WAS,1
404,A.Humphries,00-0032009,2016,TB,1
405,A.Humphries,00-0032009,2021,WAS,1
406,A.Hunt,00-0031743,2016,HOU,1
407,A.Hunt,00-0031743,2017,KC,1
408,A.Huntington,00-0040255,2025,CLE,1
409,A.Hurns,00-0030821,2016,JAX,1
410,A.Hurns,00-0030821,2017,JAX,1
411,A.Hurns,00-0030821,2018,DAL,1
412,A.Hutchinson,00-0037236,2022,DET,1
413,A.Hutchinson,00-0037236,2023,DET,2
414,A.Hutchinson,00-0037236,2024,DET,1
415,A.Hutchinson,00-0037236,2025,DET,5
416,A.Ingold,00-0035125,2019,LV,1
417,A.Ingold,00-0035125,2021,LV,1
418,A.Ingold,00-0035125,2022,MIA,1
419,A.Ingold,00-0035125,2023,MIA,1
420,A.Ingold,00-0035125,2024,MIA,3
421,A.Ingold,00-0035125,2025,MIA,1
422,A.Iosivas,00-0038619,2024,CIN,3
423,A.Iosivas,00-0038619,2025,CIN,1
424,A.Isabella,00-0035527,2022,ARI,1
425,A.Jackson,00-0029294,2016,DET,1
426,A.Jackson,00-0029294,2017,SF,2
427,A.Jackson,00-0033878,2017,TEN,7
428,A.Jackson,00-0033878,2018,TEN,2
429,A.Jackson,00-0033878,2019,TEN,3
430,A.Jackson,00-0033878,2020,TEN,1
431,A.Jackson,00-0033878,2022,NYG,3
432,A.Jackson,00-0033878,2023,NYG,3
433,A.Jackson,00-0033878,2024,NYG,3
434,A.Jackson,00-0033878,2025,PHI,1
435,A.Jackson,00-0036248,2020,MIA,2
436,A.Jackson,00-0036248,2021,MIA,13
437,A.Jackson,00-0036248,2023,MIA,7
438,A.Jackson,00-0036248,2024,MIA,4
439,A.Jackson,00-0036248,2025,MIA,3
440,A.Jackson,00-0036603,2022,LA,1
441,A.Jackson,00-0036603,2023,LA,3
442,A.Jackson,00-0036603,2024,LA,7
443,A.Jackson,00-0036603,2025,LA,4
444,A.James,00-0035127,2021,LV,6
445,A.James,00-0035127,2022,LV,3
446,A.James,00-0035127,2023,LV,2
447,A.James,00-0035127,2024,LV,2
448,A.Janovich,00-0032956,2017,DEN,1
449,A.Janovich,00-0032956,2018,DEN,5
450,A.Janovich,00-0032956,2019,DEN,1
451,A.Jeanty,00-0040122,2025,LV,1
452,A.Jeffery,00-0029137,2016,CHI,3
453,A.Jeffery,00-0029137,2017,PHI,5
454,A.Jeffery,00-0029137,2018,PHI,3
455,A.Jeffery,00-0029137,2019,PHI,1
456,A.Jeffery,00-0029137,2020,PHI,1
457,A.Jennings,00-0036193,2020,NE,1
458,A.Jennings,00-0036193,2023,NE,2
459,A.Jennings,00-0036193,2024,NE,2
460,A.Johnson,00-0022044,2016,TEN,1
461,A.Johnson,00-0029729,2016,TB,1
462,A.Johnson,00-0032763,2020,NYG,1
463,A.Johnson,00-0032763,2022,LAC,1
464,A.Johnson,00-0032763,2023,LAC,2
465,A.Johnson,00-0034887,2019,DEN,1
466,A.Johnson,00-0034887,2020,DEN,3
467,A.Johnson,00-0038411,2023,GB,2
468,A.Johnson,00-0038596,2023,JAX,1
469,A.Johnson,00-0038596,2024,JAX,3
470,A.Jones,00-0023441,2016,CIN,7
471,A.Jones,00-0023441,2017,CIN,4
472,A.Jones,00-0023441,2018,DEN,1
473,A.Jones,00-0027756,2016,IND,1
474,A.Jones,00-0029946,2017,JAX,1
475,A.Jones,00-0029946,2018,JAX,1
476,A.Jones,00-0029946,2019,JAX,1
477,A.Jones,00-0032707,2018,DET,1
478,A.Jones,00-0033293,2018,GB,2
479,A.Jones,00-0033293,2024,MIN,1
480,A.Kamara,00-0033906,2018,NO,2
481,A.Kamara,00-0033906,2019,NO,1
482,A.Kamara,00-0033906,2020,NO,1
483,A.Kamara,00-0033906,2021,NO,1
484,A.Kamara,00-0036137,2021,DAL,1
485,A.Kendall,00-0038848,2023,TEN,2
486,A.Key,00-0034825,2018,LV,4
487,A.Key,00-0034825,2019,LV,1
488,A.Key,00-0034825,2020,LV,5
489,A.Key,00-0034825,2021,SF,5
490,A.Key,00-0034825,2022,JAX,1
491,A.Key,00-0034825,2023,TEN,4
492,A.Key,00-0034825,2024,TEN,6
493,A.Key,00-0034825,2025,TEN,3
494,A.King,00-0031630,2018,SEA,3
495,A.Klein,00-0030463,2016,CAR,2
496,A.Klein,00-0030463,2017,NO,2
497,A.Klein,00-0030463,2019,NO,1
498,A.Klein,00-0030463,2020,BUF,2
499,A.Klein,00-0030463,2021,BUF,1
500,A.Klein,00-0030463,2022,BAL,1
501,A.Kouandjio,00-0031942,2017,WAS,4
502,A.Lanier,00-0032369,2017,WAS,1
503,A.Lazard,00-0034521,2019,GB,4
504,A.Lazard,00-0034521,2021,GB,3
505,A.Lazard,00-0034521,2022,GB,4
506,A.Lazard,00-0034521,2023,NYJ,5
507,A.Lazard,00-0034521,2024,NYJ,5
508,A.Lazard,00-0034521,2025,NYJ,1
509,A.Leatherwood,00-0036892,2021,LV,13
510,A.Lee,00-0022824,2016,CAR,1
511,A.Levine,00-0027539,2016,BAL,3
512,A.Levine,00-0027539,2019,BAL,3
513,A.Levine,00-0027539,2020,BAL,3
514,A.Levine,00-0027539,2021,BAL,1
515,A.Levine Sr.,00-0027539,2017,BAL,2
516,A.Levine Sr.,00-0027539,2018,BAL,3
517,A.Levine Sr.,00-0027539,2019,BAL,3
518,A.Levitre,00-0027027,2016,ATL,6
519,A.Levitre,00-0027027,2017,ATL,5
520,A.Lewis,00-0032407,2016,BAL,4
521,A.Lewis,00-0032407,2018,BAL,4
522,A.Lewis,00-0032407,2019,NYJ,6
523,A.Lewis,00-0032407,2020,NYJ,2
524,A.Lucas,00-0037812,2022,SEA,7
525,A.Lucas,00-0037812,2024,SEA,4
526,A.Lucas,00-0037812,2025,SEA,4
527,A.Luck,00-0029668,2016,IND,5
528,A.Luck,00-0029668,2018,IND,2
529,A.Lynch,00-0030993,2017,SF,4
530,A.Lynch,00-0030993,2018,CHI,3
531,A.Lynch,00-0030993,2019,CHI,6
532,A.Lynch,00-0030993,2020,JAX,2
533,A.Mack,00-0026997,2016,ATL,4
534,A.Mack,00-0026997,2017,ATL,1
535,A.Mack,00-0026997,2018,ATL,3
536,A.Mack,00-0026997,2019,ATL,7
537,A.Mack,00-0026997,2020,ATL,2
538,A.Mack,00-0026997,2021,SF,2
539,A.Maddox,00-0034377,2018,PHI,3
540,A.Maddox,00-0034377,2019,PHI,2
541,A.Maddox,00-0034377,2020,PHI,3
542,A.Maddox,00-0034377,2021,PHI,3
543,A.Maddox,00-0034377,2023,PHI,1
544,A.Maddox,00-0034377,2024,PHI,4
545,A.Maddox,00-0034377,2025,DET,1
546,A.Mafi,00-0038586,2023,NE,5
547,A.Mafi,00-0038586,2025,LV,2
548,A.Marpet,00-0032243,2016,TB,7
549,A.Marpet,00-0032243,2017,TB,3
550,A.Marpet,00-0032243,2018,TB,2
551,A.Marpet,00-0032243,2019,TB,4
552,A.Marpet,00-0032243,2020,TB,3
553,A.Marpet,00-0032243,2021,TB,3
554,A.Maulet,00-0033503,2017,NO,4
555,A.Maulet,00-0033503,2018,IND,1
556,A.Maulet,00-0033503,2019,NYJ,3
557,A.Maulet,00-0033503,2020,NYJ,3
558,A.Maulet,00-0033503,2022,PIT,1
559,A.Maulet,00-0033503,2023,BAL,3
560,A.Maulet,00-0033503,2025,DET,1
561,A.McClellan,00-0027560,2016,BAL,2
562,A.McClellan,00-0027560,2018,BAL,1
563,A.McClellan,00-0027560,2018,NE,1
564,A.McClellan,00-0027560,2019,NYJ,1
565,A.McNamara,00-0039634,2025,NYJ,2
566,A.McNeill,00-0036624,2024,DET,1
567,A.McNeill,00-0036624,2025,DET,2
568,A.Membou,00-0040123,2025,NYJ,8
569,A.Meyer,00-0039485,2025,MIA,1
570,A.Miller,00-0034353,2018,CHI,4
571,A.Miller,00-0034353,2019,CHI,3
572,A.Mims,00-0039925,2024,CIN,4
573,A.Mims,00-0039925,2025,CIN,3
574,A.Mitchell,00-0039890,2025,IND,1
575,A.Moore,00-0034594,2018,HOU,2
576,A.Moore,00-0034594,2021,HOU,1
577,A.Morris,00-0029141,2017,DAL,1
578,A.Morris,00-0029141,2018,SF,2
579,A.Morrison,00-0032406,2016,IND,1
580,A.Morrison,00-0032406,2017,IND,3
581,A.Morrison,00-0032406,2018,GB,1
582,A.Mosby,00-0037364,2024,GB,2
583,A.Mosby,00-0037364,2025,GB,2
584,A.Moss,00-0033574,2019,MIA,1
585,A.Muhammad,00-0033964,2018,IND,3
586,A.Muhammad,00-0033964,2020,IND,2
587,A.Muhammad,00-0033964,2021,IND,1
588,A.Muhammad,00-0033964,2024,DET,2
589,A.Myres,00-0035188,2020,DET,1
590,A.Nelson,00-0035254,2021,TB,3
591,A.Nelson,00-0035254,2022,TB,2
592,A.Nelson,00-0035254,2023,TB,1
593,A.Nelson,00-0035254,2025,TB,2
594,A.Norwell,00-0031122,2016,CAR,6
595,A.Norwell,00-0031122,2018,JAX,3
596,A.Norwell,00-0031122,2019,JAX,6
597,A.Norwell,00-0031122,2020,JAX,2
598,A.Norwell,00-0031122,2021,JAX,8
599,A.Norwell,00-0031122,2022,WAS,4
600,A.O'Connell,00-0038579,2023,LV,1
601,A.O'Connell,00-0038579,2024,LV,2
602,A.Ogbongbemiga,00-0036716,2024,CHI,2
603,A.Ogletree,00-0030527,2016,LA,7
604,A.Ogletree,00-0030527,2017,LA,5
605,A.Ogletree,00-0030527,2018,NYG,4
606,A.Ogletree,00-0030527,2019,NYG,3
607,A.Ogletree,00-0030527,2020,NYJ,2
608,A.Ogletree,00-0030527,2021,CHI,4
609,A.Ogletree,00-0037292,2024,IND,1
610,A.Ogletree,00-0037292,2025,IND,2
611,A.Ogundeji,00-0036949,2021,ATL,2
612,A.Ogundeji,00-0036949,2022,ATL,2
613,A.Ojulari,00-0036552,2021,NYG,2
614,A.Ojulari,00-0036552,2024,NYG,1
615,A.Okafor,00-0030503,2017,NO,1
616,A.Okafor,00-0030503,2019,KC,1
617,A.Okafor,00-0030503,2020,KC,2
618,A.Okafor,00-0030503,2021,KC,3
619,A.Okwuegbunam,00-0036423,2021,DEN,4
620,A.Oruwariye,00-0035270,2020,DET,4
621,A.Oruwariye,00-0035270,2021,DET,8
622,A.Oruwariye,00-0035270,2022,DET,7
623,A.Oruwariye,00-0035270,2024,DAL,1
624,A.Palczewski,00-0038796,2024,DEN,1
625,A.Palczewski,00-0038796,2025,DEN,2
626,A.Parker,00-0036752,2021,DET,2
627,A.Pasztor,00-0029076,2016,CLE,7
628,A.Patrick,00-0036465,2021,DEN,1
629,A.Patton,00-0033705,2019,LAC,1
630,A.Peat,00-0032203,2016,NO,5
631,A.Peat,00-0032203,2017,NO,5
632,A.Peat,00-0032203,2018,NO,9
633,A.Peat,00-0032203,2019,NO,3
634,A.Peat,00-0032203,2020,NO,4
635,A.Peat,00-0032203,2022,NO,2
636,A.Peat,00-0032203,2023,NO,5
637,A.Peat,00-0032203,2025,PIT,3
638,A.Peterson,00-0025394,2017,ARI,2
639,A.Phillips,00-0031404,2016,LAC,4
640,A.Phillips,00-0031404,2018,LAC,2
641,A.Phillips,00-0031404,2021,NE,1
642,A.Phillips,00-0039821,2024,NYG,3
643,A.Phillips,00-0039821,2025,NYG,9
644,A.Pierce,00-0037664,2022,IND,1
645,A.Pierce,00-0037664,2023,IND,2
646,A.Pierce,00-0037664,2024,IND,1
647,A.Pierce,00-0037664,2025,IND,4
648,A.Pittman,00-0035330,2023,DET,1
649,A.Pleasants,00-0035829,2024,SF,1
650,A.Redmond,00-0032354,2017,IND,2
651,A.Redmond,00-0032549,2017,CIN,1
652,A.Redmond,00-0032549,2018,CIN,6
653,A.Redmond,00-0032549,2019,CIN,1
654,A.Redmond,00-0032549,2020,CIN,5
655,A.Reiter,00-0031958,2019,KC,6
656,A.Reiter,00-0031958,2020,KC,1
657,A.Reiter,00-0031958,2021,MIA,1
658,A.Richards,00-0038601,2024,DAL,1
659,A.Richards,00-0038601,2025,NO,2
660,A.Richardson,00-0039164,2024,IND,2
661,A.Ripkowski,00-0031612,2017,GB,1
662,A.Roberts,00-0027691,2019,BUF,1
663,A.Robertson,00-0036375,2021,LV,2
664,A.Robertson,00-0036375,2022,LV,2
665,A.Robertson,00-0036375,2023,LV,4
666,A.Robertson,00-0036375,2024,DET,2
667,A.Robertson,00-0036375,2025,DET,2
668,A.Robinson,00-0028116,2017,SF,2
669,A.Robinson,00-0028116,2018,MIN,1
670,A.Robinson,00-0031428,2016,JAX,2
671,A.Robinson,00-0031428,2019,CHI,3
672,A.Robinson,00-0031428,2021,CHI,1
673,A.Robinson,00-0031428,2024,DET,1
674,A.Robinson,00-0032889,2016,DET,2
675,A.Robinson,00-0032889,2017,DET,3
676,A.Robinson,00-0032889,2018,DET,3
677,A.Robinson,00-0032889,2019,DET,2
678,A.Robinson,00-0032889,2024,CAR,4
679,A.Robinson,00-0032889,2025,CAR,3
680,A.Robinson,00-0036426,2020,SEA,1
681,A.Robinson,00-0036426,2021,SEA,4
682,A.Robinson II,00-0031428,2018,CHI,1
683,A.Rodgers,00-0023459,2016,GB,8
684,A.Rodgers,00-0023459,2017,GB,3
685,A.Rodgers,00-0023459,2018,GB,4
686,A.Rodgers,00-0023459,2019,GB,2
687,A.Rodgers,00-0023459,2020,GB,1
688,A.Rodgers,00-0023459,2022,GB,1
689,A.Rodgers,00-0023459,2024,NYJ,2
690,A.Rodgers,00-0023459,2025,PIT,2
691,A.Rogers,00-0037168,2022,WAS,3
692,A.Rubin,00-0026330,2017,ATL,1
693,A.Rupcich,00-0037605,2023,TEN,1
694,A.Rush,00-0035390,2019,PHI,2
695,A.Rush,00-0035390,2021,ATL,2
696,A.Rush,00-0035390,2022,ATL,1
697,A.Samuel,00-0036617,2021,LAC,4
698,A.Samuel,00-0036617,2022,LAC,4
699,A.Samuel,00-0036617,2023,LAC,4
700,A.Samuel,00-0036617,2024,LAC,1
701,A.Samuel,00-0036617,2025,PIT,1
702,A.Schlottmann,00-0034112,2019,DEN,1
703,A.Schlottmann,00-0034112,2021,DEN,1
704,A.Schlottmann,00-0034112,2022,MIN,2
705,A.Schlottmann,00-0034112,2023,MIN,1
706,A.Schlottmann,00-0034112,2025,NYG,4
707,A.Seferian-Jenkins,00-0031418,2017,NYJ,7
708,A.Sendejo,00-0027914,2016,MIN,2
709,A.Sendejo,00-0027914,2017,MIN,1
710,A.Sendejo,00-0027914,2018,MIN,2
711,A.Sendejo,00-0027914,2019,MIN,1
712,A.Sendejo,00-0027914,2019,PHI,1
713,A.Sendejo,00-0027914,2020,CLE,2
714,A.Sendejo,00-0027914,2021,IND,1
715,A.Shaheen,00-0033896,2017,CHI,2
716,A.Shaheen,00-0033896,2018,CHI,1
717,A.Shaheen,00-0033896,2019,CHI,1
718,A.Shaheen,00-0033896,2020,MIA,1
719,A.Sherman,00-0028074,2016,KC,1
720,A.Sherman,00-0028074,2018,KC,1
721,A.Sherman,00-0028074,2019,KC,1
722,A.Sherman,00-0028074,2020,KC,1
723,A.Shipley,00-0026950,2016,ARI,4
724,A.Shipley,00-0026950,2017,ARI,4
725,A.Shipley,00-0026950,2019,ARI,3
726,A.Silatolu,00-0029254,2017,CAR,1
727,A.Singleton,00-0031898,2020,PHI,2
728,A.Singleton,00-0031898,2021,PHI,2
729,A.Singleton,00-0031898,2022,DEN,2
730,A.Singleton,00-0031898,2023,DEN,1
731,A.Smith,00-0022793,2016,HOU,3
732,A.Smith,00-0023436,2016,KC,5
733,A.Smith,00-0023436,2017,KC,5
734,A.Smith,00-0023436,2018,WAS,2
735,A.Smith,00-0026982,2016,MIN,2
736,A.Smith,00-0026982,2017,CIN,7
737,A.Smith,00-0026982,2018,ARI,1
738,A.Smith,00-0026982,2018,CIN,1
739,A.Smith,00-0026982,2019,CIN,4
740,A.Smith,00-0026982,2021,BAL,1
741,A.Smith,00-0027945,2020,DAL,3
742,A.Smith,00-0034430,2020,BUF,1
743,A.Smith,00-0034430,2021,BUF,1
744,A.Speed,00-0038624,2023,IND,1
745,A.Speed,00-0038624,2025,HOU,1
746,A.Spence,00-0030402,2016,TB,1
747,A.Spence,00-0030402,2017,DET,4
748,A.Spence,00-0030402,2018,MIA,3
749,A.Spence,00-0030402,2019,JAX,3
750,A.Spence,00-0030402,2019,PHI,1
751,A.Spence,00-0030402,2020,NE,1
752,A.St. Brown,00-0036963,2021,DET,1
753,A.St. Brown,00-0036963,2023,DET,1
754,A.St. Brown,00-0036963,2024,DET,2
755,A.St. Brown,00-0036963,2025,DET,1
756,A.Steen,00-0030887,2016,MIA,2
757,A.Stewart,00-0033916,2017,NYJ,1
758,A.Stinnie,00-0034668,2020,TB,1
759,A.Stinnie,00-0034668,2021,TB,1
760,A.Stinnie,00-0034668,2023,TB,4
761,A.Stinnie,00-0034668,2024,NYG,1
762,A.Stinnie,00-0034668,2025,NYG,2
763,A.Talib,00-0026160,2016,DEN,5
764,A.Talib,00-0026160,2017,DEN,2
765,A.Talib,00-0026160,2018,LA,1
766,A.Tate,00-0034686,2018,CIN,3
767,A.Tate,00-0034686,2019,CIN,3
768,A.Tate,00-0034686,2020,CIN,1
769,A.Taylor,00-0031120,2018,TB,2
770,A.Taylor,00-0031120,2019,CLE,1
771,A.Taylor,00-0038121,2022,NO,4
772,A.Taylor,00-0038121,2023,NO,6
773,A.Taylor,00-0038121,2024,NO,6
774,A.Taylor,00-0038121,2025,NO,4
775,A.Terrell,00-0036285,2020,ATL,4
776,A.Terrell,00-0036285,2021,ATL,4
777,A.Terrell,00-0036285,2022,ATL,3
778,A.Terrell,00-0036285,2023,ATL,7
779,A.Terrell,00-0036285,2024,ATL,2
780,A.Terrell,00-0036285,2025,ATL,9
781,A.Thielen,00-0030035,2016,MIN,2
782,A.Thielen,00-0030035,2017,MIN,4
783,A.Thielen,00-0030035,2018,MIN,1
784,A.Thielen,00-0030035,2019,MIN,3
785,A.Thielen,00-0030035,2022,MIN,1
786,A.Thielen,00-0030035,2023,CAR,4
787,A.Thielen,00-0030035,2024,CAR,1
788,A.Thielen,00-0030035,2025,MIN,1
789,A.Thomas,00-0036386,2020,NYG,5
790,A.Thomas,00-0036386,2021,NYG,5
791,A.Thomas,00-0036386,2022,NYG,1
792,A.Thomas,00-0036386,2023,NYG,1
793,A.Thomas,00-0036386,2024,NYG,2
794,A.Thomas,00-0036386,2025,NYG,2
795,A.Thomas,00-0037008,2021,SF,3
796,A.Thomas,00-0037008,2022,SF,1
797,A.Thomas,00-0037008,2023,SF,5
798,A.Thomas,00-0040133,2025,NYJ,3
799,A.Tiller,00-0029661,2016,SF,3
800,A.Trautman,00-0036422,2020,NO,1
801,A.Trautman,00-0036422,2021,NO,4
802,A.Trautman,00-0036422,2022,NO,3
803,A.Trautman,00-0036422,2023,DEN,1
804,A.Trautman,00-0036422,2025,DEN,5
805,A.Van Ginkel,00-0035272,2019,MIA,1
806,A.Van Ginkel,00-0035272,2020,MIA,3
807,A.Van Ginkel,00-0035272,2021,MIA,4
808,A.Van Ginkel,00-0035272,2023,MIA,1
809,A.Van Ginkel,00-0035272,2025,MIN,1
810,A.Vera-Tucker,00-0036979,2021,NYJ,5
811,A.Vera-Tucker,00-0036979,2023,NYJ,1
812,A.Vera-Tucker,00-0036979,2024,NYJ,4
813,A.Verner,00-0027705,2016,TB,2
814,A.Verner,00-0027705,2017,MIA,4
815,A.Villanueva,00-0030648,2016,PIT,6
816,A.Villanueva,00-0030648,2017,PIT,5
817,A.Villanueva,00-0030648,2018,PIT,5
818,A.Villanueva,00-0030648,2019,PIT,7
819,A.Villanueva,00-0030648,2020,PIT,4
820,A.Villanueva,00-0030648,2021,BAL,10
821,A.Vorhees,00-0038383,2024,BAL,4
822,A.Vorhees,00-0038383,2025,BAL,3
823,A.Walker,00-0033570,2018,IND,2
824,A.Walker,00-0033570,2019,IND,1
825,A.Walker,00-0033570,2020,IND,2
826,A.Walker,00-0033570,2021,CLE,1
827,A.Walker,00-0033570,2023,CLE,1
828,A.Walker,00-0033570,2024,MIA,3
829,A.Ward,00-0038360,2025,LA,1
830,A.Washington,00-0033037,2016,BUF,2
831,A.Washington,00-0033037,2017,BUF,7
832,A.Washington,00-0036587,2023,BAL,1
833,A.Watts,00-0034680,2019,KC,3
834,A.Whitworth,00-0024270,2016,CIN,5
835,A.Whitworth,00-0024270,2017,LA,5
836,A.Whitworth,00-0024270,2018,LA,7
837,A.Whitworth,00-0024270,2019,LA,13
838,A.Whitworth,00-0024270,2020,LA,5
839,A.Whitworth,00-0024270,2021,LA,5
840,A.Williams,00-0027972,2016,BUF,1
841,A.Williams,00-0032425,2016,DET,2
842,A.Williamson,00-0031263,2016,TEN,1
843,A.Williamson,00-0031263,2018,NYJ,3
844,A.Williamson,00-0031263,2020,NYJ,1
845,A.Williamson,00-0031263,2020,PIT,1
846,A.Wilson,00-0030669,2016,KC,2
847,A.Wilson,00-0030669,2018,MIA,1
848,A.Wilson,00-0030669,2019,MIA,1
849,A.Wilson,00-0030669,2021,MIA,1
850,A.Winfield,00-0036411,2020,TB,1
851,A.Winfield,00-0036411,2022,TB,2
852,A.Winfield,00-0036411,2024,TB,3
853,A.Wingard,00-0035378,2019,JAX,5
854,A.Wingard,00-0035378,2020,JAX,6
855,A.Wingard,00-0035378,2021,JAX,2
856,A.Wingard,00-0035378,2022,JAX,1
857,A.Wingard,00-0035378,2024,JAX,1
858,A.Wingard,00-0035378,2025,JAX,2
859,A.Wint,00-0034303,2018,NYJ,1
860,A.Witherspoon,00-0033783,2017,SF,1
861,A.Witherspoon,00-0033783,2018,SF,7
862,A.Witherspoon,00-0033783,2019,SF,3
863,A.Witherspoon,00-0033783,2020,SF,2
864,A.Witherspoon,00-0033783,2022,PIT,1
865,A.Witherspoon,00-0033783,2023,LA,1
866,A.Witherspoon,00-0033783,2024,LA,2
867,A.Witherspoon,00-0033783,2025,LA,1
868,A.Woods,00-0027723,2016,TEN,2
869,A.Woods,00-0027723,2018,IND,2
870,A.Woods,00-0027723,2019,SEA,3
871,A.Woods,00-0027723,2021,SEA,4
872,A.Woods,00-0027723,2022,SEA,1
873,A.Woods,00-0032871,2018,DAL,5
874,A.Woods,00-0032871,2019,DAL,3
875,A.Wright,00-0037251,2022,CLE,1
876,A.Wright,00-0037251,2023,CLE,4
877,A.Wright,00-0037251,2024,CLE,2
878,A.Wylie,00-0033831,2018,KC,2
879,A.Wylie,00-0033831,2019,KC,3
880,A.Wylie,00-0033831,2020,KC,5
881,A.Wylie,00-0033831,2021,KC,5
882,A.Wylie,00-0033831,2022,KC,7
883,A.Wylie,00-0033831,2023,WAS,4
884,A.Wylie,00-0033831,2024,WAS,4
885,A.Wylie,00-0033831,2025,WAS,1
886,A.Zettel,00-0032435,2017,DET,3
887,Al.Redmond,00-0032549,2018,CIN,5
888,Al.Robinson,00-0031428,2022,LA,1
889,Am.Rodgers,00-0036991,2022,GB,1
890,An.Johnson,00-0038596,2025,JAX,1
891,Au.Johnson,00-0032763,2016,TEN,1
892,B.Aiyuk,00-0036261,2020,SF,2
893,B.Aiyuk,00-0036261,2021,SF,4
894,B.Aiyuk,00-0036261,2022,SF,2
895,B.Aiyuk,00-0036261,2023,SF,4
896,B.Albert,00-0026155,2016,MIA,3
897,B.Allen,00-0031089,2017,PHI,1
898,B.Allen,00-0031089,2018,TB,1
899,B.Allen,00-0032434,2020,CIN,1
900,B.Allen,00-0033467,2017,PIT,2
901,B.Allen,00-0033467,2018,PIT,1
902,B.Allen,00-0033467,2020,SF,2
903,B.Allen,00-0034804,2021,LA,5
904,B.Anae,00-0036379,2021,DAL,2
905,B.Asamoah,00-0037822,2022,MIN,2
906,B.Asamoah,00-0037822,2023,MIN,3
907,B.Asamoah,00-0037822,2024,MIN,2
908,B.Aubrey,00-0037692,2024,DAL,3
909,B.Aubrey,00-0037692,2025,DAL,4
910,B.Austin,00-0035294,2019,NYJ,1
911,B.Austin,00-0035294,2020,NYJ,6
912,B.Austin,00-0035294,2021,SEA,2
913,B.Baker,00-0033890,2017,ARI,1
914,B.Baker,00-0033890,2018,ARI,4
915,B.Baker,00-0033890,2019,ARI,1
916,B.Baker,00-0033890,2020,ARI,2
917,B.Baker,00-0033890,2021,ARI,1
918,B.Baker,00-0033890,2024,ARI,1
919,B.Baker,00-0033890,2025,ARI,2
920,B.Banogu,00-0034969,2019,IND,1
921,B.Banogu,00-0034969,2020,IND,1
922,B.Bartch,00-0036272,2021,JAX,2
923,B.Bartch,00-0036272,2022,JAX,1
924,B.Bell,00-0028738,2017,DAL,3
925,B.Bell,00-0032062,2018,JAX,1
926,B.Bell,00-0032062,2019,KC,2
927,B.Bell,00-0032062,2021,KC,2
928,B.Bell,00-0033337,2017,CIN,1
929,B.Bell,00-0033337,2018,CIN,1
930,B.Bello,00-0033642,2017,CLE,2
931,B.Benwikere,00-0031262,2018,ARI,3
932,B.Berrios,00-0034419,2019,NYJ,1
933,B.Berrios,00-0034419,2021,NYJ,1
934,B.Bersin,00-0029394,2017,CAR,1
935,B.Bishop,00-0039454,2024,PIT,3
936,B.Boddy-Calhoun,00-0032517,2016,CLE,4
937,B.Boddy-Calhoun,00-0032517,2017,CLE,6
938,B.Boddy-Calhoun,00-0032517,2018,CLE,4
939,B.Bolden,00-0029239,2016,NE,1
940,B.Bolden,00-0029239,2017,NE,4
941,B.Bolden,00-0029239,2019,NE,3
942,B.Bolden,00-0029239,2021,NE,1
943,B.Bolden,00-0029239,2022,LV,1
944,B.Borders,00-0033435,2017,BUF,2
945,B.Borders,00-0033435,2021,TEN,1
946,B.Bortles,00-0031407,2016,JAX,7
947,B.Bortles,00-0031407,2017,JAX,4
948,B.Bowers,00-0039338,2024,LV,1
949,B.Bowman,00-0040156,2025,ATL,1
950,B.Bozeman,00-0034281,2018,BAL,2
951,B.Bozeman,00-0034281,2019,BAL,4
952,B.Bozeman,00-0034281,2020,BAL,4
953,B.Bozeman,00-0034281,2022,CAR,3
954,B.Bozeman,00-0034281,2023,CAR,4
955,B.Bozeman,00-0034281,2024,LAC,1
956,B.Bozeman,00-0034281,2025,LAC,1
957,B.Branch,00-0039141,2023,DET,8
958,B.Branch,00-0039141,2024,DET,8
959,B.Branch,00-0039141,2025,DET,7
960,B.Brandel,00-0036347,2022,MIN,3
961,B.Brandel,00-0036347,2023,MIN,2
962,B.Brandel,00-0036347,2024,MIN,11
963,B.Brandel,00-0036347,2025,MIN,5
964,B.Braunecker,00-0032661,2016,CHI,2
965,B.Braunecker,00-0032661,2017,CHI,1
966,B.Braunecker,00-0032661,2018,CHI,4
967,B.Bredeson,00-0036132,2020,BAL,1
968,B.Bredeson,00-0036132,2022,NYG,2
969,B.Bredeson,00-0036132,2023,NYG,4
970,B.Bredeson,00-0036132,2024,TB,8
971,B.Bredeson,00-0036132,2025,TB,3
972,B.Breeland,00-0031052,2016,WAS,8
973,B.Breeland,00-0031052,2017,WAS,8
974,B.Breeland,00-0031052,2018,GB,5
975,B.Breeland,00-0031052,2019,KC,10
976,B.Breeland,00-0031052,2020,KC,9
977,B.Breeland,00-0031052,2021,MIN,5
978,B.Bresee,00-0038995,2023,NO,6
979,B.Bresee,00-0038995,2025,NO,3
980,B.Brinkley,00-0029134,2016,TEN,1
981,B.Brooks,00-0029679,2016,PHI,2
982,B.Brooks,00-0029679,2017,PHI,2
983,B.Brooks,00-0029679,2018,PHI,3
984,B.Brooks,00-0029679,2019,PHI,2
985,B.Brooks,00-0029679,2021,PHI,1
986,B.Brooks,00-0039603,2025,HOU,1
987,B.Brown,00-0033841,2017,JAX,4
988,B.Brown,00-0033841,2018,JAX,1
989,B.Brown,00-0036903,2024,LA,1
990,B.Brown,00-0036903,2025,CAR,2
991,B.Brown,00-0037329,2022,LV,1
992,B.Brown,00-0037413,2024,NE,2
993,B.Brown,00-0037413,2025,NE,3
994,B.Browning,00-0036995,2021,DEN,1
995,B.Browning,00-0036995,2022,DEN,6
996,B.Browning,00-0036995,2023,DEN,4
997,B.Browning,00-0036995,2024,ARI,1
998,B.Browning,00-0036995,2024,DEN,3
999,B.Browning,00-0036995,2025,ARI,4
1000,B.Bulaga,00-0027875,2016,GB,5
1001,B.Bulaga,00-0027875,2017,GB,1
1002,B.Bulaga,00-0027875,2018,GB,8
1003,B.Bulaga,00-0027875,2019,GB,6
1004,B.Bulaga,00-0027875,2021,LAC,1
1005,B.Burns,00-0035713,2019,CAR,4
1006,B.Burns,00-0035713,2020,CAR,4
1007,B.Burns,00-0035713,2021,CAR,4
1008,B.Burns,00-0035713,2022,CAR,4
1009,B.Burns,00-0035713,2023,CAR,4
1010,B.Burns,00-0035713,2024,NYG,2
1011,B.Burns,00-0035713,2025,NYG,1
1012,B.Burr-Kirven,00-0035143,2019,SEA,2
1013,B.Butler,00-0030516,2016,DAL,4
1014,B.Butler,00-0030516,2017,DAL,1
1015,B.Butler,00-0030516,2018,MIA,3
1016,B.Cabeldue,00-0040650,2025,SEA,1
1017,B.Callahan,00-0031904,2016,CHI,3
1018,B.Callahan,00-0031904,2017,CHI,2
1019,B.Callahan,00-0031904,2022,LAC,2
1020,B.Carr,00-0026280,2016,DAL,2
1021,B.Carr,00-0026280,2017,BAL,8
1022,B.Carr,00-0026280,2018,BAL,3
1023,B.Carr,00-0026280,2019,BAL,2
1024,B.Carr,00-0026280,2020,DAL,1
1025,B.Carter,00-0027978,2018,ATL,1
1026,B.Cashman,00-0035276,2019,NYJ,2
1027,B.Cashman,00-0035276,2023,HOU,1
1028,B.Cashman,00-0035276,2024,MIN,2
1029,B.Celek,00-0025549,2016,PHI,2
1030,B.Celek,00-0025549,2017,PHI,3
1031,B.Christensen,00-0036968,2021,CAR,2
1032,B.Christensen,00-0036968,2022,CAR,8
1033,B.Christensen,00-0036968,2024,CAR,3
1034,B.Christensen,00-0036968,2025,CAR,1
1035,B.Chubb,00-0034832,2018,DEN,5
1036,B.Chubb,00-0034832,2019,DEN,2
1037,B.Chubb,00-0034832,2020,DEN,5
1038,B.Chubb,00-0034832,2021,DEN,2
1039,B.Chubb,00-0034832,2022,DEN,3
1040,B.Chubb,00-0034832,2022,MIA,2
1041,B.Chubb,00-0034832,2023,MIA,3
1042,B.Chubb,00-0034832,2025,MIA,3
1043,B.Chukwuma,00-0040417,2025,TB,1
1044,B.Church,00-0027416,2016,DAL,2
1045,B.Church,00-0027416,2017,JAX,1
1046,B.Church,00-0027416,2018,JAX,3
1047,B.Cleveland,00-0036977,2021,BAL,2
1048,B.Cleveland,00-0036977,2023,BAL,1
1049,B.Codrington,00-0039333,2024,BUF,1
1050,B.Coleman,00-0030801,2016,NO,2
1051,B.Coleman,00-0030801,2017,NO,2
1052,B.Coleman,00-0039913,2024,WAS,4
1053,B.Coleman,00-0039913,2025,WAS,5
1054,B.Collins,00-0040432,2025,NYG,1
1055,B.Colquitt,00-0026516,2016,CLE,1
1056,B.Colquitt,00-0026516,2017,CLE,2
1057,B.Combs,00-0040326,2025,JAX,1
1058,B.Cook,00-0037193,2022,KC,5
1059,B.Cook,00-0037193,2023,KC,1
1060,B.Cook,00-0037193,2025,KC,1
1061,B.Cook,00-0040398,2025,NYJ,1
1062,B.Cooks,00-0031236,2016,NO,2
1063,B.Cooks,00-0031236,2017,NE,5
1064,B.Cooks,00-0031236,2018,LA,2
1065,B.Cooks,00-0031236,2019,LA,1
1066,B.Cooks,00-0031236,2020,HOU,1
1067,B.Cooks,00-0031236,2021,HOU,1
1068,B.Cooks,00-0031236,2022,HOU,1
1069,B.Copeland,00-0030010,2016,DET,1
1070,B.Copeland,00-0030010,2018,NYJ,2
1071,B.Countess,00-0032793,2016,LA,1
1072,B.Countess,00-0032793,2017,LA,3
1073,B.Countess,00-0032793,2018,LA,2
1074,B.Cowart,00-0035278,2024,CHI,2
1075,B.Cox,00-0033408,2019,CLE,1
1076,B.Cox,00-0038463,2024,GB,1
1077,B.Coyle,00-0030770,2016,SEA,2
1078,B.Cunningham,00-0029795,2017,CHI,1
1079,B.Cushing,00-0026991,2016,HOU,1
1080,B.Cushing,00-0026991,2017,HOU,1
1081,B.Dixon,00-0030802,2016,NO,2
1082,B.Dunn,00-0031127,2017,HOU,3
1083,B.Dunn,00-0031127,2018,HOU,1
1084,B.Dunn,00-0031127,2020,HOU,2
1085,B.Dupree,00-0032146,2017,PIT,3
1086,B.Dupree,00-0032146,2018,PIT,9
1087,B.Dupree,00-0032146,2019,PIT,5
1088,B.Dupree,00-0032146,2020,PIT,1
1089,B.Dupree,00-0032146,2021,TEN,1
1090,B.Dupree,00-0032146,2022,TEN,2
1091,B.Dupree,00-0032146,2024,LAC,2
1092,B.Dupree,00-0032146,2025,LAC,1
1093,B.Echols,00-0036504,2021,NYJ,4
1094,B.Echols,00-0036504,2023,NYJ,3
1095,B.Echols,00-0036504,2025,PIT,3
1096,B.Edwards,00-0036365,2021,LV,2
1097,B.Ellefson,00-0035823,2021,MIN,1
1098,B.Ellington,00-0031326,2017,HOU,1
1099,B.Evans,00-0035666,2020,LA,1
1100,B.Evans,00-0035666,2021,LA,1
1101,B.Evans,00-0035666,2022,LA,2
1102,B.Facyson,00-0034545,2018,LAC,1
1103,B.Facyson,00-0034545,2019,LAC,1
1104,B.Facyson,00-0034545,2020,LAC,2
1105,B.Facyson,00-0034545,2021,LV,8
1106,B.Facyson,00-0034545,2022,IND,3
1107,B.Fehoko,00-0035927,2021,LAC,1
1108,B.Fehoko,00-0035927,2022,LAC,1
1109,B.Ferguson,00-0036217,2021,MIA,1
1110,B.Ferguson,00-0036217,2023,MIA,1
1111,B.Finney,00-0031779,2016,PIT,2
1112,B.Finney,00-0031779,2017,PIT,1
1113,B.Fisher,00-0039857,2024,HOU,2
1114,B.Fisher,00-0039857,2025,HOU,5
1115,B.Fiske,00-0039734,2024,LA,2
1116,B.Fiske,00-0039734,2025,LA,2
1117,B.Fowler,00-0030670,2016,DEN,1
1118,B.Fowler,00-0030670,2017,DEN,1
1119,B.Fowler,00-0030670,2018,NYG,1
1120,B.Fowler,00-0030670,2019,NYG,3
1121,B.Freeland,00-0039158,2023,IND,5
1122,B.Fusco,00-0028110,2016,MIN,2
1123,B.Fusco,00-0028110,2017,SF,5
1124,B.Fusco,00-0028110,2018,ATL,2
1125,B.Gabbert,00-0027948,2017,ARI,1
1126,B.Gabbert,00-0027948,2018,TEN,2
1127,B.Garland,00-0027282,2017,ATL,4
1128,B.Garland,00-0027282,2018,ATL,2
1129,B.Garland,00-0027282,2019,SF,1
1130,B.Gedeon,00-0033944,2017,MIN,2
1131,B.Giacomini,00-0026290,2016,NYJ,4
1132,B.Giacomini,00-0026290,2017,HOU,5
1133,B.Golden,00-0029336,2016,ARI,2
1134,B.Goodson,00-0033121,2016,NYG,1
1135,B.Goodson,00-0033121,2017,NYG,2
1136,B.Graham,00-0027865,2016,PHI,4
1137,B.Graham,00-0027865,2017,PHI,5
1138,B.Graham,00-0027865,2018,PHI,3
1139,B.Graham,00-0027865,2019,PHI,2
1140,B.Graham,00-0027865,2020,PHI,4
1141,B.Graham,00-0027865,2022,PHI,3
1142,B.Graham,00-0027865,2024,PHI,1
1143,B.Green,00-0040329,2025,JAX,1
1144,B.Grimes,00-0024183,2016,TB,2
1145,B.Grimes,00-0024183,2018,TB,2
1146,B.Grupe,00-0038905,2025,NO,2
1147,B.Hager,00-0032248,2016,LA,1
1148,B.Hager,00-0032248,2017,LA,1
1149,B.Hager,00-0032248,2018,LA,2
1150,B.Hall,00-0036241,2020,NYJ,4
1151,B.Hall,00-0036241,2021,NYJ,3
1152,B.Hall,00-0038120,2024,NYJ,2
1153,B.Hall,00-0038120,2025,NYJ,1
1154,B.Hance,00-0035355,2021,CLE,2
1155,B.Hance,00-0035355,2023,JAX,1
1156,B.Hance,00-0035355,2025,TEN,1
1157,B.Hart,00-0031622,2016,NYG,4
1158,B.Hart,00-0031622,2017,NYG,4
1159,B.Hart,00-0031622,2018,CIN,12
1160,B.Hart,00-0031622,2019,CIN,7
1161,B.Hart,00-0031622,2020,CIN,3
1162,B.Hart,00-0031622,2021,TEN,2
1163,B.Hart,00-0031622,2025,LAC,5
1164,B.Heeney,00-0032201,2017,HOU,1
1165,B.Hill,00-0033567,2017,CIN,1
1166,B.Hill,00-0033567,2018,ATL,1
1167,B.Hill,00-0033567,2019,ATL,1
1168,B.Hill,00-0033567,2020,ATL,1
1169,B.Hill,00-0034800,2018,NYG,9
1170,B.Hill,00-0034800,2019,NYG,1
1171,B.Hill,00-0034800,2020,NYG,2
1172,B.Hill,00-0034800,2021,CIN,2
1173,B.Hill,00-0034800,2023,CIN,1
1174,B.Hill,00-0034800,2024,CIN,2
1175,B.Hill,00-0034800,2025,CIN,2
1176,B.Hoffman,00-0037336,2023,DAL,2
1177,B.Hoffman,00-0037336,2024,DAL,3
1178,B.Hoffman,00-0037336,2025,DAL,1
1179,B.Hopkins,00-0036424,2022,LA,1
1180,B.Hopkins,00-0036424,2023,LA,1
1181,B.Howell,00-0034449,2021,LA,2
1182,B.Hoyer,00-0026625,2016,CHI,1
1183,B.Hoyer,00-0026625,2017,SF,3
1184,B.Huff,00-0036151,2021,NYJ,1
1185,B.Huff,00-0036151,2022,NYJ,1
1186,B.Huff,00-0036151,2023,NYJ,3
1187,B.Huff,00-0036151,2025,SF,1
1188,B.Hundley,00-0031589,2017,GB,4
1189,B.Ijalana,00-0027987,2016,NYJ,5
1190,B.Ijalana,00-0027987,2017,NYJ,1
1191,B.Irvin,00-0029193,2016,LV,5
1192,B.Irvin,00-0029193,2017,LV,6
1193,B.Irvin,00-0029193,2018,LV,3
1194,B.Irvin,00-0029193,2019,CAR,1
1195,B.Irvin,00-0029193,2021,CHI,1
1196,B.Irvin,00-0029193,2022,SEA,3
1197,B.Irvin,00-0029193,2023,DET,1
1198,B.Irving,00-0039361,2024,TB,1
1199,B.Jackson,00-0031188,2019,NYJ,1
1200,B.Jackson,00-0033024,2019,SEA,3
1201,B.Jacobs,00-0028698,2017,CAR,1
1202,B.Jacobs,00-0028698,2018,CAR,2
1203,B.Jaimes,00-0036636,2022,LAC,1
1204,B.Jaimes,00-0036636,2023,LAC,1
1205,B.Jarwin,00-0033658,2018,DAL,3
1206,B.Jarwin,00-0033658,2019,DAL,1
1207,B.Jarwin,00-0033658,2021,DAL,1
1208,B.Johnson,00-0037382,2023,DEN,3
1209,B.Jones,00-0029413,2016,TEN,3
1210,B.Jones,00-0029413,2017,TEN,6
1211,B.Jones,00-0029413,2018,TEN,2
1212,B.Jones,00-0029413,2019,TEN,3
1213,B.Jones,00-0029413,2020,TEN,3
1214,B.Jones,00-0029413,2021,TEN,4
1215,B.Jones,00-0029413,2022,TEN,4
1216,B.Jones,00-0031489,2016,NYG,1
1217,B.Jones,00-0031489,2017,NYG,2
1218,B.Jones,00-0032239,2016,DAL,4
1219,B.Jones,00-0032239,2017,DAL,4
1220,B.Jones,00-0032239,2018,DAL,9
1221,B.Jones,00-0032239,2019,DAL,4
1222,B.Jones,00-0035841,2023,DET,1
1223,B.Jones,00-0035841,2024,MIA,1
1224,B.Jones,00-0035841,2025,MIA,2
1225,B.Jones,00-0036221,2023,MIA,2
1226,B.Jones,00-0036221,2024,DEN,3
1227,B.Jones,00-0036221,2025,DEN,3
1228,B.Jones,00-0037081,2022,CHI,8
1229,B.Jones,00-0037081,2023,CHI,8
1230,B.Jones,00-0037081,2024,CHI,5
1231,B.Jones,00-0037081,2025,CHI,1
1232,B.Jones,00-0039109,2023,PIT,3
1233,B.Jones,00-0039109,2024,PIT,8
1234,B.Jones,00-0039109,2025,PIT,1
1235,B.Jordan,00-0036556,2021,HOU,1
1236,B.Jordan,00-0036556,2022,HOU,2
1237,B.Jordan,00-0036556,2023,HOU,2
1238,B.Kaufusi,00-0033117,2019,NYJ,1
1239,B.King,00-0031856,2016,NE,2
1240,B.King,00-0031856,2017,NE,2
1241,B.King,00-0031856,2018,NE,1
1242,B.King,00-0031856,2021,NE,3
1243,B.Koyack,00-0032139,2017,JAX,1
1244,B.LaFell,00-0027681,2016,CIN,2
1245,B.LaFell,00-0027681,2017,CIN,1
1246,B.Langley,00-0033552,2017,DEN,2
1247,B.Limmer,00-0039753,2024,LA,9
1248,B.Limmer,00-0039753,2025,LA,1
1249,B.Linder,00-0031369,2016,JAX,2
1250,B.Linder,00-0031369,2017,JAX,4
1251,B.Linder,00-0031369,2019,JAX,10
1252,B.Linder,00-0031369,2020,JAX,1
1253,B.Linder,00-0031369,2021,JAX,2
1254,B.Logan,00-0030507,2016,PHI,2
1255,B.Logan,00-0030507,2017,KC,3
1256,B.Logan,00-0030507,2018,TEN,1
1257,B.Mafe,00-0038133,2023,SEA,1
1258,B.Mafe,00-0038133,2024,SEA,1
1259,B.Mafe,00-0038133,2025,SEA,3
1260,B.Mann,00-0036313,2024,PHI,2
1261,B.Marshall,00-0024334,2016,NYJ,2
1262,B.Marshall,00-0024334,2018,SEA,1
1263,B.Marshall,00-0029620,2016,DEN,1
1264,B.Marshall,00-0029620,2017,DEN,1
1265,B.Martin-Scott,00-0040289,2025,CAR,1
1266,B.Martinez,00-0032408,2016,GB,1
1267,B.Martinez,00-0032408,2017,GB,4
1268,B.Martinez,00-0032408,2018,GB,1
1269,B.Martinez,00-0032408,2019,GB,1
1270,B.Martinez,00-0032408,2020,NYG,1
1271,B.Massie,00-0029528,2016,CHI,3
1272,B.Massie,00-0029528,2017,CHI,4
1273,B.Massie,00-0029528,2018,CHI,4
1274,B.Massie,00-0029528,2019,CHI,2
1275,B.Massie,00-0029528,2021,DEN,1
1276,B.Maxwell,00-0028111,2016,MIA,8
1277,B.Maxwell,00-0028111,2017,SEA,2
1278,B.Mayfield,00-0034855,2019,CLE,1
1279,B.Mayfield,00-0034855,2020,CLE,7
1280,B.Mayfield,00-0034855,2021,CLE,1
1281,B.Mayfield,00-0034855,2022,LA,1
1282,B.Mayfield,00-0034855,2023,TB,2
1283,B.Mayfield,00-0034855,2024,TB,1
1284,B.Mayowa,00-0030380,2016,DAL,4
1285,B.Mayowa,00-0030380,2017,DAL,3
1286,B.Mayowa,00-0030380,2018,ARI,2
1287,B.Mayowa,00-0030380,2019,LV,4
1288,B.Mayowa,00-0030380,2020,SEA,2
1289,B.McCain,00-0026935,2016,TEN,7
1290,B.McCain,00-0026935,2017,TEN,3
1291,B.McCain,00-0031587,2016,MIA,6
1292,B.McCain,00-0031587,2017,MIA,2
1293,B.McCain,00-0031587,2018,MIA,2
1294,B.McCain,00-0031587,2019,MIA,1
1295,B.McCain,00-0031587,2021,WAS,1
1296,B.McCain,00-0031587,2022,WAS,1
1297,B.McDougald,00-0030161,2016,TB,2
1298,B.McDougald,00-0030161,2017,SEA,1
1299,B.McDougald,00-0030161,2018,SEA,1
1300,B.McDougald,00-0030161,2019,SEA,3
1301,B.McDougald,00-0030161,2020,NYJ,2
1302,B.McGregor,00-0039284,2024,NYJ,1
1303,B.McKinney,00-0031553,2017,HOU,3
1304,B.McKinney,00-0031553,2018,HOU,1
1305,B.McKinney,00-0031553,2019,HOU,1
1306,B.McManus,00-0029822,2017,DEN,1
1307,B.McManus,00-0029822,2025,GB,1
1308,B.Means,00-0039386,2024,NO,2
1309,B.Mebane,00-0025472,2016,LAC,1
1310,B.Mebane,00-0025472,2017,LAC,1
1311,B.Mebane,00-0025472,2018,LAC,2
1312,B.Mebane,00-0025472,2019,LAC,1
1313,B.Melton,00-0037091,2024,GB,2
1314,B.Melton,00-0037091,2025,GB,3
1315,B.Mihalik,00-0031626,2017,DET,1
1316,B.Mihalik,00-0031626,2018,NYG,2
1317,B.Miller,00-0028149,2020,JAX,1
1318,B.Miller,00-0033069,2017,HOU,1
1319,B.Mingo,00-0030558,2016,NE,1
1320,B.Mingo,00-0030558,2017,IND,2
1321,B.Mingo,00-0030558,2018,SEA,1
1322,B.Mingo,00-0030558,2019,HOU,3
1323,B.Mingo,00-0030558,2020,CHI,1
1324,B.Mone,00-0035094,2019,SEA,1
1325,B.Mone,00-0035094,2021,SEA,3
1326,B.Mone,00-0035094,2022,SEA,2
1327,B.Morrison,00-0040747,2025,TB,2
1328,B.Murphy,00-0035236,2020,ARI,4
1329,B.Murphy,00-0035236,2021,ARI,7
1330,B.Murphy,00-0035236,2022,ARI,1
1331,B.Murphy,00-0035236,2023,MIN,2
1332,B.Murphy,00-0035236,2024,MIN,3
1333,B.Murphy,00-0035236,2025,MIN,7
1334,B.Murphy,00-0039309,2024,SEA,1
1335,B.Murphy,00-0039309,2025,SEA,1
1336,B.Murphy Jr.,00-0035236,2019,ARI,7
1337,B.Myers,00-0027135,2016,TB,3
1338,B.Nichols,00-0034387,2020,CHI,2
1339,B.Nichols,00-0034387,2021,CHI,1
1340,B.Nichols,00-0034387,2022,LV,3
1341,B.Niemann,00-0034296,2018,KC,1
1342,B.Niemann,00-0034296,2020,KC,1
1343,B.Niemann,00-0034296,2022,ARI,1
1344,B.Niemann,00-0034296,2024,DET,1
1345,B.Nix,00-0039732,2024,DEN,2
1346,B.Nix,00-0039732,2025,DEN,2
1347,B.Nortman,00-0029304,2016,JAX,1
1348,B.O'Neill,00-0034158,2018,MIN,4
1349,B.O'Neill,00-0034158,2019,MIN,7
1350,B.O'Neill,00-0034158,2020,MIN,7
1351,B.O'Neill,00-0034158,2021,MIN,5
1352,B.O'Neill,00-0034158,2022,MIN,5
1353,B.O'Neill,00-0034158,2023,MIN,6
1354,B.O'Neill,00-0034158,2024,MIN,4
1355,B.O'Neill,00-0034158,2025,MIN,5
1356,B.Ojulari,00-0039155,2025,ARI,1
1357,B.Okereke,00-0035687,2019,IND,1
1358,B.Okereke,00-0035687,2020,IND,1
1359,B.Okereke,00-0035687,2022,IND,2
1360,B.Okereke,00-0035687,2023,NYG,6
1361,B.Okereke,00-0035687,2025,NYG,2
1362,B.Okoye,00-0039176,2025,BAL,2
1363,B.Orakpo,00-0026989,2016,TEN,1
1364,B.Osweiler,00-0029682,2016,HOU,5
1365,B.Osweiler,00-0029682,2017,DEN,1
1366,B.Parker,00-0032089,2018,DEN,2
1367,B.Parker,00-0034763,2018,LV,10
1368,B.Parker,00-0034763,2019,LV,2
1369,B.Parker,00-0034763,2020,LV,3
1370,B.Parker,00-0034763,2021,LV,10
1371,B.Perriman,00-0032054,2018,CLE,2
1372,B.Perriman,00-0032054,2019,TB,1
1373,B.Perriman,00-0032054,2022,TB,1
1374,B.Peters,00-0031491,2016,HOU,1
1375,B.Peters,00-0031491,2017,HOU,3
1376,B.Pinion,00-0032065,2024,ATL,1
1377,B.Poole,00-0032596,2016,ATL,8
1378,B.Poole,00-0032596,2017,ATL,6
1379,B.Poole,00-0032596,2018,ATL,5
1380,B.Poole,00-0032596,2019,NYJ,1
1381,B.Powell,00-0034646,2022,LA,1
1382,B.Powell,00-0034646,2023,MIN,2
1383,B.Powell,00-0034646,2024,MIN,1
1384,B.Powers,00-0034978,2020,BAL,3
1385,B.Powers,00-0034978,2021,BAL,3
1386,B.Powers,00-0034978,2023,DEN,3
1387,B.Powers,00-0034978,2024,DEN,5
1388,B.Powers,00-0034978,2025,DEN,3
1389,B.Price,00-0032649,2020,GB,1
1390,B.Price,00-0034762,2018,CIN,5
1391,B.Price,00-0034762,2019,CIN,4
1392,B.Price,00-0034762,2020,CIN,4
1393,B.Price,00-0034762,2021,NYG,4
1394,B.Price,00-0034762,2022,ARI,8
1395,B.Price,00-0036011,2021,DET,2
1396,B.Pringle,00-0034297,2019,KC,4
1397,B.Pringle,00-0034297,2020,KC,3
1398,B.Pringle,00-0034297,2021,KC,3
1399,B.Pringle,00-0034297,2022,CHI,3
1400,B.Pringle,00-0034297,2023,WAS,1
1401,B.Purdy,00-0037834,2023,SF,2
1402,B.Quick,00-0029640,2016,LA,4
1403,B.Qvale,00-0031031,2016,NYJ,3
1404,B.Qvale,00-0031031,2017,NYJ,6
1405,B.Qvale,00-0031031,2018,NYJ,4
1406,B.Qvale,00-0031031,2020,HOU,1
1407,B.Raimann,00-0037757,2022,IND,7
1408,B.Raimann,00-0037757,2023,IND,4
1409,B.Raimann,00-0037757,2024,IND,2
1410,B.Raimann,00-0037757,2025,IND,7
1411,B.Rainey,00-0029384,2016,NYG,1
1412,B.Reed,00-0027980,2016,ATL,1
1413,B.Reed,00-0027980,2017,ATL,2
1414,B.Reed,00-0027980,2018,ATL,1
1415,B.Reed,00-0027980,2019,ARI,1
1416,B.Richter,00-0039718,2025,MIN,1
1417,B.Robinson,00-0037746,2024,WAS,1
1418,B.Robinson,00-0038542,2023,ATL,2
1419,B.Robinson,00-0038542,2024,ATL,1
1420,B.Robinson,00-0038542,2025,ATL,1
1421,B.Robison,00-0025489,2016,MIN,1
1422,B.Robison,00-0025489,2017,MIN,1
1423,B.Roby,00-0031372,2016,DEN,5
1424,B.Roby,00-0031372,2017,DEN,4
1425,B.Roby,00-0031372,2018,DEN,2
1426,B.Roby,00-0031372,2019,HOU,5
1427,B.Roby,00-0031372,2020,HOU,6
1428,B.Roby,00-0031372,2021,NO,3
1429,B.Roby,00-0031372,2022,NO,3
1430,B.Roethlisberger,00-0022924,2016,PIT,2
1431,B.Roethlisberger,00-0022924,2017,PIT,4
1432,B.Roethlisberger,00-0022924,2018,PIT,1
1433,B.Roethlisberger,00-0022924,2020,PIT,1
1434,B.Roy,00-0036311,2020,CAR,1
1435,B.Roy,00-0036311,2021,CAR,2
1436,B.Russell,00-0038488,2025,SEA,1
1437,B.Rypien,00-0034955,2020,DEN,1
1438,B.Sauls,00-0040530,2025,NYG,1
1439,B.Scarlett,00-0032734,2018,HOU,1
1440,B.Scarlett,00-0032734,2019,HOU,4
1441,B.Scarlett,00-0032734,2021,MIA,1
1442,B.Scherff,00-0032053,2016,WAS,8
1443,B.Scherff,00-0032053,2017,WAS,1
1444,B.Scherff,00-0032053,2018,WAS,2
1445,B.Scherff,00-0032053,2019,WAS,7
1446,B.Scherff,00-0032053,2020,WAS,2
1447,B.Scherff,00-0032053,2021,WAS,5
1448,B.Scherff,00-0032053,2022,JAX,4
1449,B.Scherff,00-0032053,2023,JAX,6
1450,B.Scherff,00-0032053,2024,JAX,1
1451,B.Schooler,00-0037205,2022,NE,2
1452,B.Schooler,00-0037205,2023,NE,5
1453,B.Schooler,00-0037205,2025,NE,4
1454,B.Shell,00-0032420,2016,NYJ,1
1455,B.Shell,00-0032420,2017,NYJ,2
1456,B.Shell,00-0032420,2018,NYJ,6
1457,B.Shell,00-0032420,2019,NYJ,2
1458,B.Shell,00-0032420,2020,SEA,5
1459,B.Shell,00-0032420,2021,SEA,1
1460,B.Shell,00-0032420,2022,MIA,4
1461,B.Sinnott,00-0039912,2024,WAS,2
1462,B.Sinnott,00-0039912,2025,WAS,4
1463,B.Skowronek,00-0036862,2021,LA,3
1464,B.Skowronek,00-0036862,2022,LA,2
1465,B.Skowronek,00-0036862,2023,LA,5
1466,B.Skowronek,00-0036862,2024,PIT,1
1467,B.Skowronek,00-0036862,2025,PIT,5
1468,B.Skrine,00-0028075,2016,NYJ,8
1469,B.Skrine,00-0028075,2017,NYJ,11
1470,B.Skrine,00-0028075,2018,NYJ,7
1471,B.Skrine,00-0028075,2019,CHI,1
1472,B.Skrine,00-0028075,2020,CHI,5
1473,B.Smith,00-0034836,2018,IND,4
1474,B.Smith,00-0034836,2019,IND,2
1475,B.Smith,00-0034836,2020,IND,3
1476,B.Smith,00-0034836,2021,IND,5
1477,B.Smith,00-0034836,2022,IND,8
1478,B.Smith,00-0034836,2023,IND,5
1479,B.Smith,00-0034836,2024,IND,7
1480,B.Smith,00-0034836,2025,IND,5
1481,B.Snell,00-0035217,2021,PIT,4
1482,B.Snell Jr.,00-0035217,2019,PIT,1
1483,B.Sowell,00-0029091,2016,SEA,7
1484,B.Sowell,00-0029091,2017,CHI,5
1485,B.Spann-Ford,00-0039530,2024,DAL,3
1486,B.Speaks,00-0034774,2018,KC,1
1487,B.Spector,00-0037318,2023,BUF,2
1488,B.Spector,00-0037318,2024,BUF,2
1489,B.St-Juste,00-0036625,2021,WAS,2
1490,B.St-Juste,00-0036625,2022,WAS,5
1491,B.St-Juste,00-0036625,2023,WAS,9
1492,B.St-Juste,00-0036625,2024,WAS,8
1493,B.St-Juste,00-0036625,2025,LAC,5
1494,B.Stephens,00-0036987,2021,BAL,1
1495,B.Stephens,00-0036987,2022,BAL,5
1496,B.Stephens,00-0036987,2023,BAL,5
1497,B.Stephens,00-0036987,2024,BAL,7
1498,B.Stephens,00-0036987,2025,NYJ,3
1499,B.Stille,00-0037356,2023,ARI,1
1500,B.Strange,00-0038935,2023,JAX,4
1501,B.Strange,00-0038935,2024,JAX,2
1502,B.Strange,00-0038935,2025,JAX,5
1503,B.Tate,00-0027057,2016,BUF,1
1504,B.Taylor,00-0040212,2025,LAC,2
1505,B.Thomas,00-0039893,2024,JAX,4
1506,B.Thomas,00-0039893,2025,JAX,2
1507,B.Thompson,00-0036792,2022,NO,1
1508,B.Toth,00-0035743,2023,CAR,1
1509,B.Toth,00-0035743,2025,PHI,3
1510,B.Trawick,00-0030020,2016,LV,2
1511,B.Trawick,00-0030020,2017,TEN,4
1512,B.Trawick,00-0030020,2018,TEN,2
1513,B.Trawick,00-0030020,2019,BAL,1
1514,B.Treggs,00-0032724,2017,CLE,1
1515,B.Tremayne,00-0038840,2025,CAR,1
1516,B.Turner,00-0031433,2016,DEN,1
1517,B.Turner,00-0031433,2017,DEN,1
1518,B.Turner,00-0031433,2018,DEN,2
1519,B.Turner,00-0031433,2019,GB,1
1520,B.Turner,00-0031433,2020,GB,3
1521,B.Turner,00-0031433,2021,GB,3
1522,B.Turner,00-0031433,2022,DEN,1
1523,B.Tuten,00-0040719,2025,JAX,2
1524,B.Urban,00-0031177,2017,BAL,1
1525,B.Urban,00-0031177,2020,CHI,1
1526,B.Wagner,00-0029255,2016,SEA,2
1527,B.Wagner,00-0029255,2017,SEA,2
1528,B.Wagner,00-0029255,2018,SEA,3
1529,B.Wagner,00-0029255,2019,SEA,1
1530,B.Wagner,00-0029255,2020,SEA,2
1531,B.Wagner,00-0029255,2021,SEA,1
1532,B.Wagner,00-0029255,2022,LA,1
1533,B.Wagner,00-0029255,2023,SEA,1
1534,B.Wagner,00-0029255,2024,WAS,2
1535,B.Wagner,00-0029255,2025,WAS,1
1536,B.Walton,00-0036123,2022,TB,4
1537,B.Walton,00-0036123,2025,CAR,1
1538,B.Washington,00-0036081,2024,BAL,1
1539,B.Watson,00-0022943,2017,BAL,1
1540,B.Watson,00-0022943,2018,NO,1
1541,B.Watson,00-0022943,2019,NE,4
1542,B.Watson,00-0035375,2019,JAX,1
1543,B.Watson,00-0035375,2020,JAX,3
1544,B.Webb,00-0030403,2016,NO,1
1545,B.Webb,00-0030403,2018,NYG,8
1546,B.Webb,00-0030403,2019,CIN,5
1547,B.Whiteheart,00-0038710,2025,CLE,1
1548,B.Williams,00-0029793,2016,SEA,3
1549,B.Williams,00-0029793,2017,IND,2
1550,B.Williams,00-0030511,2016,BAL,1
1551,B.Williams,00-0030511,2018,BAL,3
1552,B.Williams,00-0030511,2019,BAL,3
1553,B.Williams,00-0030511,2020,BAL,1
1554,B.Williams,00-0032769,2016,ARI,2
1555,B.Williams,00-0032769,2020,NYG,2
1556,B.Willis,00-0038643,2023,SF,1
1557,B.Willis,00-0038643,2024,SF,2
1558,B.Wilson,00-0033791,2017,CIN,1
1559,B.Wilson,00-0033791,2018,CIN,4
1560,B.Wilson,00-0033791,2019,CIN,3
1561,B.Wing,00-0030142,2016,NYG,1
1562,B.Winters,00-0030066,2016,NYJ,5
1563,B.Winters,00-0030066,2017,NYJ,8
1564,B.Winters,00-0030066,2018,NYJ,5
1565,B.Winters,00-0030066,2019,NYJ,1
1566,B.Winters,00-0030066,2020,BUF,5
1567,B.Witzmann,00-0031152,2017,KC,9
1568,B.Witzmann,00-0031152,2018,CHI,1
1569,B.Wreh-Wilson,00-0030541,2017,ATL,1
1570,B.Wreh-Wilson,00-0030541,2019,ATL,3
1571,B.Wright,00-0036754,2021,DET,3
1572,B.Wright,00-0036754,2022,DET,2
1573,B.Wright,00-0036754,2024,DET,2
1574,B.Wright,00-0036754,2025,DET,2
1575,B.Young,00-0038978,2025,PHI,1
1576,B.Young,00-0039137,2024,LA,5
1577,B.Young,00-0039137,2025,LA,1
1578,B.Young,00-0039150,2023,CAR,2
1579,B.Young,00-0039150,2024,CAR,1
1580,B.Young,00-0039150,2025,CAR,2
1581,B.Yurosek,00-0040509,2025,MIN,2
1582,B.Zappe,00-0038108,2022,NE,1
1583,B.Zylstra,00-0034052,2021,CAR,1
1584,Br.Allen,00-0034804,2019,LA,4
1585,Br.Jones,00-0036221,2020,MIA,2
1586,Br.Jones,00-0036221,2021,MIA,4
1587,Br.Jones,00-0036221,2022,MIA,1
1588,Bra.Williams,00-0032769,2018,ARI,4
1589,Bry.Hall,00-0036241,2023,NYJ,1
1590,By.Jones,00-0032239,2020,MIA,1
1591,By.Jones,00-0032239,2021,MIA,3
1592,C.Adomitis,00-0037412,2022,CIN,1
1593,C.Akers,00-0036414,2025,SEA,1
1594,C.Allen,00-0033399,2017,MIA,1
1595,C.Allen,00-0033399,2018,MIA,1
1596,C.Anderson,00-0029854,2017,DEN,1
1597,C.Anderson,00-0034957,2022,DEN,1
1598,C.Anderson,00-0034957,2023,NE,1
1599,C.Armstrong,00-0034792,2018,MIA,3
1600,C.Artis-Payne,00-0031599,2017,CAR,2
1601,C.Artis-Payne,00-0031599,2018,CAR,1
1602,C.Austin,00-0037837,2023,PIT,2
1603,C.Austin,00-0037837,2024,PIT,1
1604,C.Austin,00-0037837,2025,PIT,2
1605,C.Avril,00-0026232,2016,SEA,5
1606,C.Avril,00-0026232,2017,SEA,4
1607,C.Awuzie,00-0033548,2017,DAL,3
1608,C.Awuzie,00-0033548,2018,DAL,2
1609,C.Awuzie,00-0033548,2019,DAL,4
1610,C.Awuzie,00-0033548,2020,DAL,2
1611,C.Awuzie,00-0033548,2021,CIN,3
1612,C.Awuzie,00-0033548,2022,CIN,4
1613,C.Awuzie,00-0033548,2023,CIN,4
1614,C.Awuzie,00-0033548,2024,TEN,1
1615,C.Awuzie,00-0033548,2025,BAL,1
1616,C.Baker,00-0026512,2017,TB,2
1617,C.Ballentine,00-0035633,2019,NYG,1
1618,C.Ballentine,00-0035633,2020,NYG,1
1619,C.Ballentine,00-0035633,2023,GB,3
1620,C.Banjo,00-0029747,2016,NO,1
1621,C.Banjo,00-0029747,2018,NO,3
1622,C.Banjo,00-0029747,2019,ARI,1
1623,C.Banjo,00-0029747,2021,ARI,1
1624,C.Banjo,00-0029747,2022,ARI,1
1625,C.Barmore,00-0036981,2021,NE,1
1626,C.Barmore,00-0036981,2023,NE,2
1627,C.Barton,00-0035672,2019,SEA,1
1628,C.Barton,00-0035672,2021,SEA,2
1629,C.Barton,00-0035672,2023,WAS,3
1630,C.Barton,00-0035672,2024,DEN,1
1631,C.Barwin,00-0027022,2018,NYG,1
1632,C.Basham,00-0036553,2022,BUF,2
1633,C.Basham,00-0036553,2024,NYG,1
1634,C.Batson,00-0034652,2018,TEN,2
1635,C.Batson,00-0034652,2020,TEN,1
1636,C.Beasley,00-0029000,2020,BUF,2
1637,C.Beasley,00-0029000,2021,BUF,1
1638,C.Beathard,00-0033936,2017,SF,2
1639,C.Beebe,00-0034309,2019,MIN,1
1640,C.Beebe,00-0034309,2020,MIN,2
1641,C.Beebe,00-0039348,2024,DAL,3
1642,C.Beebe,00-0039348,2025,DAL,1
1643,C.Benenoch,00-0032779,2016,TB,1
1644,C.Benenoch,00-0032779,2017,TB,2
1645,C.Benenoch,00-0032779,2018,TB,7
1646,C.Benford,00-0037288,2022,BUF,3
1647,C.Benford,00-0037288,2023,BUF,4
1648,C.Benford,00-0037288,2024,BUF,5
1649,C.Benford,00-0037288,2025,BUF,3
1650,C.Bishop,00-0039872,2024,BUF,2
1651,C.Bishop,00-0039872,2025,BUF,3
1652,C.Blake,00-0034132,2019,ATL,4
1653,C.Blake,00-0034132,2020,ATL,2
1654,C.Blake,00-0034132,2021,ATL,1
1655,C.Board,00-0033367,2021,NYG,2
1656,C.Board,00-0034787,2020,BAL,2
1657,C.Board,00-0034787,2021,BAL,1
1658,C.Board,00-0034787,2022,DET,2
1659,C.Board,00-0034787,2023,NE,2
1660,C.Board,00-0034787,2024,BAL,3
1661,C.Boling,00-0028039,2016,CIN,2
1662,C.Boling,00-0028039,2017,CIN,1
1663,C.Boling,00-0028039,2018,CIN,4
1664,C.Bolton,00-0035076,2023,LV,2
1665,C.Boswell,00-0031136,2016,PIT,1
1666,C.Boswell,00-0031136,2019,PIT,1
1667,C.Boswell,00-0031136,2024,PIT,1
1668,C.Boswell,00-0031136,2025,PIT,3
1669,C.Brantley,00-0033962,2017,CLE,2
1670,C.Brantley,00-0033962,2018,WAS,1
1671,C.Braswell,00-0039902,2024,TB,1
1672,C.Braswell,00-0039902,2025,TB,4
1673,C.Brate,00-0031273,2017,TB,1
1674,C.Brate,00-0031273,2018,TB,4
1675,C.Brate,00-0031273,2022,TB,1
1676,C.Brewer,00-0035623,2019,LA,1
1677,C.Brewer,00-0035623,2022,LA,1
1678,C.Brewer,00-0037662,2022,BUF,1
1679,C.Brewer,00-0037662,2024,TB,1
1680,C.Brooks,00-0038685,2024,GB,2
1681,C.Brooks,00-0038685,2025,GB,1
1682,C.Brown,00-0031118,2016,CAR,1
1683,C.Brown,00-0036400,2020,NYG,3
1684,C.Brown,00-0036400,2021,NYG,3
1685,C.Brown,00-0036400,2022,NYG,2
1686,C.Brown,00-0036400,2023,NYG,2
1687,C.Brown,00-0038597,2023,CIN,1
1688,C.Brown,00-0038597,2024,CIN,1
1689,C.Brown,00-0038597,2025,CIN,1
1690,C.Bryant,00-0028707,2016,BUF,2
1691,C.Bryant,00-0038136,2022,SEA,3
1692,C.Bryant,00-0040546,2025,ATL,2
1693,C.Bullock,00-0039838,2024,HOU,2
1694,C.Bullock,00-0039838,2025,HOU,1
1695,C.Bynum,00-0036629,2021,MIN,1
1696,C.Bynum,00-0036629,2022,MIN,1
1697,C.Campbell,00-0026190,2016,ARI,3
1698,C.Campbell,00-0026190,2017,JAX,1
1699,C.Campbell,00-0026190,2018,JAX,6
1700,C.Campbell,00-0026190,2019,JAX,8
1701,C.Campbell,00-0026190,2020,BAL,3
1702,C.Campbell,00-0026190,2023,ATL,1
1703,C.Campbell,00-0026190,2024,MIA,1
1704,C.Campbell,00-0026190,2025,ARI,1
1705,C.Carson,00-0039387,2024,DAL,3
1706,C.Carson,00-0039387,2025,DAL,4
1707,C.Carter,00-0033338,2017,CIN,1
1708,C.Carter,00-0033338,2019,CIN,2
1709,C.Carter,00-0033338,2020,CIN,2
1710,C.Carter,00-0033338,2021,MIA,1
1711,C.Cheeseman,00-0036659,2021,WAS,1
1712,C.Cheeseman,00-0036659,2022,WAS,1
1713,C.Chester,00-0024271,2016,ATL,5
1714,C.Clark,00-0025900,2016,HOU,9
1715,C.Clark,00-0025900,2017,HOU,5
1716,C.Clark,00-0025900,2018,CAR,5
1717,C.Clark,00-0025900,2019,HOU,4
1718,C.Clark,00-0033294,2017,BAL,2
1719,C.Clark,00-0033294,2018,BAL,1
1720,C.Clark,00-0033294,2019,BAL,4
1721,C.Clark,00-0033294,2020,BAL,7
1722,C.Clark,00-0033294,2021,BAL,1
1723,C.Clark,00-0033294,2022,BAL,3
1724,C.Clark,00-0033294,2024,NYJ,3
1725,C.Clay,00-0028112,2016,BUF,1
1726,C.Clay,00-0028112,2017,BUF,2
1727,C.Clay,00-0028112,2018,BUF,2
1728,C.Claybrooks,00-0036316,2020,JAX,1
1729,C.Claybrooks,00-0036316,2021,JAX,2
1730,C.Claybrooks,00-0036316,2022,JAX,3
1731,C.Claypool,00-0036326,2020,PIT,1
1732,C.Claypool,00-0036326,2021,PIT,8
1733,C.Claypool,00-0036326,2022,PIT,1
1734,C.Claypool,00-0036326,2023,CHI,1
1735,C.Claypool,00-0036326,2023,MIA,1
1736,C.Clement,00-0033725,2018,PHI,1
1737,C.Clement,00-0033725,2020,PHI,2
1738,C.Clement,00-0033725,2022,ARI,1
1739,C.Colby,00-0040245,2025,SF,3
1740,C.Coleman,00-0032966,2016,CLE,3
1741,C.Coleman,00-0032966,2017,CLE,3
1742,C.Conley,00-0032128,2016,KC,1
1743,C.Conley,00-0032128,2018,KC,4
1744,C.Conley,00-0032128,2019,JAX,2
1745,C.Conley,00-0032128,2020,JAX,1
1746,C.Conley,00-0032128,2021,HOU,1
1747,C.Conley,00-0032128,2024,SF,1
1748,C.Conner,00-0038982,2024,KC,4
1749,C.Conner,00-0038982,2025,KC,2
1750,C.Conte,00-0028031,2016,TB,6
1751,C.Conte,00-0028031,2017,TB,3
1752,C.Conte,00-0028031,2018,TB,1
1753,C.Core,00-0032795,2017,CIN,3
1754,C.Core,00-0032795,2018,CIN,1
1755,C.Core,00-0032795,2019,NYG,1
1756,C.Coughlin,00-0036402,2022,NYG,1
1757,C.Coughlin,00-0036402,2023,NYG,1
1758,C.Covington,00-0031619,2016,HOU,1
1759,C.Covington,00-0031619,2019,DAL,1
1760,C.Cross,00-0037821,2022,SEA,9
1761,C.Cross,00-0037821,2023,SEA,4
1762,C.Cross,00-0037821,2024,SEA,6
1763,C.Cross,00-0037821,2025,SEA,5
1764,C.Daniel,00-0026544,2018,CHI,1
1765,C.Daniel,00-0026544,2019,CHI,1
1766,C.Dantzler,00-0036330,2020,MIN,1
1767,C.Dantzler,00-0036330,2021,MIN,1
1768,C.Dantzler,00-0036330,2022,MIN,3
1769,C.Darrisaw,00-0036616,2021,MIN,3
1770,C.Darrisaw,00-0036616,2022,MIN,3
1771,C.Darrisaw,00-0036616,2023,MIN,4
1772,C.Darrisaw,00-0036616,2024,MIN,4
1773,C.Darrisaw,00-0036616,2025,MIN,7
1774,C.Davis,00-0029764,2016,LA,3
1775,C.Davis,00-0031938,2017,BAL,2
1776,C.Davis,00-0033871,2018,TEN,2
1777,C.Davis,00-0033871,2019,TEN,3
1778,C.Davis,00-0033871,2020,TEN,1
1779,C.Davis,00-0033871,2022,NYJ,5
1780,C.Davis,00-0034778,2018,TB,4
1781,C.Davis,00-0034778,2019,TB,9
1782,C.Davis,00-0034778,2020,TB,10
1783,C.Davis,00-0034778,2021,TB,7
1784,C.Davis,00-0034778,2022,TB,4
1785,C.Davis,00-0034778,2023,TB,4
1786,C.Davis,00-0034778,2024,DET,7
1787,C.Davis,00-0034778,2025,NE,13
1788,C.Davis III,00-0034778,2018,TB,3
1789,C.DeJean,00-0039841,2024,PHI,2
1790,C.DeJean,00-0039841,2025,PHI,2
1791,C.Dicker,00-0037224,2024,LAC,2
1792,C.Dicker,00-0037224,2025,LAC,3
1793,C.Dike,00-0040705,2025,TEN,1
1794,C.Dunlap,00-0027662,2016,CIN,4
1795,C.Dunlap,00-0027662,2017,CIN,2
1796,C.Dunlap,00-0027662,2018,CIN,4
1797,C.Dunlap,00-0027662,2019,CIN,1
1798,C.Dunlap,00-0027662,2020,CIN,2
1799,C.Dunlap,00-0027662,2020,SEA,1
1800,C.Dunlap,00-0027662,2021,SEA,2
1801,C.Dunlap,00-0027662,2022,KC,1
1802,C.Durant,00-0037839,2023,LA,2
1803,C.Durant,00-0037839,2024,LA,3
1804,C.Durant,00-0037839,2025,LA,3
1805,C.Durden,00-0038653,2025,NE,2
1806,C.Edmonds,00-0034681,2018,ARI,1
1807,C.Edmonds,00-0034681,2022,MIA,1
1808,C.Edoga,00-0035698,2019,NYJ,5
1809,C.Edoga,00-0035698,2020,NYJ,4
1810,C.Edoga,00-0035698,2021,NYJ,1
1811,C.Edoga,00-0035698,2022,ATL,1
1812,C.Edoga,00-0035698,2023,DAL,3
1813,C.Edoga,00-0035698,2024,DAL,2
1814,C.Edoga,00-0035698,2025,JAX,4
1815,C.Edwards-Helaire,00-0036360,2020,KC,1
1816,C.Edwards-Helaire,00-0036360,2021,KC,2
1817,C.Elliss,00-0036813,2024,NE,3
1818,C.Elliss,00-0036813,2025,NE,2
1819,C.Erving,00-0032145,2016,CLE,7
1820,C.Erving,00-0032145,2017,KC,3
1821,C.Erving,00-0032145,2018,KC,12
1822,C.Erving,00-0032145,2019,KC,4
1823,C.Erving,00-0032145,2020,DAL,2
1824,C.Erving,00-0032145,2021,CAR,4
1825,C.Erving,00-0032145,2022,CAR,1
1826,C.Erving,00-0032145,2023,NO,2
1827,C.Evans,00-0036857,2022,CIN,1
1828,C.Farley,00-0036615,2021,TEN,2
1829,C.Farley,00-0036615,2024,CAR,1
1830,C.Fejedelem,00-0032807,2016,CIN,2
1831,C.Fejedelem,00-0032807,2017,CIN,3
1832,C.Fejedelem,00-0032807,2018,CIN,3
1833,C.Fejedelem,00-0032807,2019,CIN,1
1834,C.Fejedelem,00-0032807,2021,MIA,1
1835,C.Fejedelem,00-0032807,2022,MIA,1
1836,C.Ferrell,00-0035692,2019,LV,7
1837,C.Ferrell,00-0035692,2020,LV,2
1838,C.Ferrell,00-0035692,2021,LV,4
1839,C.Ferrell,00-0035692,2022,LV,2
1840,C.Ferrell,00-0035692,2024,WAS,2
1841,C.Ferrell,00-0035692,2025,SF,1
1842,C.Fiedorowicz,00-0031302,2016,HOU,2
1843,C.Fiedorowicz,00-0031302,2017,HOU,1
1844,C.Fleener,00-0029697,2016,NO,2
1845,C.Fleener,00-0029697,2017,NO,1
1846,C.Fleming,00-0031067,2016,NE,1
1847,C.Fleming,00-0031067,2017,NE,2
1848,C.Fleming,00-0031067,2018,DAL,2
1849,C.Fleming,00-0031067,2019,DAL,3
1850,C.Fleming,00-0031067,2020,NYG,6
1851,C.Fleming,00-0031067,2021,DEN,1
1852,C.Fleming,00-0031067,2022,DEN,4
1853,C.Fleming,00-0031067,2023,DEN,1
1854,C.Flott,00-0037758,2023,NYG,2
1855,C.Flott,00-0037758,2024,NYG,1
1856,C.Flott,00-0037758,2025,NYG,2
1857,C.Ford,00-0035238,2019,BUF,9
1858,C.Ford,00-0035238,2020,BUF,3
1859,C.Ford,00-0035238,2021,BUF,3
1860,C.Ford,00-0035238,2022,ARI,1
1861,C.Ford,00-0035238,2024,CIN,3
1862,C.Gardner-Johnson,00-0035253,2019,NO,8
1863,C.Gardner-Johnson,00-0035253,2020,NO,8
1864,C.Gardner-Johnson,00-0035253,2021,NO,3
1865,C.Gardner-Johnson,00-0035253,2022,PHI,2
1866,C.Gardner-Johnson,00-0035253,2023,DET,3
1867,C.Gardner-Johnson,00-0035253,2024,PHI,2
1868,C.Gardner-Johnson,00-0035253,2025,CHI,1
1869,C.Geathers,00-0031571,2016,IND,1
1870,C.Geathers,00-0031571,2017,IND,1
1871,C.Geathers,00-0031571,2018,IND,2
1872,C.Geathers,00-0031571,2019,IND,1
1873,C.Gill,00-0036045,2020,TB,1
1874,C.Gill,00-0036045,2023,TB,1
1875,C.Gillaspia,00-0035304,2020,HOU,1
1876,C.Gillaspia,00-0035304,2021,NYG,1
1877,C.Gillmore,00-0030992,2016,BAL,1
1878,C.Glaser,00-0037225,2023,NYJ,2
1879,C.Glenn,00-0029561,2016,BUF,6
1880,C.Glenn,00-0029561,2018,CIN,5
1881,C.Godrick,00-0039174,2025,KC,4
1882,C.Godwin,00-0033921,2017,TB,1
1883,C.Godwin,00-0033921,2018,TB,1
1884,C.Godwin,00-0033921,2019,TB,1
1885,C.Godwin,00-0033921,2022,TB,4
1886,C.Golston,00-0036982,2021,DAL,1
1887,C.Golston,00-0036982,2022,DAL,1
1888,C.Golston,00-0036982,2023,DAL,2
1889,C.Golston,00-0036982,2025,NYG,1
1890,C.Gonzalez,00-0039147,2024,NE,1
1891,C.Gonzalez,00-0039147,2025,NE,2
1892,C.Goode,00-0037315,2023,MIA,1
1893,C.Goodwin,00-0031357,2017,ATL,3
1894,C.Goodwin,00-0031357,2018,DAL,1
1895,C.Goodwin,00-0031357,2019,DAL,1
1896,C.Goodwin,00-0031357,2020,DAL,4
1897,C.Goodwin,00-0031357,2021,DAL,5
1898,C.Goodwin,00-0031357,2024,DAL,7
1899,C.Goodwin,00-0031357,2025,DAL,3
1900,C.Gossett,00-0034165,2018,ARI,3
1901,C.Gossett,00-0034165,2022,ATL,2
1902,C.Graham,00-0025555,2017,PHI,1
1903,C.Graham,00-0025555,2018,PHI,2
1904,C.Granderson,00-0035402,2020,NO,3
1905,C.Granderson,00-0035402,2021,NO,2
1906,C.Granderson,00-0035402,2022,NO,1
1907,C.Granderson,00-0035402,2023,NO,4
1908,C.Granderson,00-0035402,2024,NO,4
1909,C.Granderson,00-0035402,2025,NO,3
1910,C.Grandy,00-0039631,2024,CIN,2
1911,C.Gray,00-0039858,2024,TEN,1
1912,C.Gray,00-0039858,2025,TEN,5
1913,C.Green,00-0032204,2016,DAL,2
1914,C.Green,00-0032204,2017,DAL,2
1915,C.Green,00-0032204,2018,LV,1
1916,C.Green,00-0032204,2020,IND,2
1917,C.Hairston,00-0028060,2016,LAC,2
1918,C.Hairston,00-0028060,2017,LAC,1
1919,C.Ham,00-0032918,2020,MIN,1
1920,C.Ham,00-0032918,2021,MIN,2
1921,C.Ham,00-0032918,2024,MIN,2
1922,C.Hamilton,00-0030290,2016,PIT,4
1923,C.Hansen,00-0033840,2017,NYJ,1
1924,C.Harkey,00-0028958,2016,LA,1
1925,C.Harris,00-0028224,2016,DEN,1
1926,C.Harris,00-0028224,2017,DEN,3
1927,C.Harris,00-0028224,2018,DEN,2
1928,C.Harris,00-0028224,2019,DEN,5
1929,C.Harris,00-0028224,2020,LAC,1
1930,C.Harris,00-0028224,2021,LAC,3
1931,C.Harris,00-0028224,2022,NO,4
1932,C.Harris,00-0033880,2017,MIA,1
1933,C.Harris,00-0033880,2018,MIA,3
1934,C.Harris,00-0033880,2019,MIA,1
1935,C.Harris,00-0033880,2020,ATL,2
1936,C.Harris,00-0033880,2021,DET,4
1937,C.Harris,00-0033880,2023,DET,1
1938,C.Harris,00-0037823,2022,HOU,2
1939,C.Harris,00-0037823,2023,HOU,2
1940,C.Harris,00-0037823,2024,HOU,1
1941,C.Harris,00-0037823,2025,HOU,1
1942,C.Harris Jr.,00-0028224,2016,DEN,3
1943,C.Hart,00-0039369,2024,LAC,5
1944,C.Hart,00-0039369,2025,LAC,4
1945,C.Haynes,00-0039839,2024,SEA,2
1946,C.Hayward,00-0029261,2016,LAC,4
1947,C.Hayward,00-0029261,2017,LAC,1
1948,C.Hayward,00-0029261,2018,LAC,3
1949,C.Hayward,00-0029261,2019,LAC,3
1950,C.Hayward,00-0029261,2021,LV,3
1951,C.Hayward Jr.,00-0029261,2020,LAC,1
1952,C.Heck,00-0036195,2021,HOU,2
1953,C.Heck,00-0036195,2023,HOU,1
1954,C.Heck,00-0036195,2024,SF,1
1955,C.Heck,00-0036195,2025,TB,2
1956,C.Henderson,00-0036281,2020,JAX,2
1957,C.Henderson,00-0036281,2021,CAR,1
1958,C.Henderson,00-0036281,2022,CAR,5
1959,C.Henderson,00-0036281,2023,CAR,1
1960,C.Herndon,00-0034766,2018,NYJ,4
1961,C.Herndon,00-0034766,2020,NYJ,1
1962,C.Herndon,00-0034766,2021,MIN,2
1963,C.Heyward,00-0027969,2016,PIT,2
1964,C.Heyward,00-0027969,2017,PIT,3
1965,C.Heyward,00-0027969,2018,PIT,2
1966,C.Heyward,00-0027969,2019,PIT,1
1967,C.Heyward,00-0027969,2020,PIT,3
1968,C.Heyward,00-0027969,2021,PIT,6
1969,C.Heyward,00-0027969,2022,PIT,2
1970,C.Hogan,00-0028237,2016,NE,2
1971,C.Hogan,00-0028237,2017,NE,1
1972,C.Hogan,00-0028237,2018,NE,4
1973,C.Hogan,00-0028237,2020,NYJ,1
1974,C.Holba,00-0033531,2017,JAX,1
1975,C.Holcomb,00-0035286,2019,WAS,1
1976,C.Holcomb,00-0035286,2020,WAS,2
1977,C.Holcomb,00-0035286,2021,WAS,2
1978,C.Holcomb,00-0035286,2023,PIT,1
1979,C.Hollister,00-0033386,2022,TEN,2
1980,C.Holmes,00-0037095,2022,WAS,4
1981,C.Holmes,00-0037095,2023,WAS,5
1982,C.Hubbard,00-0029963,2016,PIT,2
1983,C.Hubbard,00-0029963,2017,PIT,4
1984,C.Hubbard,00-0029963,2018,CLE,1
1985,C.Hubbard,00-0029963,2019,CLE,8
1986,C.Hubbard,00-0029963,2024,NYG,1
1987,C.Hubbard,00-0036555,2021,CAR,1
1988,C.Hubbard,00-0036555,2022,CAR,2
1989,C.Hughlett,00-0029008,2016,CLE,1
1990,C.Hughlett,00-0029008,2018,CLE,1
1991,C.Hughlett,00-0029008,2019,CLE,1
1992,C.Hughlett,00-0029008,2021,CLE,1
1993,C.Hughlett,00-0029008,2025,PHI,1
1994,C.Humphrey,00-0036623,2021,KC,4
1995,C.Humphrey,00-0036623,2022,KC,4
1996,C.Humphrey,00-0036623,2023,KC,6
1997,C.Humphrey,00-0036623,2024,KC,1
1998,C.Humphrey,00-0036623,2025,KC,1
1999,C.Hyde,00-0031045,2016,SF,1
2000,C.Ivory,00-0027531,2016,JAX,1
2001,C.Ivory,00-0027531,2017,JAX,1
2002,C.Izien,00-0038820,2023,TB,6
2003,C.Izien,00-0038820,2024,TB,3
2004,C.Izien,00-0038820,2025,TB,1
2005,C.Jackson,00-0036240,2021,TEN,5
2006,C.Jackson,00-0036240,2022,TEN,1
2007,C.James,00-0030263,2016,HOU,2
2008,C.James,00-0033056,2016,LV,4
2009,C.James,00-0033056,2017,LV,1
2010,C.James,00-0034310,2019,PHI,2
2011,C.Jenkins,00-0021706,2016,WAS,1
2012,C.Johnson,00-0025470,2016,CAR,4
2013,C.Johnson,00-0025470,2017,CAR,1
2014,C.Johnson,00-0029310,2016,CLE,4
2015,C.Johnson,00-0030113,2016,MIN,1
2016,C.Johnson,00-0036254,2020,JAX,1
2017,C.Johnson,00-0036254,2021,NYG,2
2018,C.Johnson,00-0036704,2022,JAX,2
2019,C.Johnson,00-0036704,2023,JAX,1
2020,C.Johnson,00-0039752,2025,CIN,1
2021,C.Johnston,00-0036432,2021,CAR,3
2022,C.Johnston,00-0036432,2022,CIN,2
2023,C.Jones,00-0028664,2017,DAL,1
2024,C.Jones,00-0029585,2017,ARI,2
2025,C.Jones,00-0029585,2018,ARI,2
2026,C.Jones,00-0029585,2019,ARI,2
2027,C.Jones,00-0029585,2020,ARI,1
2028,C.Jones,00-0029585,2021,ARI,4
2029,C.Jones,00-0031130,2017,CHI,2
2030,C.Jones,00-0031130,2018,DET,1
2031,C.Jones,00-0031130,2021,CHI,3
2032,C.Jones,00-0032390,2016,NE,1
2033,C.Jones,00-0032390,2018,BAL,1
2034,C.Jones,00-0032762,2016,KC,8
2035,C.Jones,00-0032762,2017,KC,2
2036,C.Jones,00-0032762,2018,KC,7
2037,C.Jones,00-0032762,2019,KC,9
2038,C.Jones,00-0032762,2020,KC,8
2039,C.Jones,00-0032762,2021,KC,6
2040,C.Jones,00-0032762,2022,KC,4
2041,C.Jones,00-0032762,2023,KC,4
2042,C.Jones,00-0032762,2024,KC,5
2043,C.Jones,00-0032762,2025,KC,7
2044,C.Jones,00-0034641,2019,ARI,2
2045,C.Jones,00-0034641,2020,MIN,2
2046,C.Jones,00-0034641,2021,TEN,1
2047,C.Jones,00-0035553,2019,JAX,1
2048,C.Jones,00-0038513,2025,NYJ,1
2049,C.Jones,00-0039460,2025,BAL,1
2050,C.Jones,00-0039460,2025,CHI,2
2051,C.Jordan,00-0027962,2016,NO,3
2052,C.Jordan,00-0027962,2017,NO,3
2053,C.Jordan,00-0027962,2018,NO,1
2054,C.Jordan,00-0027962,2019,NO,4
2055,C.Jordan,00-0027962,2020,NO,6
2056,C.Jordan,00-0027962,2021,NO,2
2057,C.Jordan,00-0027962,2022,NO,2
2058,C.Jordan,00-0027962,2023,NO,1
2059,C.Jordan,00-0027962,2024,NO,1
2060,C.Jurgens,00-0038112,2023,PHI,2
2061,C.Jurgens,00-0038112,2024,PHI,4
2062,C.Jurgens,00-0038112,2025,PHI,4
2063,C.Kaepernick,00-0027974,2016,SF,1
2064,C.Kancey,00-0039063,2023,TB,2
2065,C.Kancey,00-0039063,2024,TB,5
2066,C.Keenum,00-0028986,2016,LA,3
2067,C.Keenum,00-0028986,2017,MIN,5
2068,C.Keenum,00-0028986,2018,DEN,1
2069,C.Keenum,00-0028986,2023,HOU,1
2070,C.Kessler,00-0033104,2016,CLE,4
2071,C.Kirk,00-0034775,2019,ARI,2
2072,C.Kirk,00-0034775,2021,ARI,2
2073,C.Kirk,00-0034775,2022,JAX,1
2074,C.Kirksey,00-0031361,2016,CLE,4
2075,C.Kirksey,00-0031361,2017,CLE,3
2076,C.Kirksey,00-0031361,2018,CLE,2
2077,C.Kirksey,00-0031361,2020,GB,3
2078,C.Kirksey,00-0031361,2021,HOU,2
2079,C.Kmet,00-0036290,2020,CHI,3
2080,C.Kmet,00-0036290,2021,CHI,4
2081,C.Kmet,00-0036290,2022,CHI,5
2082,C.Kmet,00-0036290,2023,CHI,3
2083,C.Kmet,00-0036290,2024,CHI,4
2084,C.Kmet,00-0036290,2025,CHI,3
2085,C.Kolar,00-0038046,2024,BAL,3
2086,C.Kolar,00-0038046,2025,BAL,2
2087,C.Kouandjio,00-0031335,2016,BUF,1
2088,C.Kreiter,00-0030957,2016,DEN,1
2089,C.Kreiter,00-0030957,2018,DEN,1
2090,C.Kreiter,00-0030957,2022,NYG,1
2091,C.Kreiter,00-0030957,2023,NYG,1
2092,C.Kreiter,00-0030957,2024,NYG,1
2093,C.Kuntz,00-0034051,2022,PIT,1
2094,C.Kuntz,00-0034051,2023,PIT,2
2095,C.Kupp,00-0033908,2017,LA,2
2096,C.Kupp,00-0033908,2019,LA,3
2097,C.Kupp,00-0033908,2023,LA,2
2098,C.Kupp,00-0033908,2025,SEA,1
2099,C.Lamb,00-0036358,2020,DAL,4
2100,C.Lamb,00-0036358,2021,DAL,2
2101,C.Lamb,00-0036358,2022,DAL,3
2102,C.Lamb,00-0036358,2023,DAL,6
2103,C.Lamb,00-0036358,2024,DAL,7
2104,C.Lamb,00-0036358,2025,DAL,3
2105,C.Lammons,00-0034145,2019,MIA,3
2106,C.Lammons,00-0034145,2021,KC,3
2107,C.Lammons,00-0034145,2022,KC,3
2108,C.Lammons,00-0034145,2023,IND,1
2109,C.Lammons,00-0034145,2024,IND,2
2110,C.Lammons,00-0034145,2025,IND,1
2111,C.Lampkin,00-0039780,2024,LA,1
2112,C.Landrum,00-0032905,2016,LAC,1
2113,C.Landrum,00-0032905,2018,LAC,1
2114,C.Latimer,00-0031344,2016,DEN,1
2115,C.Latimer,00-0031344,2017,DEN,1
2116,C.Latimer,00-0031344,2018,NYG,1
2117,C.Latimer,00-0031344,2019,NYG,2
2118,C.Latu,00-0038564,2025,PHI,5
2119,C.Lawson,00-0033463,2017,CIN,7
2120,C.Lawson,00-0033463,2018,CIN,2
2121,C.Lawson,00-0033463,2019,CIN,3
2122,C.Lawson,00-0033463,2020,CIN,5
2123,C.Lawson,00-0033463,2022,NYJ,1
2124,C.Lawson,00-0033463,2024,DAL,2
2125,C.LeBlanc,00-0032581,2016,CHI,2
2126,C.LeBlanc,00-0032581,2017,CHI,1
2127,C.LeBlanc,00-0032581,2018,PHI,2
2128,C.LeBlanc,00-0032581,2019,PHI,1
2129,C.LeBlanc,00-0032581,2020,PHI,2
2130,C.Leno,00-0031095,2016,CHI,5
2131,C.Leno,00-0031095,2017,CHI,9
2132,C.Leno,00-0031095,2019,CHI,12
2133,C.Leno,00-0031095,2020,CHI,7
2134,C.Leno,00-0031095,2021,WAS,2
2135,C.Leno,00-0031095,2022,WAS,5
2136,C.Leno,00-0031095,2023,WAS,8
2137,C.Leno Jr,00-0031095,2018,CHI,6
2138,C.Leno Jr.,00-0031095,2017,CHI,4
2139,C.Levin,00-0033793,2018,TEN,1
2140,C.Levin,00-0033793,2024,TEN,1
2141,C.Lewis,00-0035357,2021,BUF,1
2142,C.Lewis,00-0035357,2022,BUF,1
2143,C.Lewis,00-0035357,2023,BUF,1
2144,C.Lewis,00-0035357,2024,BUF,2
2145,C.Lewis,00-0035357,2025,BUF,3
2146,C.Lindstrom,00-0035630,2019,ATL,1
2147,C.Lindstrom,00-0035630,2020,ATL,1
2148,C.Lindstrom,00-0035630,2021,ATL,1
2149,C.Lindstrom,00-0035630,2022,ATL,3
2150,C.Lindstrom,00-0035630,2023,ATL,5
2151,C.Lindstrom,00-0035630,2024,ATL,8
2152,C.Lindstrom,00-0035630,2025,ATL,5
2153,C.Linsley,00-0031019,2016,GB,1
2154,C.Linsley,00-0031019,2017,GB,2
2155,C.Linsley,00-0031019,2019,GB,2
2156,C.Linsley,00-0031019,2021,LAC,5
2157,C.Linsley,00-0031019,2022,LAC,3
2158,C.Little,00-0039409,2025,JAX,3
2159,C.Littleton,00-0032677,2017,LA,3
2160,C.Littleton,00-0032677,2018,LA,5
2161,C.Littleton,00-0032677,2019,LA,1
2162,C.Littleton,00-0032677,2020,LV,2
2163,C.Littleton,00-0032677,2021,LV,1
2164,C.Littleton,00-0032677,2022,CAR,1
2165,C.Liuget,00-0027956,2016,LAC,3
2166,C.Liuget,00-0027956,2018,LAC,2
2167,C.Liuget,00-0027956,2019,BUF,1
2168,C.Liuget,00-0027956,2019,LV,1
2169,C.Long,00-0026142,2016,NE,2
2170,C.Long,00-0026142,2017,PHI,2
2171,C.Long,00-0026142,2018,PHI,1
2172,C.Loveland,00-0040126,2025,CHI,5
2173,C.Lucas,00-0030725,2016,DET,1
2174,C.Lucas,00-0030725,2017,LA,1
2175,C.Lucas,00-0030725,2021,WAS,1
2176,C.Lucas,00-0030725,2022,WAS,3
2177,C.Lucas,00-0030725,2023,WAS,1
2178,C.Lucas,00-0030725,2024,WAS,2
2179,C.Lucas,00-0030725,2025,CLE,2
2180,C.Lucas,00-0037321,2023,DET,1
2181,C.Lucas,00-0037321,2025,SF,2
2182,C.Lynch,00-0031815,2017,TB,2
2183,C.Lynch,00-0031815,2018,TB,2
2184,C.Mager,00-0032106,2016,LAC,1
2185,C.Maggitt,00-0032361,2016,IND,2
2186,C.Mahogany,00-0039408,2024,DET,1
2187,C.Mahogany,00-0039408,2025,DET,2
2188,C.Malveaux,00-0033403,2018,MIA,1
2189,C.Manhertz,00-0031484,2017,CAR,3
2190,C.Manhertz,00-0031484,2018,CAR,4
2191,C.Manhertz,00-0031484,2019,CAR,2
2192,C.Manhertz,00-0031484,2020,CAR,1
2193,C.Manhertz,00-0031484,2021,JAX,6
2194,C.Manhertz,00-0031484,2022,JAX,3
2195,C.Manhertz,00-0031484,2023,DEN,1
2196,C.Manhertz,00-0031484,2024,NYG,3
2197,C.Manhertz,00-0031484,2025,NYG,1
2198,C.Maragos,00-0027378,2016,PHI,1
2199,C.Marsh,00-0031175,2016,SEA,8
2200,C.Marsh,00-0031175,2017,NE,2
2201,C.Marsh,00-0031175,2017,SF,1
2202,C.Marsh,00-0031175,2018,SF,4
2203,C.Marsh,00-0031175,2019,ARI,3
2204,C.Marsh,00-0031175,2021,CHI,1
2205,C.Matthew,00-0037747,2022,ARI,3
2206,C.Matthew,00-0037747,2023,ARI,1
2207,C.Matthews,00-0027002,2016,GB,2
2208,C.Matthews,00-0027002,2017,GB,3
2209,C.Matthews,00-0027002,2018,GB,4
2210,C.Matthews,00-0027002,2019,LA,3
2211,C.Mauch,00-0039157,2023,TB,4
2212,C.Mauch,00-0039157,2024,TB,2
2213,C.Mauch,00-0039157,2025,TB,1
2214,C.Mays,00-0037297,2023,CAR,4
2215,C.Mays,00-0037297,2024,CAR,4
2216,C.Mays,00-0037297,2025,CAR,3
2217,C.Mazza,00-0034917,2020,LAC,3
2218,C.McCaffrey,00-0033280,2023,SF,1
2219,C.McCain,00-0031208,2016,NO,1
2220,C.McCain,00-0031208,2017,LAC,2
2221,C.McCoy,00-0027688,2022,ARI,1
2222,C.McDermott,00-0033300,2020,NYJ,1
2223,C.McDermott,00-0033300,2021,NYJ,1
2224,C.McDermott,00-0033300,2022,NE,2
2225,C.McDermott,00-0033300,2022,NYJ,2
2226,C.McDermott,00-0033300,2023,NE,3
2227,C.McDonald,00-0026964,2016,TB,1
2228,C.McDonald,00-0026964,2017,TB,2
2229,C.McDonald,00-0026964,2018,LV,1
2230,C.McDonald,00-0026964,2019,ARI,1
2231,C.McDonald,00-0040118,2025,KC,1
2232,C.McGovern,00-0033011,2017,DEN,3
2233,C.McGovern,00-0033011,2018,DEN,6
2234,C.McGovern,00-0033011,2020,NYJ,2
2235,C.McGovern,00-0033011,2021,NYJ,3
2236,C.McGovern,00-0033011,2022,NYJ,3
2237,C.McGovern,00-0033011,2023,NYJ,3
2238,C.McGovern,00-0033011,2024,NO,2
2239,C.McGovern,00-0035679,2020,DAL,1
2240,C.McGovern,00-0035679,2021,DAL,2
2241,C.McGovern,00-0035679,2022,DAL,1
2242,C.McGovern,00-0035679,2023,BUF,3
2243,C.McGovern,00-0035679,2024,BUF,2
2244,C.McGovern,00-0035679,2025,BUF,3
2245,C.McGrone,00-0036644,2024,IND,1
2246,C.McKinzy,00-0032751,2019,WAS,1
2247,C.McKivitz,00-0036256,2021,SF,1
2248,C.McKivitz,00-0036256,2023,SF,1
2249,C.McKivitz,00-0036256,2024,SF,5
2250,C.McKivitz,00-0036256,2025,SF,5
2251,C.McLaughlin,00-0035358,2025,TB,1
2252,C.Meredith,00-0031912,2016,CHI,3
2253,C.Michael,00-0030432,2016,SEA,1
2254,C.Milton,00-0032353,2016,IND,1
2255,C.Milton,00-0032353,2017,IND,4
2256,C.Milton,00-0032353,2018,IND,3
2257,C.Mitchell,00-0038585,2023,CLE,1
2258,C.Mitchell,00-0038585,2024,CLE,1
2259,C.Mitchell,00-0038585,2025,CLE,1
2260,C.Moore,00-0032050,2016,HOU,2
2261,C.Moore,00-0032050,2017,HOU,1
2262,C.Moore,00-0032050,2018,IND,1
2263,C.Moore,00-0032398,2017,BAL,1
2264,C.Moore,00-0032398,2018,BAL,2
2265,C.Moore,00-0032398,2019,BAL,1
2266,C.Moore,00-0032398,2021,HOU,2
2267,C.Moore,00-0035327,2019,DET,2
2268,C.Moore,00-0035327,2020,DET,1
2269,C.Mosley,00-0031296,2016,BAL,6
2270,C.Mosley,00-0031296,2017,BAL,2
2271,C.Mosley,00-0031296,2021,NYJ,4
2272,C.Mosley,00-0031296,2022,NYJ,4
2273,C.Mosley,00-0031296,2023,NYJ,4
2274,C.Muma,00-0037811,2023,JAX,1
2275,C.Muma,00-0037811,2024,JAX,1
2276,C.Munnerlyn,00-0026944,2016,MIN,2
2277,C.Munnerlyn,00-0026944,2018,CAR,2
2278,C.Munson,00-0033716,2017,NYG,1
2279,C.Munson,00-0033716,2020,MIA,1
2280,C.Munson,00-0033716,2021,NE,1
2281,C.Murphy,00-0038851,2023,TEN,1
2282,C.Myarick,00-0035345,2022,NYG,1
2283,C.Nassib,00-0033129,2017,CLE,5
2284,C.Nassib,00-0033129,2018,TB,3
2285,C.Nassib,00-0033129,2019,TB,3
2286,C.Nassib,00-0033129,2022,TB,1
2287,C.Nelson,00-0031350,2016,DEN,2
2288,C.Newton,00-0027939,2016,CAR,6
2289,C.Newton,00-0027939,2017,CAR,4
2290,C.Newton,00-0027939,2018,CAR,5
2291,C.Newton,00-0027939,2021,CAR,1
2292,C.O'Donnell,00-0035853,2023,ARI,3
2293,C.Ogbuehi,00-0032233,2016,CIN,2
2294,C.Ogbuehi,00-0032233,2017,CIN,1
2295,C.Ogbuehi,00-0032233,2018,CIN,1
2296,C.Ogbuehi,00-0032233,2019,JAX,1
2297,C.Ogbuehi,00-0032233,2020,SEA,1
2298,C.Ogbuehi,00-0032233,2022,NYJ,2
2299,C.Okonkwo,00-0037809,2022,TEN,3
2300,C.Okonkwo,00-0037809,2023,TEN,4
2301,C.Okonkwo,00-0037809,2024,TEN,3
2302,C.Okonkwo,00-0037809,2025,TEN,3
2303,C.Okorafor,00-0034768,2018,PIT,1
2304,C.Okorafor,00-0034768,2019,PIT,1
2305,C.Okorafor,00-0034768,2020,PIT,5
2306,C.Okorafor,00-0034768,2021,PIT,8
2307,C.Okorafor,00-0034768,2022,PIT,3
2308,C.Okorafor,00-0034768,2023,PIT,3
2309,C.Olave,00-0037239,2022,NO,1
2310,C.Olave,00-0037239,2023,NO,2
2311,C.Olave,00-0037239,2024,NO,1
2312,C.Olave,00-0037239,2025,NO,3
2313,C.Omenihu,00-0035279,2019,HOU,2
2314,C.Omenihu,00-0035279,2020,HOU,2
2315,C.Omenihu,00-0035279,2021,HOU,1
2316,C.Omenihu,00-0035279,2021,SF,2
2317,C.Omenihu,00-0035279,2022,SF,3
2318,C.Omenihu,00-0035279,2023,KC,1
2319,C.Omenihu,00-0035279,2024,KC,2
2320,C.Omenihu,00-0035279,2025,KC,5
2321,C.Otton,00-0038129,2022,TB,3
2322,C.Otton,00-0038129,2023,TB,3
2323,C.Otton,00-0038129,2024,TB,4
2324,C.Otton,00-0038129,2025,TB,5
2325,C.Palmer,00-0021429,2016,ARI,7
2326,C.Palmer,00-0021429,2017,ARI,1
2327,C.Parkinson,00-0036244,2021,SEA,1
2328,C.Parkinson,00-0036244,2022,SEA,2
2329,C.Parkinson,00-0036244,2023,SEA,5
2330,C.Parkinson,00-0036244,2024,LA,4
2331,C.Parkinson,00-0036244,2025,LA,2
2332,C.Patterson,00-0030578,2016,MIN,3
2333,C.Patterson,00-0030578,2017,LV,1
2334,C.Patterson,00-0030578,2018,NE,2
2335,C.Patterson,00-0030578,2019,CHI,3
2336,C.Patterson,00-0030578,2020,CHI,3
2337,C.Patterson,00-0030578,2024,PIT,2
2338,C.Paul,00-0037092,2022,WAS,1
2339,C.Paul,00-0037092,2023,WAS,1
2340,C.Paul,00-0037092,2025,WAS,2
2341,C.Peake,00-0032959,2018,NYJ,1
2342,C.Peters,00-0027686,2016,ARI,2
2343,C.Peters,00-0027686,2017,ARI,2
2344,C.Peters,00-0027686,2019,ARI,3
2345,C.Peters,00-0027686,2020,ARI,1
2346,C.Peters,00-0027686,2021,ARI,1
2347,C.Peters,00-0027686,2022,JAX,1
2348,C.Phillips,00-0033693,2017,JAX,1
2349,C.Phillips,00-0033693,2018,IND,2
2350,C.Phillips,00-0033693,2019,WAS,1
2351,C.Phillips,00-0038568,2023,ATL,6
2352,C.Prosinski,00-0028059,2016,CHI,1
2353,C.Pryor,00-0031343,2016,NYJ,4
2354,C.Ravenell,00-0039332,2025,TEN,1
2355,C.Reavis,00-0034526,2018,JAX,2
2356,C.Reed,00-0031734,2016,JAX,1
2357,C.Reed,00-0031734,2017,JAX,2
2358,C.Reed,00-0031734,2018,JAX,3
2359,C.Reed,00-0031734,2019,MIA,2
2360,C.Reed,00-0031734,2020,CAR,2
2361,C.Reed,00-0031734,2021,IND,3
2362,C.Reid,00-0031071,2016,LAC,1
2363,C.Reid,00-0031071,2019,ARI,1
2364,C.Reynolds,00-0028795,2016,LA,2
2365,C.Reynolds,00-0035567,2023,DET,1
2366,C.Reynolds,00-0035567,2025,DET,1
2367,C.Ridley,00-0034837,2019,ATL,3
2368,C.Ridley,00-0034837,2020,ATL,3
2369,C.Ridley,00-0034837,2021,ATL,2
2370,C.Ridley,00-0034837,2023,JAX,3
2371,C.Riggs,00-0032041,2016,TEN,1
2372,C.Riley,00-0032042,2018,NYG,1
2373,C.Riley,00-0032042,2019,LV,4
2374,C.Ringo,00-0031615,2018,CIN,1
2375,C.Ringo,00-0031615,2021,NO,1
2376,C.Robertson,00-0028834,2016,NO,1
2377,C.Robertson,00-0028834,2017,NO,2
2378,C.Robertson,00-0028834,2018,NO,2
2379,C.Robertson,00-0028834,2019,NO,1
2380,C.Robinson,00-0031627,2016,DET,1
2381,C.Robinson,00-0031627,2017,DET,3
2382,C.Robinson,00-0031627,2018,JAX,2
2383,C.Robinson,00-0033889,2017,JAX,10
2384,C.Robinson,00-0033889,2018,JAX,2
2385,C.Robinson,00-0033889,2019,JAX,10
2386,C.Robinson,00-0033889,2020,JAX,5
2387,C.Robinson,00-0033889,2021,JAX,4
2388,C.Robinson,00-0033889,2022,JAX,7
2389,C.Robinson,00-0033889,2023,JAX,2
2390,C.Robinson,00-0033889,2024,JAX,2
2391,C.Robinson,00-0033889,2024,MIN,9
2392,C.Robinson,00-0033889,2025,CLE,8
2393,C.Robinson,00-0033889,2025,HOU,1
2394,C.Robinson,00-0039911,2024,MIA,3
2395,C.Robinson,00-0039911,2025,MIA,2
2396,C.Rodriguez,00-0038611,2025,WAS,1
2397,C.Rogers,00-0032355,2016,IND,4
2398,C.Rogers,00-0032355,2017,IND,3
2399,C.Rogers,00-0032355,2018,IND,4
2400,C.Rogers,00-0032355,2019,IND,1
2401,C.Rogers,00-0032355,2021,TEN,3
2402,C.Rogers,00-0040150,2025,LV,1
2403,C.Roland-Wallace,00-0039324,2024,KC,1
2404,C.Roland-Wallace,00-0039324,2025,KC,1
2405,C.Roullier,00-0033529,2018,WAS,2
2406,C.Roullier,00-0033529,2019,WAS,1
2407,C.Roullier,00-0033529,2020,WAS,3
2408,C.Roullier,00-0033529,2021,WAS,1
2409,C.Rozeboom,00-0035942,2022,LA,1
2410,C.Rozeboom,00-0035942,2024,LA,2
2411,C.Rozeboom,00-0035942,2025,CAR,1
2412,C.Ruiz,00-0036408,2020,NO,2
2413,C.Ruiz,00-0036408,2022,NO,3
2414,C.Ruiz,00-0036408,2023,NO,1
2415,C.Ruiz,00-0036408,2024,NO,1
2416,C.Ruiz,00-0036408,2025,NO,4
2417,C.Rumph,00-0036867,2021,LAC,2
2418,C.Rumph,00-0036867,2025,NO,4
2419,C.Rush,00-0033662,2022,DAL,1
2420,C.Russell,00-0036434,2021,JAX,1
2421,C.Ryland,00-0038567,2025,ARI,3
2422,C.Sample,00-0036850,2021,CIN,1
2423,C.Sample,00-0036850,2022,CIN,1
2424,C.Sample,00-0036850,2025,CIN,1
2425,C.Samuel,00-0033282,2017,CAR,2
2426,C.Samuel,00-0033282,2018,CAR,2
2427,C.Samuel,00-0033282,2019,CAR,2
2428,C.Samuel,00-0033282,2020,CAR,2
2429,C.Samuel,00-0033282,2022,WAS,1
2430,C.Santos,00-0031203,2025,CHI,4
2431,C.Schmidt,00-0030551,2016,BUF,1
2432,C.Schwesinger,00-0040579,2025,CLE,1
2433,C.Scott,00-0027750,2016,CAR,1
2434,C.Sensabaugh,00-0029529,2016,LA,1
2435,C.Sensabaugh,00-0029529,2016,NYG,1
2436,C.Sensabaugh,00-0029529,2018,PIT,1
2437,C.Sensabaugh,00-0029529,2019,DEN,1
2438,C.Shelton,00-0034114,2022,LA,4
2439,C.Shelton,00-0034114,2023,LA,5
2440,C.Shelton,00-0034114,2024,CHI,3
2441,C.Shelton,00-0034114,2025,LA,3
2442,C.Sims,00-0034104,2020,WAS,1
2443,C.Sims,00-0034104,2022,WAS,1
2444,C.Skattebo,00-0040715,2025,NYG,1
2445,C.Smith,00-0031264,2017,CIN,2
2446,C.Smith,00-0039133,2024,MIA,3
2447,C.Smith-Wade,00-0039380,2024,CAR,4
2448,C.Smith-Wade,00-0039380,2025,CAR,1
2449,C.Smyth,00-0039229,2025,NO,1
2450,C.Snowden,00-0036711,2024,LV,3
2451,C.Snowden,00-0036711,2025,LV,3
2452,C.Sorsdal,00-0038592,2023,DET,1
2453,C.Sterns,00-0036633,2021,DEN,1
2454,C.Stoll,00-0038769,2025,SEA,1
2455,C.Stover,00-0039359,2024,HOU,5
2456,C.Stover,00-0039359,2025,HOU,2
2457,C.Strachan,00-0035373,2021,HOU,2
2458,C.Strange,00-0038103,2022,NE,5
2459,C.Strange,00-0038103,2023,NE,2
2460,C.Strange,00-0038103,2024,NE,1
2461,C.Strange,00-0038103,2025,MIA,2
2462,C.Stroud,00-0039163,2023,HOU,2
2463,C.Stroud,00-0039163,2024,HOU,1
2464,C.Stroud,00-0039163,2025,HOU,2
2465,C.Sturgis,00-0030390,2018,LAC,1
2466,C.Sullivan,00-0034468,2020,GB,3
2467,C.Sullivan,00-0034468,2021,GB,3
2468,C.Sullivan,00-0034468,2022,MIN,4
2469,C.Sullivan,00-0034468,2023,PIT,3
2470,C.Surratt,00-0037003,2023,NYJ,1
2471,C.Surratt,00-0037003,2025,SEA,1
2472,C.Sutton,00-0033930,2019,PIT,1
2473,C.Sutton,00-0033930,2020,PIT,1
2474,C.Sutton,00-0033930,2021,PIT,4
2475,C.Sutton,00-0033930,2022,PIT,4
2476,C.Sutton,00-0033930,2023,DET,5
2477,C.Sutton,00-0034348,2018,DEN,6
2478,C.Sutton,00-0034348,2021,DEN,5
2479,C.Sutton,00-0034348,2022,DEN,5
2480,C.Sutton,00-0034348,2023,DEN,6
2481,C.Sutton,00-0034348,2024,DEN,1
2482,C.Tankersley,00-0033462,2017,MIA,2
2483,C.Tankersley,00-0033462,2018,MIA,1
2484,C.Taylor-Britt,00-0037753,2022,CIN,3
2485,C.Taylor-Britt,00-0037753,2023,CIN,3
2486,C.Taylor-Britt,00-0037753,2024,CIN,9
2487,C.Taylor-Britt,00-0037753,2025,CIN,4
2488,C.Thomas,00-0027745,2016,LA,2
2489,C.Thomas,00-0034770,2019,CLE,2
2490,C.Thomas,00-0037815,2022,ARI,1
2491,C.Thomas,00-0037815,2023,ARI,1
2492,C.Thomas,00-0037815,2025,CLE,3
2493,C.Thompson,00-0033720,2021,CAR,1
2494,C.Thompson,00-0033855,2017,HOU,2
2495,C.Thornton,00-0028424,2016,DAL,2
2496,C.Thornton,00-0028424,2017,BUF,1
2497,C.Thornton,00-0040296,2025,CAR,1
2498,C.Throckmorton,00-0035764,2021,NO,4
2499,C.Throckmorton,00-0035764,2022,NO,5
2500,C.Throckmorton,00-0035764,2023,CAR,1
2501,C.Throckmorton,00-0035764,2023,TEN,1
2502,C.Tillman,00-0038979,2023,CLE,1
2503,C.Tillman,00-0038979,2025,CLE,2
2504,C.Tindall,00-0037813,2023,MIA,1
2505,C.Tindall,00-0037813,2024,MIA,1
2506,C.Tinker,00-0029959,2016,JAX,3
2507,C.Tinker,00-0029959,2018,JAX,1
2508,C.Tinker,00-0029959,2022,SEA,2
2509,C.Tom,00-0033505,2018,NO,1
2510,C.Toohill,00-0036403,2021,WAS,1
2511,C.Trice,00-0038639,2024,PIT,2
2512,C.Turner,00-0037078,2022,WAS,1
2513,C.Upshaw,00-0029252,2016,ATL,2
2514,C.Upshaw,00-0029252,2017,ATL,1
2515,C.Uzomah,00-0032134,2016,CIN,2
2516,C.Uzomah,00-0032134,2017,CIN,2
2517,C.Uzomah,00-0032134,2018,CIN,4
2518,C.Uzomah,00-0032134,2019,CIN,1
2519,C.Uzomah,00-0032134,2020,CIN,1
2520,C.Uzomah,00-0032134,2022,NYJ,1
2521,C.Uzomah,00-0032134,2023,NYJ,2
2522,C.Uzomah,00-0032134,2024,PHI,1
2523,C.Valentine,00-0038408,2023,GB,2
2524,C.Valentine,00-0038408,2024,GB,2
2525,C.Valentine,00-0038408,2025,GB,2
2526,C.Van Lanen,00-0036655,2024,JAX,2
2527,C.Van Lanen,00-0036655,2025,JAX,4
2528,C.Volson,00-0038095,2022,CIN,6
2529,C.Volson,00-0038095,2023,CIN,2
2530,C.Volson,00-0038095,2024,CIN,6
2531,C.Wake,00-0023368,2016,MIA,4
2532,C.Wake,00-0023368,2017,MIA,5
2533,C.Wake,00-0023368,2018,MIA,2
2534,C.Walford,00-0032256,2016,LV,7
2535,C.Walford,00-0032256,2019,MIA,2
2536,C.Wallace,00-0039863,2024,NE,3
2537,C.Ward,00-0034573,2018,KC,4
2538,C.Ward,00-0034573,2019,KC,8
2539,C.Ward,00-0034573,2020,KC,9
2540,C.Ward,00-0034573,2021,KC,3
2541,C.Ward,00-0034573,2022,SF,5
2542,C.Ward,00-0034573,2023,SF,6
2543,C.Ward,00-0034573,2024,SF,3
2544,C.Ward,00-0034573,2025,IND,2
2545,C.Ward,00-0040676,2025,TEN,1
2546,C.Warmack,00-0030593,2017,PHI,2
2547,C.Warren,00-0039004,2023,NYJ,2
2548,C.Warren,00-0039004,2024,NYJ,1
2549,C.Washington,00-0030048,2016,CHI,4
2550,C.Washington,00-0032560,2019,ARI,2
2551,C.Watkins,00-0033563,2017,HOU,1
2552,C.Watkins,00-0033563,2020,HOU,2
2553,C.Watkins,00-0033563,2021,DAL,1
2554,C.Watkins,00-0033563,2022,DAL,2
2555,C.Watson,00-0038124,2023,GB,2
2556,C.Watson,00-0038124,2024,GB,2
2557,C.Watson,00-0038124,2025,GB,1
2558,C.Wentz,00-0032950,2016,PHI,4
2559,C.Wentz,00-0032950,2017,PHI,3
2560,C.Wentz,00-0032950,2018,PHI,1
2561,C.Wentz,00-0032950,2020,PHI,1
2562,C.Wentz,00-0032950,2021,IND,1
2563,C.Wentz,00-0032950,2022,WAS,3
2564,C.Wentz,00-0032950,2025,MIN,2
2565,C.West,00-0030668,2016,KC,1
2566,C.West,00-0030668,2017,KC,2
2567,C.Westerman,00-0033039,2018,CIN,1
2568,C.Westry,00-0035422,2021,BAL,1
2569,C.Wheeler,00-0033744,2018,NYG,3
2570,C.White,00-0029658,2016,BUF,2
2571,C.White,00-0035891,2021,PIT,1
2572,C.Whitehair,00-0032768,2016,CHI,5
2573,C.Whitehair,00-0032768,2017,CHI,8
2574,C.Whitehair,00-0032768,2018,CHI,3
2575,C.Whitehair,00-0032768,2019,CHI,3
2576,C.Whitehair,00-0032768,2021,CHI,5
2577,C.Whitehair,00-0032768,2023,CHI,3
2578,C.Whitehair,00-0032768,2024,LV,1
2579,C.Wichmann,00-0032247,2016,LA,2
2580,C.Wilkins,00-0035231,2019,MIA,3
2581,C.Wilkins,00-0035231,2020,MIA,1
2582,C.Wilkins,00-0035231,2022,MIA,3
2583,C.Wilkins,00-0035231,2023,MIA,7
2584,C.Williams,00-0033933,2017,ARI,1
2585,C.Williams,00-0034352,2018,DAL,6
2586,C.Williams,00-0034352,2019,DAL,5
2587,C.Williams,00-0034352,2020,DAL,5
2588,C.Williams,00-0034352,2021,DAL,14
2589,C.Williams,00-0034352,2022,MIA,5
2590,C.Williams,00-0034352,2023,MIA,6
2591,C.Williams,00-0034352,2024,SEA,4
2592,C.Williams,00-0039918,2024,CHI,1
2593,C.Williams,00-0039918,2025,CHI,5
2594,C.Wilson,00-0034418,2019,DAL,1
2595,C.Wilson,00-0034418,2020,DAL,1
2596,C.Wilson,00-0034418,2021,DAL,1
2597,C.Wilson,00-0034418,2023,MIA,2
2598,C.Wilson,00-0034418,2024,NO,1
2599,C.Wilson,00-0034418,2025,MIA,1
2600,C.Wilson,00-0035320,2020,PHI,1
2601,C.Winovich,00-0035654,2020,NE,2
2602,C.Winovich,00-0035654,2021,NE,1
2603,C.Winovich,00-0035654,2022,CLE,1
2604,C.Woerner,00-0036429,2021,SF,1
2605,C.Woerner,00-0036429,2022,SF,2
2606,C.Woerner,00-0036429,2023,SF,1
2607,C.Woerner,00-0036429,2024,ATL,1
2608,C.Wooden,00-0038387,2024,GB,1
2609,C.Wooden,00-0038387,2025,GB,1
2610,C.Woods,00-0039770,2024,LA,1
2611,C.Woods,00-0039770,2025,NE,1
2612,C.Woodson,00-0040716,2025,NE,1
2613,C.Wooten,00-0037560,2022,CAR,1
2614,C.Wooten,00-0037560,2023,CAR,2
2615,C.Wormley,00-0033913,2018,BAL,1
2616,C.Yankoff,00-0039686,2025,WAS,2
2617,C.York,00-0038097,2024,CIN,1
2618,C.York,00-0038097,2024,WAS,1
2619,C.Young,00-0036321,2020,WAS,3
2620,C.Young,00-0036321,2021,WAS,4
2621,C.Young,00-0036321,2023,WAS,3
2622,C.Young,00-0036321,2024,NO,3
2623,C.Young,00-0036321,2025,NO,2
2624,C.Zavala,00-0038536,2023,CAR,3
2625,C.Zavala,00-0038536,2024,CAR,2
2626,C.Zavala,00-0038536,2025,CAR,3
2627,Ca. Davis,00-0031938,2021,NE,2
2628,Ca.Davis,00-0031938,2022,NE,3
2629,Ca.Heyward,00-0027969,2024,PIT,1
2630,Ca.Heyward,00-0027969,2025,PIT,4
2631,Ca.Jones,00-0038513,2023,KC,2
2632,Ca.Young,00-0038572,2023,SEA,1
2633,Ch.Johnson,00-0025470,2017,CAR,3
2634,Ch.Jones,00-0029585,2016,ARI,1
2635,Ch.Williams,00-0035857,2024,CHI,1
2636,Cha.Jones,00-0029585,2018,ARI,1
2637,Cha.Jones,00-0029585,2019,ARI,4
2638,Cn.Covington,00-0031619,2019,DAL,1
2639,Co.Davis,00-0029764,2017,LA,1
2640,Co.Davis,00-0029764,2019,JAX,1
2641,Co.Davis,00-0029764,2021,NE,1
2642,Co.Davis,00-0029764,2022,NE,1
2643,Co.Heyward,00-0037304,2022,PIT,1
2644,Co.Heyward,00-0037304,2023,PIT,4
2645,Co.Heyward,00-0037304,2024,PIT,5
2646,Co.Heyward,00-0037304,2025,PIT,1
2647,D Jones,00-0030576,2017,SF,1
2648,D. Thomas,00-0027874,2017,DEN,2
2649,D.Achane,00-0039040,2025,MIA,1
2650,D.Adams,00-0031381,2016,GB,4
2651,D.Adams,00-0031381,2018,GB,2
2652,D.Adams,00-0031381,2019,GB,3
2653,D.Adams,00-0031381,2020,GB,2
2654,D.Adams,00-0031381,2021,GB,2
2655,D.Adams,00-0031381,2022,LV,2
2656,D.Adams,00-0031381,2023,LV,1
2657,D.Adams,00-0031381,2024,NYJ,1
2658,D.Adams,00-0031381,2025,LA,1
2659,D.Alexander,00-0031950,2016,KC,1
2660,D.Alexander,00-0031950,2017,SEA,1
2661,D.Alexander,00-0031950,2018,PHI,2
2662,D.Alexander,00-0031950,2019,JAX,1
2663,D.Alexander,00-0032983,2016,CLE,2
2664,D.Alford,00-0037034,2022,ATL,1
2665,D.Alford,00-0037034,2023,ATL,4
2666,D.Alford,00-0037034,2025,ATL,4
2667,D.Allen,00-0029689,2016,IND,3
2668,D.Allen,00-0029689,2017,NE,3
2669,D.Allen,00-0029689,2018,NE,1
2670,D.Allen,00-0035670,2020,JAX,1
2671,D.Allen,00-0035670,2021,JAX,1
2672,D.Allen,00-0035670,2022,CLE,1
2673,D.Allen,00-0039074,2023,LA,2
2674,D.Allen,00-0039074,2024,LA,2
2675,D.Allen,00-0039074,2025,LA,3
2676,D.Amendola,00-0026035,2016,NE,1
2677,D.Amendola,00-0026035,2017,NE,2
2678,D.Amendola,00-0026035,2018,MIA,2
2679,D.Amendola,00-0026035,2019,DET,1
2680,D.Amendola,00-0026035,2020,DET,3
2681,D.Amendola,00-0026035,2021,HOU,1
2682,D.Amerson,00-0030420,2016,LV,7
2683,D.Amerson,00-0030420,2018,ARI,2
2684,D.Andrews,00-0031852,2016,NE,6
2685,D.Andrews,00-0031852,2017,NE,2
2686,D.Andrews,00-0031852,2018,NE,4
2687,D.Andrews,00-0031852,2020,NE,1
2688,D.Andrews,00-0031852,2021,NE,2
2689,D.Andrews,00-0031852,2022,NE,1
2690,D.Anthony,00-0039414,2024,CIN,2
2691,D.Anthony,00-0039414,2025,CIN,1
2692,D.Armstrong,00-0034373,2018,DAL,1
2693,D.Armstrong,00-0034373,2019,DAL,1
2694,D.Armstrong,00-0034373,2021,DAL,1
2695,D.Armstrong,00-0034373,2022,DAL,2
2696,D.Armstrong,00-0034373,2023,DAL,1
2697,D.Armstrong,00-0034373,2024,WAS,3
2698,D.Arnette,00-0036359,2020,LV,3
2699,D.Arnold,00-0034011,2019,ARI,1
2700,D.Arnold,00-0034011,2020,ARI,7
2701,D.Arnold,00-0034011,2021,JAX,2
2702,D.Arnold,00-0034011,2022,JAX,2
2703,D.Asiasi,00-0036194,2020,NE,1
2704,D.Asiasi,00-0036194,2022,CIN,3
2705,D.Autry,00-0031254,2016,LV,1
2706,D.Autry,00-0031254,2017,LV,5
2707,D.Autry,00-0031254,2018,IND,5
2708,D.Autry,00-0031254,2019,IND,3
2709,D.Autry,00-0031254,2020,IND,4
2710,D.Autry,00-0031254,2021,TEN,2
2711,D.Autry,00-0031254,2022,TEN,1
2712,D.Autry,00-0031254,2023,TEN,2
2713,D.Autry,00-0031254,2025,HOU,3
2714,D.Baker,00-0035684,2019,NYG,8
2715,D.Baker,00-0035684,2021,KC,2
2716,D.Baker,00-0037549,2023,IND,2
2717,D.Baker,00-0037549,2024,TEN,4
2718,D.Baker,00-0037549,2025,TEN,3
2719,D.Bakhtiari,00-0030074,2016,GB,5
2720,D.Bakhtiari,00-0030074,2017,GB,2
2721,D.Bakhtiari,00-0030074,2018,GB,4
2722,D.Bakhtiari,00-0030074,2019,GB,12
2723,D.Bakhtiari,00-0030074,2020,GB,4
2724,D.Bakhtiari,00-0030074,2022,GB,4
2725,D.Baldwin,00-0028434,2016,SEA,2
2726,D.Baldwin,00-0028434,2017,SEA,1
2727,D.Baldwin,00-0028434,2018,SEA,2
2728,D.Banks,00-0039000,2023,NYG,4
2729,D.Banks,00-0039000,2024,NYG,5
2730,D.Banks,00-0039000,2025,NYG,4
2731,D.Barclay,00-0029187,2016,GB,3
2732,D.Barclay,00-0029187,2017,DET,3
2733,D.Barnes,00-0036964,2022,DET,1
2734,D.Barnett,00-0033876,2017,PHI,4
2735,D.Barnett,00-0033876,2018,PHI,2
2736,D.Barnett,00-0033876,2019,PHI,9
2737,D.Barnett,00-0033876,2020,PHI,3
2738,D.Barnett,00-0033876,2021,PHI,8
2739,D.Barnett,00-0033876,2024,HOU,3
2740,D.Barnett,00-0033876,2025,HOU,3
2741,D.Bass,00-0030517,2016,TEN,1
2742,D.Bass,00-0030517,2017,NYJ,1
2743,D.Bass,00-0030517,2017,SEA,1
2744,D.Bates,00-0029794,2016,LV,4
2745,D.Bates,00-0029794,2017,TEN,5
2746,D.Bates,00-0029794,2018,TEN,1
2747,D.Bates,00-0029794,2019,TEN,3
2748,D.Bates,00-0029794,2020,TEN,1
2749,D.Bausby,00-0031991,2016,CHI,3
2750,D.Bausby,00-0031991,2018,PHI,2
2751,D.Bausby,00-0031991,2019,DEN,1
2752,D.Bausby,00-0031991,2020,DEN,2
2753,D.Bellinger,00-0038115,2022,NYG,2
2754,D.Bellinger,00-0038115,2023,NYG,6
2755,D.Bellinger,00-0038115,2024,NYG,4
2756,D.Bellinger,00-0038115,2025,NYG,3
2757,D.Belton,00-0038123,2022,NYG,2
2758,D.Belton,00-0038123,2025,NYG,3
2759,D.Bland,00-0037275,2022,DAL,4
2760,D.Bland,00-0037275,2023,DAL,6
2761,D.Bland,00-0037275,2024,DAL,1
2762,D.Bond,00-0032789,2017,TB,4
2763,D.Bond,00-0032789,2018,TB,1
2764,D.Bond,00-0032789,2019,TB,1
2765,D.Bond,00-0033256,2017,IND,1
2766,D.Booker,00-0032972,2016,DEN,1
2767,D.Booker,00-0032972,2017,DEN,1
2768,D.Booker,00-0032972,2019,DEN,1
2769,D.Booker,00-0032972,2020,LV,1
2770,D.Booker,00-0032972,2021,NYG,2
2771,D.Bootle,00-0036678,2023,CAR,1
2772,D.Breaux,00-0031474,2016,NO,4
2773,D.Brees,00-0020531,2016,NO,11
2774,D.Brees,00-0020531,2017,NO,6
2775,D.Brees,00-0020531,2018,NO,3
2776,D.Brees,00-0020531,2019,NO,1
2777,D.Brees,00-0020531,2020,NO,1
2778,D.Brown,00-0026166,2016,HOU,1
2779,D.Brown,00-0026166,2017,HOU,1
2780,D.Brown,00-0026166,2017,SEA,3
2781,D.Brown,00-0026166,2018,SEA,1
2782,D.Brown,00-0026166,2019,SEA,3
2783,D.Brown,00-0026166,2020,SEA,1
2784,D.Brown,00-0026166,2021,SEA,5
2785,D.Brown,00-0026166,2022,NYJ,6
2786,D.Brown,00-0032098,2017,CHI,2
2787,D.Brown,00-0032098,2019,NYJ,1
2788,D.Brown,00-0032098,2020,NYJ,1
2789,D.Brown,00-0032098,2021,NYJ,1
2790,D.Brown,00-0036220,2020,CAR,9
2791,D.Brown,00-0036220,2021,CAR,3
2792,D.Brown,00-0036220,2022,CAR,4
2793,D.Brown,00-0036220,2025,CAR,3
2794,D.Brown,00-0036626,2023,WAS,3
2795,D.Brown,00-0036626,2024,WAS,3
2796,D.Brown,00-0036626,2025,JAX,2
2797,D.Brunskill,00-0033221,2019,SF,1
2798,D.Brunskill,00-0033221,2020,SF,5
2799,D.Brunskill,00-0033221,2021,SF,2
2800,D.Brunskill,00-0033221,2023,TEN,1
2801,D.Brunskill,00-0033221,2024,TEN,2
2802,D.Bryant,00-0027902,2017,DAL,1
2803,D.Bryant,00-0027902,2020,BAL,2
2804,D.Bucannon,00-0031366,2016,ARI,1
2805,D.Bucannon,00-0031366,2017,ARI,1
2806,D.Bucannon,00-0031366,2018,ARI,3
2807,D.Buckner,00-0032378,2016,SF,2
2808,D.Buckner,00-0032378,2017,SF,4
2809,D.Buckner,00-0032378,2018,SF,4
2810,D.Buckner,00-0032378,2019,SF,3
2811,D.Buckner,00-0032378,2020,IND,2
2812,D.Buckner,00-0032378,2022,IND,3
2813,D.Buckner,00-0032378,2023,IND,5
2814,D.Buckner,00-0032378,2024,IND,1
2815,D.Burke,00-0040195,2025,ARI,5
2816,D.Burton,00-0033222,2018,HOU,1
2817,D.Bush,00-0032774,2018,CHI,3
2818,D.Bush,00-0032774,2021,CHI,2
2819,D.Bush,00-0032774,2022,KC,2
2820,D.Bush,00-0032774,2024,KC,1
2821,D.Bush,00-0035525,2019,PIT,3
2822,D.Bush,00-0035525,2020,PIT,1
2823,D.Bush,00-0035525,2021,PIT,1
2824,D.Bush,00-0035525,2025,CLE,2
2825,D.Butler,00-0027017,2016,IND,2
2826,D.Butler,00-0027017,2017,IND,4
2827,D.Butler,00-0028952,2016,ARI,1
2828,D.Byrd,00-0031868,2019,ARI,2
2829,D.Byrd,00-0031868,2020,NE,1
2830,D.Byrd,00-0031868,2021,CHI,1
2831,D.Calhoun,00-0035336,2019,MIA,1
2832,D.Calhoun,00-0035336,2020,CIN,1
2833,D.Campbell,00-0032401,2016,ATL,2
2834,D.Campbell,00-0032401,2018,ATL,1
2835,D.Campbell,00-0032401,2019,ATL,2
2836,D.Campbell,00-0032401,2021,GB,1
2837,D.Campbell,00-0032401,2022,GB,1
2838,D.Campbell,00-0032401,2023,GB,1
2839,D.Campbell,00-0032401,2024,SF,1
2840,D.Carey,00-0027124,2016,DET,2
2841,D.Carey,00-0027124,2017,DET,2
2842,D.Carlson,00-0034161,2018,LV,1
2843,D.Carlson,00-0034161,2024,LV,1
2844,D.Carlson,00-0034161,2025,LV,2
2845,D.Carpenter,00-0026003,2016,BUF,1
2846,D.Carr,00-0031280,2016,LV,5
2847,D.Carr,00-0031280,2017,LV,2
2848,D.Carr,00-0031280,2018,LV,1
2849,D.Carr,00-0031280,2019,LV,1
2850,D.Carr,00-0031280,2020,LV,2
2851,D.Carr,00-0031280,2021,LV,2
2852,D.Carr,00-0031280,2022,LV,1
2853,D.Carr,00-0031280,2023,NO,4
2854,D.Carr,00-0031280,2024,NO,1
2855,D.Carrier,00-0029119,2016,WAS,2
2856,D.Carrier,00-0029119,2017,LA,1
2857,D.Carrier,00-0029119,2018,LV,2
2858,D.Carter,00-0031763,2024,CHI,1
2859,D.Chark,00-0034777,2018,JAX,1
2860,D.Chark,00-0034777,2019,JAX,1
2861,D.Chark,00-0034777,2021,JAX,1
2862,D.Chark Jr.,00-0034777,2019,JAX,1
2863,D.Chark Jr.,00-0034777,2020,JAX,1
2864,D.Chisena,00-0035976,2020,MIN,1
2865,D.Clark,00-0037281,2023,DAL,1
2866,D.Clark,00-0037281,2025,HOU,1
2867,D.Clark,00-0040396,2025,NYJ,1
2868,D.Cochran,00-0037414,2024,CIN,2
2869,D.Cole,00-0033765,2019,HOU,1
2870,D.Cole,00-0033765,2021,TEN,1
2871,D.Cole,00-0033765,2022,TEN,1
2872,D.Cole,00-0033765,2023,CHI,1
2873,D.Coleman,00-0029068,2017,ATL,2
2874,D.Colquitt,00-0023534,2016,KC,1
2875,D.Colquitt,00-0023534,2017,KC,1
2876,D.Colquitt,00-0023534,2019,KC,1
2877,D.Cook,00-0033893,2019,MIN,1
2878,D.Cook,00-0033893,2022,MIN,1
2879,D.Cook,00-0037480,2025,PIT,1
2880,D.Cooper,00-0040024,2025,PHI,3
2881,D.Cruikshank,00-0034389,2018,TEN,1
2882,D.Cruikshank,00-0034389,2019,TEN,2
2883,D.Cruikshank,00-0034389,2021,TEN,4
2884,D.Cruikshank,00-0034389,2022,CHI,1
2885,D.Culp,00-0039754,2025,TB,2
2886,D.Dafney,00-0036456,2021,GB,1
2887,D.Daley,00-0035300,2019,CAR,3
2888,D.Daley,00-0035300,2020,CAR,1
2889,D.Daley,00-0035300,2021,CAR,9
2890,D.Daley,00-0035300,2022,TEN,5
2891,D.Dallas,00-0036425,2021,SEA,1
2892,D.Dallas,00-0036425,2023,SEA,1
2893,D.Dalman,00-0036957,2021,ATL,1
2894,D.Dalman,00-0036957,2022,ATL,6
2895,D.Dalman,00-0036957,2023,ATL,2
2896,D.Dalman,00-0036957,2024,ATL,3
2897,D.Dalman,00-0036957,2025,CHI,4
2898,D.Daniels,00-0033258,2017,IND,1
2899,D.Daniels,00-0033258,2018,ARI,1
2900,D.Daniels,00-0033258,2018,SEA,1
2901,D.Daniels,00-0033258,2019,ARI,3
2902,D.Daniels,00-0033258,2020,ARI,3
2903,D.Daniels,00-0033258,2021,ARI,2
2904,D.Daniels,00-0035802,2020,SF,1
2905,D.Davidson,00-0037260,2022,NYG,1
2906,D.Davidson,00-0037260,2023,NYG,2
2907,D.Davidson,00-0037260,2024,NYG,3
2908,D.Davis,00-0029607,2017,NYJ,1
2909,D.Davis,00-0029607,2018,NO,3
2910,D.Davis,00-0029607,2019,NO,3
2911,D.Davis,00-0029607,2020,NO,3
2912,D.Davis,00-0029607,2021,NO,2
2913,D.Davis,00-0029607,2022,NO,1
2914,D.Davis,00-0029607,2024,NO,2
2915,D.Davis,00-0029607,2025,NO,2
2916,D.Davis,00-0038573,2023,LAC,1
2917,D.Dawkins,00-0033904,2017,BUF,3
2918,D.Dawkins,00-0033904,2018,BUF,11
2919,D.Dawkins,00-0033904,2019,BUF,8
2920,D.Dawkins,00-0033904,2020,BUF,4
2921,D.Dawkins,00-0033904,2021,BUF,7
2922,D.Dawkins,00-0033904,2022,BUF,8
2923,D.Dawkins,00-0033904,2023,BUF,6
2924,D.Dawkins,00-0033904,2024,BUF,16
2925,D.Dawkins,00-0033904,2025,BUF,10
2926,D.Dawson,00-0034744,2019,DEN,4
2927,D.Dawson,00-0034744,2020,DEN,1
2928,D.DeCastro,00-0029678,2016,PIT,12
2929,D.DeCastro,00-0029678,2017,PIT,6
2930,D.DeCastro,00-0029678,2018,PIT,3
2931,D.DeCastro,00-0029678,2019,PIT,4
2932,D.DeCastro,00-0029678,2020,PIT,2
2933,D.Deablo,00-0036990,2021,LV,2
2934,D.Deablo,00-0036990,2022,LV,1
2935,D.Deablo,00-0036990,2023,LV,1
2936,D.Deablo,00-0036990,2025,ATL,1
2937,D.Deayon,00-0032641,2018,NYG,1
2938,D.Deayon,00-0032641,2021,LA,1
2939,D.Delaney,00-0034515,2021,TB,3
2940,D.Delaney,00-0034515,2022,TB,1
2941,D.Delaney,00-0034515,2023,TB,1
2942,D.Dennard,00-0031380,2016,CIN,2
2943,D.Dennard,00-0031380,2017,CIN,2
2944,D.Dennard,00-0031380,2018,CIN,2
2945,D.Dennard,00-0031380,2019,CIN,1
2946,D.Dennard,00-0031380,2020,ATL,2
2947,D.Dotson,00-0026814,2016,TB,11
2948,D.Dotson,00-0026814,2017,TB,5
2949,D.Dotson,00-0026814,2018,TB,7
2950,D.Dotson,00-0026814,2019,TB,10
2951,D.Dotson,00-0026814,2020,DEN,1
2952,D.Douglas,00-0038621,2023,NE,2
2953,D.Douglas,00-0038621,2024,NE,2
2954,D.Downs,00-0034167,2019,NYG,1
2955,D.Dozier,00-0031017,2016,NYJ,1
2956,D.Dozier,00-0031017,2017,NYJ,1
2957,D.Dozier,00-0031017,2018,NYJ,1
2958,D.Dozier,00-0031017,2019,MIN,2
2959,D.Dozier,00-0031017,2020,MIN,9
2960,D.Drummond,00-0038953,2025,ATL,1
2961,D.Durant,00-0037839,2022,LA,1
2962,D.Duvernay,00-0036331,2021,BAL,1
2963,D.Easley,00-0031425,2016,LA,4
2964,D.Edwards,00-0035668,2019,LA,7
2965,D.Edwards,00-0035668,2020,LA,1
2966,D.Edwards,00-0035668,2021,LA,5
2967,D.Edwards,00-0035668,2022,LA,1
2968,D.Edwards,00-0035668,2023,BUF,1
2969,D.Edwards,00-0035668,2024,BUF,4
2970,D.Edwards,00-0035668,2025,BUF,2
2971,D.Ekuale,00-0034251,2020,JAX,3
2972,D.Ekuale,00-0034251,2021,NE,1
2973,D.Ekuale,00-0034251,2022,NE,3
2974,D.Ellerbe,00-0026857,2016,NO,2
2975,D.Elliott,00-0034277,2020,BAL,1
2976,D.Elliott,00-0034277,2022,DET,2
2977,D.Elliott,00-0034277,2023,MIA,1
2978,D.Elliott,00-0034277,2024,PIT,1
2979,D.Elliott,00-0034277,2025,PIT,1
2980,D.Eskridge,00-0036620,2022,SEA,1
2981,D.Eskridge,00-0036620,2023,SEA,1
2982,D.Eskridge,00-0036620,2025,MIA,1
2983,D.Everett,00-0031844,2016,WAS,2
2984,D.Everett,00-0031844,2019,WAS,1
2985,D.Everett,00-0031844,2020,WAS,2
2986,D.Ezeiruaku,00-0040725,2025,DAL,2
2987,D.Faalele,00-0038118,2022,BAL,2
2988,D.Faalele,00-0038118,2024,BAL,5
2989,D.Faalele,00-0038118,2025,BAL,3
2990,D.Fairchild,00-0040140,2025,CIN,6
2991,D.Fales,00-0031076,2017,MIA,1
2992,D.Feeney,00-0033910,2017,LAC,1
2993,D.Feeney,00-0033910,2018,LAC,5
2994,D.Feeney,00-0033910,2019,LAC,7
2995,D.Feeney,00-0033910,2020,LAC,2
2996,D.Feeney,00-0033910,2023,CHI,1
2997,D.Fells,00-0029738,2017,DET,2
2998,D.Fells,00-0029738,2018,CLE,2
2999,D.Fells,00-0029738,2019,HOU,4
3000,D.Fells,00-0029738,2021,DET,1
3001,D.Fitzpatrick,00-0036627,2022,TEN,1
3002,D.Flannigan-Fowles,00-0035020,2021,SF,1
3003,D.Flannigan-Fowles,00-0035020,2023,SF,1
3004,D.Flannigan-Fowles,00-0035020,2024,SF,2
3005,D.Flowers,00-0037395,2022,IND,1
3006,D.Fluellen,00-0030711,2017,TEN,1
3007,D.Fluellen,00-0030711,2019,TEN,1
3008,D.Fluker,00-0030505,2016,LAC,5
3009,D.Fluker,00-0030505,2017,NYG,3
3010,D.Fluker,00-0030505,2018,SEA,10
3011,D.Fluker,00-0030505,2019,SEA,6
3012,D.Fluker,00-0030505,2020,BAL,6
3013,D.Ford,00-0031297,2016,KC,4
3014,D.Ford,00-0031297,2017,KC,2
3015,D.Ford,00-0031297,2018,KC,7
3016,D.Ford,00-0031297,2019,SF,2
3017,D.Ford,00-0031297,2021,SF,2
3018,D.Foreman,00-0033925,2023,CHI,1
3019,D.Foreman,00-0033925,2024,CLE,1
3020,D.Forrest,00-0036638,2022,WAS,1
3021,D.Forrest,00-0036638,2024,WAS,1
3022,D.Foster,00-0032577,2019,ARI,1
3023,D.Fowler,00-0032052,2016,JAX,8
3024,D.Fowler,00-0032052,2017,JAX,7
3025,D.Fowler,00-0032052,2018,LA,3
3026,D.Fowler,00-0032052,2019,LA,6
3027,D.Fowler,00-0032052,2020,ATL,3
3028,D.Fowler,00-0032052,2021,ATL,2
3029,D.Fowler,00-0032052,2022,DAL,5
3030,D.Fowler,00-0032052,2023,DAL,4
3031,D.Fowler,00-0032052,2024,WAS,5
3032,D.Free,00-0025509,2016,DAL,8
3033,D.Freeman,00-0031285,2017,ATL,4
3034,D.Freeman,00-0031285,2021,BAL,1
3035,D.Freeney,00-0021146,2016,ATL,3
3036,D.Funchess,00-0032055,2016,CAR,4
3037,D.Funchess,00-0032055,2017,CAR,2
3038,D.Gabriel,00-0040704,2025,CLE,1
3039,D.Gardeck,00-0034473,2018,ARI,1
3040,D.Gardeck,00-0034473,2019,ARI,1
3041,D.Gardeck,00-0034473,2021,ARI,3
3042,D.Gardeck,00-0034473,2022,ARI,2
3043,D.Gardeck,00-0034473,2023,ARI,2
3044,D.Gardeck,00-0034473,2024,ARI,1
3045,D.Gardeck,00-0034473,2025,JAX,4
3046,D.Gates,00-0034769,2023,CHI,2
3047,D.Glaze,00-0039349,2024,LV,8
3048,D.Glaze,00-0039349,2025,LV,3
3049,D.Godchaux,00-0033860,2017,MIA,10
3050,D.Godchaux,00-0033860,2018,MIA,3
3051,D.Godchaux,00-0033860,2021,NE,1
3052,D.Godchaux,00-0033860,2022,NE,2
3053,D.Godchaux,00-0033860,2023,NE,1
3054,D.Godchaux,00-0033860,2025,NO,3
3055,D.Goedert,00-0034351,2018,PHI,5
3056,D.Goedert,00-0034351,2019,PHI,4
3057,D.Goedert,00-0034351,2020,PHI,1
3058,D.Goedert,00-0034351,2021,PHI,2
3059,D.Goedert,00-0034351,2022,PHI,4
3060,D.Goedert,00-0034351,2023,PHI,4
3061,D.Goedert,00-0034351,2024,PHI,3
3062,D.Goldson,00-0025513,2016,ATL,1
3063,D.Good,00-0031632,2016,IND,3
3064,D.Good,00-0031632,2017,IND,1
3065,D.Good,00-0031632,2018,IND,2
3066,D.Good,00-0031632,2019,LV,2
3067,D.Good,00-0031632,2020,LV,4
3068,D.Goodson,00-0031080,2016,GB,1
3069,D.Gray,00-0037828,2022,SF,2
3070,D.Green-Beckham,00-0032218,2016,PHI,5
3071,D.Greenlaw,00-0034982,2019,SF,3
3072,D.Greenlaw,00-0034982,2020,SF,2
3073,D.Greenlaw,00-0034982,2021,SF,2
3074,D.Greenlaw,00-0034982,2022,SF,7
3075,D.Greenlaw,00-0034982,2023,SF,3
3076,D.Hall,00-0032776,2016,CHI,3
3077,D.Hall,00-0039047,2023,SEA,3
3078,D.Hall,00-0039047,2024,SEA,3
3079,D.Hall,00-0039047,2025,SEA,1
3080,D.Hamilton,00-0034370,2019,DEN,2
3081,D.Hamilton,00-0034370,2020,DEN,2
3082,D.Hamilton,00-0036262,2021,JAX,1
3083,D.Hamilton,00-0036262,2022,JAX,2
3084,D.Hamilton,00-0036262,2023,JAX,1
3085,D.Hamilton,00-0036262,2024,JAX,2
3086,D.Hamlin,00-0036888,2022,BUF,2
3087,D.Hamlin,00-0036888,2024,BUF,2
3088,D.Hand,00-0034371,2018,DET,2
3089,D.Hand,00-0034371,2019,DET,1
3090,D.Hand,00-0034371,2024,MIA,1
3091,D.Hand,00-0034371,2025,LAC,2
3092,D.Hardy,00-0037843,2024,CHI,4
3093,D.Hardy,00-0037843,2025,CHI,2
3094,D.Harmon,00-0030383,2018,NE,2
3095,D.Harmon,00-0030383,2020,DET,2
3096,D.Harmon,00-0030383,2021,ATL,1
3097,D.Harmon,00-0040678,2025,PIT,1
3098,D.Harper,00-0037293,2022,DAL,1
3099,D.Harper,00-0037293,2023,CIN,1
3100,D.Harper,00-0037293,2023,DAL,1
3101,D.Harris,00-0028114,2017,NYG,1
3102,D.Harris,00-0028114,2018,LV,3
3103,D.Harris,00-0028409,2016,SF,1
3104,D.Harris,00-0030155,2016,KC,4
3105,D.Harris,00-0030155,2017,KC,4
3106,D.Harris,00-0030155,2018,KC,6
3107,D.Harris,00-0030155,2019,CLE,4
3108,D.Harris,00-0030155,2021,ARI,1
3109,D.Harris,00-0032946,2016,NO,1
3110,D.Harris,00-0032946,2017,NO,1
3111,D.Harris,00-0034388,2019,DEN,3
3112,D.Harris,00-0034388,2020,BAL,1
3113,D.Harris,00-0034388,2020,DEN,1
3114,D.Harris,00-0034388,2022,TEN,1
3115,D.Harris,00-0034612,2021,HOU,1
3116,D.Harris,00-0034612,2024,ATL,1
3117,D.Harris,00-0035157,2020,KC,1
3118,D.Harris,00-0035157,2022,KC,2
3119,D.Harris,00-0035215,2019,NO,1
3120,D.Harrison,00-0029040,2018,DET,1
3121,D.Harrison,00-0029040,2019,DET,2
3122,D.Harrison,00-0029040,2020,GB,1
3123,D.Harrison,00-0034259,2018,CLE,8
3124,D.Hatfield,00-0033845,2017,LA,2
3125,D.Hatfield,00-0033845,2018,LA,1
3126,D.Hayden,00-0030572,2016,LV,12
3127,D.Hayden,00-0030572,2017,DET,5
3128,D.Hayden,00-0030572,2018,JAX,2
3129,D.Hayden,00-0030572,2019,JAX,3
3130,D.Hayden,00-0030572,2020,JAX,2
3131,D.Hellams,00-0038628,2023,ATL,3
3132,D.Hellams,00-0038628,2025,ATL,1
3133,D.Helm,00-0035428,2021,LV,1
3134,D.Henley,00-0038553,2024,LAC,2
3135,D.Henley,00-0038553,2025,LAC,2
3136,D.Henry,00-0032764,2018,TEN,1
3137,D.Henry,00-0032764,2019,TEN,3
3138,D.Henry,00-0032764,2020,TEN,1
3139,D.Henry,00-0032764,2021,TEN,1
3140,D.Henry,00-0032764,2022,TEN,1
3141,D.Henry,00-0032764,2024,BAL,2
3142,D.Henry,00-0032764,2025,BAL,1
3143,D.Heyward-Bey,00-0026983,2016,PIT,1
3144,D.Heyward-Bey,00-0026983,2017,PIT,1
3145,D.Heyward-Bey,00-0026983,2018,PIT,4
3146,D.Hightower,00-0029669,2016,NE,2
3147,D.Hightower,00-0029669,2018,NE,1
3148,D.Hightower,00-0029669,2019,NE,1
3149,D.Hightower,00-0029669,2021,NE,2
3150,D.Hill,00-0033931,2017,SEA,4
3151,D.Hill,00-0033931,2018,SEA,1
3152,D.Hill,00-0033931,2019,SEA,1
3153,D.Hill,00-0037743,2022,CIN,6
3154,D.Hill,00-0037743,2023,CIN,3
3155,D.Hill,00-0037743,2024,CIN,1
3156,D.Hill,00-0037743,2025,CIN,4
3157,D.Hilliard,00-0034253,2018,CLE,2
3158,D.Hilliard,00-0034253,2021,TEN,1
3159,D.Hilliard,00-0034253,2022,TEN,1
3160,D.Hines,00-0034548,2018,CLE,1
3161,D.Hodges,00-0035577,2019,PIT,4
3162,D.Holker,00-0039613,2024,NO,1
3163,D.Holmes,00-0036394,2020,NYG,5
3164,D.Holmes,00-0036394,2021,NYG,3
3165,D.Holmes,00-0036394,2022,NYG,7
3166,D.Holmes,00-0036394,2023,NYG,3
3167,D.Holmes,00-0036394,2024,LV,2
3168,D.Holmes,00-0036394,2025,LV,2
3169,D.Hopkins,00-0030098,2016,WAS,1
3170,D.Hopkins,00-0030098,2024,CLE,1
3171,D.Hopkins,00-0030564,2016,HOU,6
3172,D.Hopkins,00-0030564,2017,HOU,5
3173,D.Hopkins,00-0030564,2018,HOU,2
3174,D.Hopkins,00-0030564,2019,HOU,1
3175,D.Hopkins,00-0030564,2020,ARI,4
3176,D.Hopkins,00-0030564,2021,ARI,3
3177,D.Hopkins,00-0030564,2022,ARI,1
3178,D.Hopkins,00-0030564,2023,TEN,4
3179,D.Horton,00-0039009,2025,HOU,2
3180,D.House,00-0028069,2016,JAX,5
3181,D.House,00-0028069,2017,GB,1
3182,D.House,00-0028069,2018,GB,2
3183,D.Houston-Carson,00-0032790,2016,CHI,3
3184,D.Houston-Carson,00-0032790,2017,CHI,1
3185,D.Houston-Carson,00-0032790,2018,CHI,1
3186,D.Houston-Carson,00-0032790,2022,CHI,1
3187,D.Houston-Carson,00-0032790,2023,HOU,1
3188,D.Humphries,00-0032222,2016,ARI,4
3189,D.Humphries,00-0032222,2018,ARI,2
3190,D.Humphries,00-0032222,2019,ARI,13
3191,D.Humphries,00-0032222,2020,ARI,6
3192,D.Humphries,00-0032222,2021,ARI,8
3193,D.Humphries,00-0032222,2022,ARI,4
3194,D.Humphries,00-0032222,2023,ARI,9
3195,D.Humphries,00-0032222,2024,KC,1
3196,D.Humphries,00-0032222,2025,LA,2
3197,D.Hunter,00-0031565,2016,MIN,1
3198,D.Hunter,00-0031565,2017,MIN,1
3199,D.Hunter,00-0031565,2018,MIN,1
3200,D.Hunter,00-0031565,2019,MIN,1
3201,D.Hunter,00-0031565,2022,MIN,1
3202,D.Hunter,00-0031565,2023,MIN,1
3203,D.Hunter,00-0031565,2024,HOU,4
3204,D.Hunter,00-0031565,2025,HOU,1
3205,D.Ihenacho,00-0028942,2016,WAS,1
3206,D.Inman,00-0028411,2016,LAC,2
3207,D.Inman,00-0028411,2017,CHI,1
3208,D.Inman,00-0028411,2019,LAC,1
3209,D.Inman,00-0028411,2020,WAS,1
3210,D.Irving,00-0031997,2016,DAL,3
3211,D.Isidora,00-0033960,2017,MIN,1
3212,D.Ivey,00-0038642,2024,CIN,2
3213,D.Ivey,00-0038642,2025,CIN,2
3214,D.Jackson,00-0024249,2016,IND,1
3215,D.Jackson,00-0026189,2018,TB,1
3216,D.Jackson,00-0026189,2019,PHI,1
3217,D.Jackson,00-0034356,2018,CAR,8
3218,D.Jackson,00-0034356,2019,CAR,4
3219,D.Jackson,00-0034356,2020,CAR,4
3220,D.Jackson,00-0034356,2021,CAR,6
3221,D.Jackson,00-0034356,2022,CAR,1
3222,D.Jackson,00-0034356,2023,CAR,4
3223,D.Jackson,00-0034356,2024,PIT,2
3224,D.Jackson,00-0034356,2025,LAC,1
3225,D.Jackson,00-0036166,2021,BUF,3
3226,D.Jackson,00-0036166,2022,BUF,4
3227,D.Jackson,00-0036166,2023,BUF,1
3228,D.Jackson,00-0036166,2024,CAR,1
3229,D.Jackson,00-0036493,2022,IND,1
3230,D.Jackson,00-0037271,2025,CHI,2
3231,D.Jackson,00-0037826,2025,WAS,1
3232,D.Jackson,00-0040661,2025,MIN,3
3233,D.Jacobs,00-0038792,2024,NE,11
3234,D.James,00-0034790,2018,LAC,5
3235,D.James,00-0034790,2019,LAC,1
3236,D.James,00-0034790,2021,LAC,2
3237,D.James,00-0034790,2022,LAC,5
3238,D.James,00-0034790,2023,LAC,7
3239,D.James,00-0034790,2024,LAC,5
3240,D.James,00-0034790,2025,LAC,3
3241,D.Jennings,00-0031972,2018,TEN,1
3242,D.Johnson,00-0026957,2016,PIT,2
3243,D.Johnson,00-0031061,2017,SF,9
3244,D.Johnson,00-0031061,2020,SF,3
3245,D.Johnson,00-0031061,2021,SF,3
3246,D.Johnson,00-0032257,2017,CLE,1
3247,D.Johnson,00-0032257,2019,HOU,1
3248,D.Johnson,00-0034071,2019,WAS,1
3249,D.Johnson,00-0034071,2020,WAS,1
3250,D.Johnson,00-0034071,2023,WAS,1
3251,D.Johnson,00-0035216,2019,PIT,7
3252,D.Johnson,00-0035216,2021,PIT,9
3253,D.Johnson,00-0035216,2022,PIT,5
3254,D.Johnson,00-0035216,2023,PIT,3
3255,D.Johnson,00-0035306,2019,BUF,2
3256,D.Johnson,00-0035306,2020,BUF,1
3257,D.Johnson,00-0035628,2019,CLE,1
3258,D.Johnson,00-0035628,2021,CLE,1
3259,D.Johnson,00-0035628,2024,JAX,2
3260,D.Johnson,00-0038535,2023,CAR,1
3261,D.Johnson,00-0039061,2025,LA,2
3262,D.Jones,00-0022684,2016,PHI,1
3263,D.Jones,00-0030395,2016,CLE,1
3264,D.Jones,00-0030576,2016,GB,6
3265,D.Jones,00-0030576,2017,DAL,2
3266,D.Jones,00-0031054,2016,TEN,2
3267,D.Jones,00-0031054,2018,TEN,2
3268,D.Jones,00-0031054,2022,BUF,1
3269,D.Jones,00-0031054,2023,BUF,1
3270,D.Jones,00-0032388,2017,ATL,4
3271,D.Jones,00-0032388,2018,ATL,2
3272,D.Jones,00-0032388,2020,ATL,2
3273,D.Jones,00-0032388,2021,ATL,2
3274,D.Jones,00-0032388,2023,CAR,2
3275,D.Jones,00-0033297,2019,SF,2
3276,D.Jones,00-0033297,2020,SF,1
3277,D.Jones,00-0033297,2024,DEN,1
3278,D.Jones,00-0033297,2025,DEN,1
3279,D.Jones,00-0035678,2020,DEN,3
3280,D.Jones,00-0035678,2021,DEN,6
3281,D.Jones,00-0035678,2022,DEN,7
3282,D.Jones,00-0035678,2023,SEA,3
3283,D.Jones,00-0035678,2024,SEA,3
3284,D.Jones,00-0035678,2025,BAL,2
3285,D.Jones,00-0035678,2025,TEN,2
3286,D.Jones,00-0035710,2021,NYG,1
3287,D.Jones,00-0035710,2022,NYG,2
3288,D.Jones,00-0039014,2023,CLE,3
3289,D.Jones,00-0039014,2024,CLE,9
3290,D.Jones,00-0039014,2025,CLE,3
3291,D.Jordan,00-0030555,2018,SEA,1
3292,D.Jordan,00-0030555,2019,LV,2
3293,D.Jordan,00-0030555,2020,SF,1
3294,D.Kaser,00-0032896,2016,LAC,3
3295,D.Kaser,00-0032896,2017,LAC,3
3296,D.Kazee,00-0033512,2017,ATL,2
3297,D.Kazee,00-0033512,2018,ATL,2
3298,D.Kazee,00-0033512,2019,ATL,2
3299,D.Kazee,00-0033512,2020,ATL,1
3300,D.Kazee,00-0033512,2021,DAL,3
3301,D.Kazee,00-0033512,2022,PIT,1
3302,D.Kazee,00-0033512,2023,PIT,1
3303,D.Kazee,00-0033512,2024,PIT,2
3304,D.Kelly,00-0029419,2016,TEN,2
3305,D.Kelly,00-0029419,2018,TEN,1
3306,D.Kelly,00-0029419,2019,TEN,2
3307,D.Kelly,00-0029419,2020,TEN,2
3308,D.Kelly,00-0029419,2021,GB,3
3309,D.Kelly,00-0029419,2022,IND,2
3310,D.Kelly,00-0035407,2021,NYG,1
3311,D.Kendrick,00-0037842,2022,LA,3
3312,D.Kendrick,00-0037842,2023,LA,10
3313,D.Kendrick,00-0037842,2025,SEA,1
3314,D.Kennard,00-0031241,2018,DET,2
3315,D.Kennard,00-0031241,2019,DET,1
3316,D.Key,00-0036683,2024,DEN,1
3317,D.Kilgore,00-0028101,2016,SF,3
3318,D.Kilgore,00-0028101,2017,SF,4
3319,D.Kilgore,00-0028101,2018,MIA,2
3320,D.Kilgore,00-0028101,2019,MIA,2
3321,D.Kincaid,00-0038933,2023,BUF,6
3322,D.Kincaid,00-0038933,2024,BUF,1
3323,D.Kincaid,00-0038933,2025,BUF,2
3324,D.Kindred,00-0033076,2017,CLE,1
3325,D.Kindred,00-0033076,2018,CLE,1
3326,D.King,00-0033566,2017,LAC,2
3327,D.King,00-0033566,2018,LAC,4
3328,D.King,00-0033566,2019,LAC,3
3329,D.King,00-0033566,2020,TEN,7
3330,D.King,00-0033566,2021,HOU,4
3331,D.King,00-0033566,2022,HOU,8
3332,D.King,00-0033566,2023,HOU,5
3333,D.King,00-0033566,2024,BAL,1
3334,D.Kinnard,00-0037194,2025,GB,2
3335,D.Kirkpatrick,00-0029560,2016,CIN,9
3336,D.Kirkpatrick,00-0029560,2017,CIN,7
3337,D.Kirkpatrick,00-0029560,2018,CIN,6
3338,D.Kirkpatrick,00-0029560,2019,CIN,2
3339,D.Kirkpatrick,00-0029560,2020,ARI,7
3340,D.Kirkpatrick,00-0029560,2021,SF,1
3341,D.Kizer,00-0033899,2017,CLE,3
3342,D.Knight,00-0040738,2025,CIN,1
3343,D.Knox,00-0035689,2019,BUF,3
3344,D.Knox,00-0035689,2021,BUF,5
3345,D.Knox,00-0035689,2022,BUF,1
3346,D.Knox,00-0035689,2023,BUF,4
3347,D.Knox,00-0035689,2024,BUF,3
3348,D.Knox,00-0035689,2025,BUF,2
3349,D.Kramer,00-0037088,2024,CHI,2
3350,D.Lacey,00-0030197,2017,BUF,2
3351,D.Lacey,00-0030197,2018,BUF,3
3352,D.Lacey,00-0030197,2019,MIA,1
3353,D.Lambert,00-0032750,2016,TB,2
3354,D.Latham,00-0032938,2016,LV,2
3355,D.Laube,00-0039407,2025,LV,1
3356,D.Lawrence,00-0031411,2016,DAL,2
3357,D.Lawrence,00-0031411,2017,DAL,7
3358,D.Lawrence,00-0031411,2018,DAL,8
3359,D.Lawrence,00-0031411,2019,DAL,7
3360,D.Lawrence,00-0031411,2020,DAL,5
3361,D.Lawrence,00-0031411,2021,DAL,2
3362,D.Lawrence,00-0031411,2022,DAL,2
3363,D.Lawrence,00-0031411,2023,DAL,2
3364,D.Lawrence,00-0031411,2025,SEA,1
3365,D.Lawrence,00-0033501,2019,CLE,4
3366,D.Lawrence,00-0035683,2020,NYG,1
3367,D.Lawrence,00-0035683,2021,NYG,1
3368,D.Lawrence,00-0035683,2022,NYG,5
3369,D.Lawrence,00-0035683,2024,NYG,1
3370,D.Lawrence,00-0035683,2025,NYG,5
3371,D.Lawrence II,00-0035683,2019,NYG,1
3372,D.Leal,00-0037759,2022,PIT,1
3373,D.Leal,00-0037759,2023,PIT,1
3374,D.Leavitt,00-0034726,2019,LV,3
3375,D.Leavitt,00-0034726,2020,LV,1
3376,D.Leavitt,00-0034726,2021,LV,1
3377,D.Leavitt,00-0034726,2022,GB,1
3378,D.Leavitt,00-0034726,2023,GB,2
3379,D.Lee,00-0033147,2016,NYJ,2
3380,D.Lee,00-0033147,2017,NYJ,6
3381,D.Lenoir,00-0036563,2021,SF,4
3382,D.Lenoir,00-0036563,2022,SF,4
3383,D.Lenoir,00-0036563,2023,SF,6
3384,D.Lenoir,00-0036563,2024,SF,2
3385,D.Lenoir,00-0036563,2025,SF,10
3386,D.Leonard,00-0034846,2019,IND,2
3387,D.Leonard,00-0034846,2020,IND,2
3388,D.Leonard,00-0034846,2021,IND,4
3389,D.Leonard,00-0037320,2022,LAC,2
3390,D.Leonard,00-0037320,2023,LAC,1
3391,D.Leonard,00-0037320,2024,LAC,2
3392,D.Levy,00-0027050,2016,DET,2
3393,D.Lewis,00-0028087,2020,NYG,1
3394,D.Lewis,00-0036417,2020,SEA,9
3395,D.Lewis,00-0036417,2021,SEA,4
3396,D.Lewis,00-0036417,2022,SEA,6
3397,D.Lewis,00-0036417,2023,SEA,4
3398,D.Lewis,00-0036417,2024,CAR,3
3399,D.Lewis,00-0036417,2025,CAR,5
3400,D.Lloyd,00-0037244,2022,JAX,3
3401,D.Lloyd,00-0037244,2023,JAX,3
3402,D.Lloyd,00-0037244,2024,JAX,1
3403,D.Lloyd,00-0037244,2025,JAX,1
3404,D.Lock,00-0035704,2020,DEN,3
3405,D.Lock,00-0035704,2023,SEA,2
3406,D.Lock,00-0035704,2024,NYG,1
3407,D.London,00-0037238,2022,ATL,1
3408,D.London,00-0037238,2023,ATL,1
3409,D.London,00-0037238,2024,ATL,7
3410,D.London,00-0037238,2025,ATL,2
3411,D.Long,00-0035292,2019,TEN,1
3412,D.Long,00-0035292,2020,TEN,1
3413,D.Long,00-0035292,2021,TEN,2
3414,D.Long,00-0035292,2022,TEN,2
3415,D.Long,00-0035292,2023,MIA,2
3416,D.Long,00-0035665,2020,LA,3
3417,D.Long,00-0035665,2021,LA,1
3418,D.Long,00-0035665,2022,LA,1
3419,D.Long,00-0035665,2023,LV,1
3420,D.Lowery,00-0026253,2016,LAC,2
3421,D.Lowry,00-0032412,2016,GB,1
3422,D.Lowry,00-0032412,2017,GB,4
3423,D.Lowry,00-0032412,2018,GB,4
3424,D.Lowry,00-0032412,2019,GB,1
3425,D.Lowry,00-0032412,2020,GB,1
3426,D.Lowry,00-0032412,2021,GB,2
3427,D.Lowry,00-0032412,2023,MIN,1
3428,D.Luter,00-0038594,2025,SF,1
3429,D.Malone,00-0037808,2024,ATL,2
3430,D.Marlowe,00-0031870,2019,BUF,1
3431,D.Marlowe,00-0031870,2020,BUF,1
3432,D.Marlowe,00-0031870,2022,ATL,1
3433,D.Martin,00-0029613,2016,TB,1
3434,D.Martin-Robinson,00-0039648,2025,TEN,2
3435,D.Mathis,00-0038105,2022,DEN,7
3436,D.Mathis,00-0038105,2023,DEN,2
3437,D.Mathis,00-0038105,2024,DEN,1
3438,D.Mausi,00-0040503,2025,TEN,3
3439,D.Maye,00-0039851,2024,NE,1
3440,D.Mayo,00-0031596,2016,CAR,1
3441,D.Mayo,00-0031596,2018,CAR,1
3442,D.Mayo,00-0031596,2019,NYG,1
3443,D.Mayo,00-0031596,2023,WAS,1
3444,D.McCoil,00-0032322,2016,LAC,2
3445,D.McCoil,00-0032322,2017,SF,1
3446,D.McCourty,00-0027647,2016,NE,1
3447,D.McCourty,00-0027647,2019,NE,1
3448,D.McCourty,00-0027647,2020,NE,1
3449,D.McCullers,00-0031193,2016,PIT,1
3450,D.McCullers,00-0031193,2018,PIT,1
3451,D.McCullers,00-0031193,2019,PIT,2
3452,D.McDonald,00-0030650,2016,SEA,3
3453,D.McDonald,00-0032212,2016,LV,1
3454,D.McDonald,00-0032212,2017,LV,1
3455,D.McDougle,00-0031414,2017,PHI,1
3456,D.McGlothern,00-0039714,2025,MIN,2
3457,D.McMahon,00-0039830,2024,LA,1
3458,D.McMillon,00-0040263,2025,CLE,1
3459,D.Metcalf,00-0035640,2020,SEA,3
3460,D.Metcalf,00-0035640,2021,SEA,4
3461,D.Metcalf,00-0035640,2022,SEA,7
3462,D.Metcalf,00-0035640,2023,SEA,5
3463,D.Metcalf,00-0035640,2024,SEA,5
3464,D.Metcalf,00-0035640,2025,PIT,8
3465,D.Middleton,00-0032697,2016,NYJ,2
3466,D.Middleton,00-0032697,2018,NYJ,3
3467,D.Mills,00-0036898,2021,HOU,2
3468,D.Mims,00-0036255,2020,NYJ,1
3469,D.Mims,00-0036255,2021,NYJ,5
3470,D.Mims,00-0036255,2022,NYJ,2
3471,D.Mitchell,00-0037202,2022,NE,1
3472,D.Moncrief,00-0031339,2017,IND,1
3473,D.Moncrief,00-0031339,2018,JAX,4
3474,D.Moncrief,00-0031339,2019,PIT,1
3475,D.Montgomery,00-0035685,2019,CHI,1
3476,D.Montgomery,00-0035685,2023,DET,2
3477,D.Montgomery,00-0035685,2024,DET,1
3478,D.Mooney,00-0036309,2020,CHI,1
3479,D.Mooney,00-0036309,2024,ATL,2
3480,D.Moore,00-0030069,2016,SEA,1
3481,D.Moore,00-0030069,2019,SF,1
3482,D.Moore,00-0033589,2018,SEA,2
3483,D.Moore,00-0033589,2019,SEA,3
3484,D.Moore,00-0033589,2020,SEA,1
3485,D.Moore,00-0033589,2023,TB,1
3486,D.Moore,00-0033589,2024,CAR,2
3487,D.Moore,00-0034827,2018,CAR,3
3488,D.Moore,00-0034827,2019,CAR,1
3489,D.Moore,00-0034827,2020,CAR,3
3490,D.Moore,00-0034827,2022,CAR,4
3491,D.Moore,00-0034827,2023,CHI,1
3492,D.Moore,00-0034827,2024,CHI,5
3493,D.Moore,00-0034827,2025,CHI,6
3494,D.Moore,00-0036869,2021,PIT,5
3495,D.Moore,00-0036869,2022,PIT,9
3496,D.Moore,00-0036869,2023,PIT,3
3497,D.Moore,00-0036869,2024,PIT,3
3498,D.Moore,00-0036869,2025,TEN,3
3499,D.Morgan,00-0027868,2016,TEN,1
3500,D.Morgan,00-0027868,2017,TEN,2
3501,D.Morgan,00-0027868,2018,TEN,1
3502,D.Morgan,00-0032430,2017,MIN,3
3503,D.Morgan,00-0032430,2018,MIN,1
3504,D.Morris,00-0029888,2016,IND,1
3505,D.Moses,00-0029130,2016,KC,1
3506,D.Muasau,00-0039829,2024,NYG,1
3507,D.Muhlbach,00-0022455,2018,DET,2
3508,D.Muhlbach,00-0022455,2019,DET,1
3509,D.Munyer,00-0032192,2018,ARI,1
3510,D.Murray,00-0028009,2016,TEN,3
3511,D.Murray,00-0028009,2017,TEN,1
3512,D.Newton,00-0028152,2016,HOU,1
3513,D.Nixon,00-0036558,2021,CAR,1
3514,D.Njoku,00-0033885,2017,CLE,6
3515,D.Njoku,00-0033885,2018,CLE,5
3516,D.Njoku,00-0033885,2021,CLE,4
3517,D.Njoku,00-0033885,2022,CLE,1
3518,D.Njoku,00-0033885,2023,CLE,1
3519,D.Njoku,00-0033885,2024,CLE,2
3520,D.Nnadi,00-0034818,2018,KC,5
3521,D.Nnadi,00-0034818,2019,KC,2
3522,D.Nnadi,00-0034818,2021,KC,2
3523,D.Nnadi,00-0034818,2022,KC,1
3524,D.Nnadi,00-0034818,2023,KC,2
3525,D.Nnadi,00-0034818,2024,KC,1
3526,D.Nnadi,00-0034818,2025,KC,1
3527,D.O'Daniel,00-0034781,2018,KC,1
3528,D.O'Daniel,00-0034781,2019,KC,4
3529,D.O'Daniel,00-0034781,2020,KC,2
3530,D.O'Daniel,00-0034781,2021,KC,1
3531,D.Odeyingbo,00-0036480,2022,IND,4
3532,D.Odeyingbo,00-0036480,2023,IND,5
3533,D.Odeyingbo,00-0036480,2024,IND,2
3534,D.Odeyingbo,00-0036480,2025,CHI,2
3535,D.Ogunbowale,00-0033854,2020,JAX,1
3536,D.Ogunbowale,00-0033854,2024,HOU,2
3537,D.Ojabo,00-0038142,2024,BAL,1
3538,D.Onyemata,00-0033051,2017,NO,4
3539,D.Onyemata,00-0033051,2018,NO,3
3540,D.Onyemata,00-0033051,2019,NO,4
3541,D.Onyemata,00-0033051,2020,NO,1
3542,D.Onyemata,00-0033051,2021,NO,2
3543,D.Onyemata,00-0033051,2023,ATL,2
3544,D.Onyemata,00-0033051,2025,ATL,1
3545,D.Overshown,00-0038556,2024,DAL,1
3546,D.Parham,00-0035329,2021,LAC,5
3547,D.Parham,00-0035329,2022,LAC,3
3548,D.Parham,00-0035329,2023,LAC,2
3549,D.Parham,00-0037255,2022,LV,4
3550,D.Parham,00-0037255,2023,LV,5
3551,D.Parham,00-0037255,2024,LV,3
3552,D.Parham,00-0037255,2025,LV,5
3553,D.Parham Jr.,00-0035329,2020,LAC,1
3554,D.Parker,00-0031547,2016,MIA,2
3555,D.Parker,00-0031547,2019,MIA,1
3556,D.Parker,00-0031547,2020,MIA,2
3557,D.Parker,00-0031547,2021,MIA,1
3558,D.Parker,00-0031547,2022,NE,1
3559,D.Parker,00-0031547,2023,NE,1
3560,D.Payne,00-0033420,2017,JAX,2
3561,D.Payne,00-0033420,2018,JAX,1
3562,D.Payne,00-0033420,2019,JAX,3
3563,D.Payne,00-0034333,2019,WAS,2
3564,D.Payne,00-0034333,2020,WAS,4
3565,D.Payne,00-0034333,2021,WAS,3
3566,D.Payne,00-0034333,2023,WAS,3
3567,D.Payne,00-0034333,2024,WAS,3
3568,D.Payne,00-0034333,2025,WAS,1
3569,D.Peko,00-0024338,2016,CIN,2
3570,D.Peko,00-0024338,2017,DEN,2
3571,D.Peko,00-0024338,2018,DEN,4
3572,D.Peko,00-0024338,2019,BAL,1
3573,D.Peko Sr.,00-0024338,2018,DEN,4
3574,D.Penn,00-0023894,2016,LV,9
3575,D.Penn,00-0023894,2017,LV,6
3576,D.Penn,00-0023894,2018,LV,1
3577,D.Penn,00-0023894,2019,WAS,8
3578,D.Peoples-Jones,00-0036233,2020,CLE,3
3579,D.Peoples-Jones,00-0036233,2021,CLE,2
3580,D.Peoples-Jones,00-0036233,2022,CLE,6
3581,D.Peoples-Jones,00-0036233,2023,CLE,1
3582,D.Peoples-Jones,00-0036233,2023,DET,1
3583,D.Perryman,00-0032103,2016,LAC,3
3584,D.Perryman,00-0032103,2019,LAC,2
3585,D.Perryman,00-0032103,2020,LAC,3
3586,D.Perryman,00-0032103,2021,LV,2
3587,D.Perryman,00-0032103,2023,HOU,3
3588,D.Perryman,00-0032103,2025,LAC,1
3589,D.Pettis,00-0034860,2018,SF,1
3590,D.Pettis,00-0034860,2019,SF,1
3591,D.Pettis,00-0034860,2022,CHI,3
3592,D.Pettis,00-0034860,2025,NO,2
3593,D.Pettus,00-0039692,2024,NE,2
3594,D.Pettus,00-0039692,2025,NE,2
3595,D.Phillips,00-0030963,2016,WAS,1
3596,D.Phillips,00-0034683,2019,CIN,1
3597,D.Phillips,00-0034683,2020,CIN,3
3598,D.Phillips,00-0035202,2022,BAL,1
3599,D.Phillips,00-0035202,2025,LAC,1
3600,D.Philon,00-0032116,2017,LAC,5
3601,D.Philon,00-0032116,2018,LAC,2
3602,D.Philon,00-0032116,2021,LV,2
3603,D.Pierce,00-0037258,2024,HOU,1
3604,D.Pinter,00-0036215,2021,IND,2
3605,D.Pinter,00-0036215,2022,IND,1
3606,D.Pinter,00-0036215,2024,IND,2
3607,D.Pitta,00-0027714,2016,BAL,1
3608,D.Pitts,00-0038827,2023,TB,1
3609,D.Poe,00-0029688,2016,KC,1
3610,D.Poe,00-0029688,2017,ATL,2
3611,D.Poe,00-0029688,2018,CAR,2
3612,D.Poe,00-0029688,2019,CAR,2
3613,D.Porter,00-0040641,2025,LV,4
3614,D.Prescott,00-0033077,2016,DAL,2
3615,D.Prescott,00-0033077,2018,DAL,1
3616,D.Prescott,00-0033077,2019,DAL,1
3617,D.Prescott,00-0033077,2022,DAL,1
3618,D.Prescott,00-0033077,2024,DAL,1
3619,D.Prince,00-0039378,2024,JAX,1
3620,D.Puni,00-0039351,2024,SF,6
3621,D.Puni,00-0039351,2025,SF,4
3622,D.Quessenberry,00-0030097,2020,TEN,1
3623,D.Quessenberry,00-0030097,2021,TEN,1
3624,D.Quessenberry,00-0030097,2022,BUF,2
3625,D.Quessenberry,00-0030097,2023,MIN,1
3626,D.Radunz,00-0036619,2021,TEN,2
3627,D.Radunz,00-0036619,2022,TEN,5
3628,D.Radunz,00-0036619,2023,TEN,11
3629,D.Radunz,00-0036619,2024,TEN,4
3630,D.Radunz,00-0036619,2025,NO,7
3631,D.Randall,00-0032251,2016,GB,3
3632,D.Randall,00-0032251,2017,GB,1
3633,D.Randall,00-0032251,2018,CLE,1
3634,D.Randall,00-0032251,2019,CLE,2
3635,D.Randall,00-0032251,2020,SEA,1
3636,D.Ratley,00-0034273,2018,CLE,2
3637,D.Ratley,00-0034273,2019,CLE,1
3638,D.Ratley,00-0034273,2020,NYG,2
3639,D.Reader,00-0032424,2017,HOU,3
3640,D.Reader,00-0032424,2018,HOU,1
3641,D.Reader,00-0032424,2019,HOU,1
3642,D.Reader,00-0032424,2021,CIN,1
3643,D.Reader,00-0032424,2022,CIN,1
3644,D.Reader,00-0032424,2023,CIN,2
3645,D.Reader,00-0032424,2024,DET,1
3646,D.Reader,00-0032424,2025,DET,2
3647,D.Reed,00-0034384,2018,SF,5
3648,D.Reed,00-0034384,2020,SEA,2
3649,D.Reed,00-0034384,2021,SEA,4
3650,D.Reed,00-0034384,2022,NYJ,2
3651,D.Reed,00-0034384,2023,NYJ,6
3652,D.Reed,00-0034384,2024,NYJ,9
3653,D.Reed,00-0034384,2025,DET,3
3654,D.Reed Jr.,00-0034384,2019,SF,4
3655,D.Revis,00-0025401,2016,NYJ,3
3656,D.Revis,00-0025401,2017,KC,1
3657,D.Rice,00-0031688,2016,HOU,1
3658,D.Rice,00-0031688,2018,CLE,3
3659,D.Richardson,00-0039357,2024,LV,4
3660,D.Richardson,00-0039357,2025,LV,2
3661,D.Richardson,00-0039601,2024,CAR,1
3662,D.Ridder,00-0038122,2022,ATL,2
3663,D.Ridder,00-0038122,2023,ATL,2
3664,D.Riley,00-0033549,2018,ATL,1
3665,D.Riley,00-0033549,2020,PHI,2
3666,D.Riley,00-0033549,2021,MIA,1
3667,D.Riley,00-0033549,2024,MIA,1
3668,D.Risner,00-0035702,2019,DEN,3
3669,D.Risner,00-0035702,2021,DEN,2
3670,D.Risner,00-0035702,2022,DEN,2
3671,D.Risner,00-0035702,2023,MIN,2
3672,D.Risner,00-0035702,2025,CIN,4
3673,D.Rivers,00-0033920,2020,LA,1
3674,D.Roberson,00-0035521,2020,TEN,1
3675,D.Roberts,00-0031628,2016,NYJ,2
3676,D.Roberts,00-0031628,2017,NYJ,4
3677,D.Roberts,00-0031628,2018,NYJ,2
3678,D.Roberts,00-0031628,2019,NYJ,7
3679,D.Roberts,00-0031628,2020,DET,4
3680,D.Roberts,00-0031628,2021,WAS,1
3681,D.Robinson,00-0030547,2016,JAX,1
3682,D.Robinson,00-0032775,2016,KC,3
3683,D.Robinson,00-0032775,2017,KC,2
3684,D.Robinson,00-0032775,2018,KC,3
3685,D.Robinson,00-0032775,2019,KC,2
3686,D.Robinson,00-0032775,2020,KC,3
3687,D.Robinson,00-0032775,2021,KC,4
3688,D.Robinson,00-0032775,2022,BAL,1
3689,D.Robinson,00-0032775,2023,LA,2
3690,D.Robinson,00-0037082,2022,CHI,1
3691,D.Robinson,00-0037082,2023,CHI,2
3692,D.Robinson,00-0037082,2025,CHI,1
3693,D.Robinson,00-0039854,2025,ARI,2
3694,D.Rodgers-Cromartie,00-0026156,2016,NYG,1
3695,D.Rodgers-Cromartie,00-0026156,2017,NYG,1
3696,D.Rodgers-Cromartie,00-0026156,2018,LV,1
3697,D.Ross,00-0033535,2018,DAL,3
3698,D.Ross,00-0033535,2020,JAX,1
3699,D.Ross,00-0034966,2023,HOU,1
3700,D.Ross,00-0034966,2024,HOU,2
3701,D.Samia,00-0034976,2020,MIN,3
3702,D.Sample,00-0035631,2019,CIN,1
3703,D.Sample,00-0035631,2020,CIN,2
3704,D.Sample,00-0035631,2021,CIN,1
3705,D.Sample,00-0035631,2024,CIN,1
3706,D.Sample,00-0035631,2025,CIN,1
3707,D.Samuel,00-0035719,2019,SF,7
3708,D.Samuel,00-0035719,2021,SF,1
3709,D.Samuel,00-0035719,2022,SF,1
3710,D.Samuel,00-0035719,2023,SF,2
3711,D.Samuel,00-0035719,2024,SF,3
3712,D.Samuel,00-0035719,2025,WAS,3
3713,D.Sanders,00-0039003,2023,DEN,1
3714,D.Savage,00-0034968,2020,GB,1
3715,D.Savage,00-0034968,2021,GB,3
3716,D.Savage,00-0034968,2022,GB,3
3717,D.Savage,00-0034968,2024,JAX,1
3718,D.Schultz,00-0034383,2018,DAL,1
3719,D.Schultz,00-0034383,2019,DAL,4
3720,D.Schultz,00-0034383,2020,DAL,5
3721,D.Schultz,00-0034383,2021,DAL,3
3722,D.Schultz,00-0034383,2022,DAL,4
3723,D.Schultz,00-0034383,2023,HOU,1
3724,D.Schultz,00-0034383,2024,HOU,4
3725,D.Schultz,00-0034383,2025,HOU,7
3726,D.Scott,00-0034256,2018,BUF,1
3727,D.Scott,00-0038392,2025,IND,1
3728,D.Searcy,00-0028038,2016,TEN,1
3729,D.Senat,00-0034363,2018,ATL,1
3730,D.Sharpe,00-0033946,2017,LV,1
3731,D.Sharpe,00-0033946,2018,LV,1
3732,D.Sharpe,00-0033946,2019,LV,3
3733,D.Sharpe,00-0033946,2020,WAS,2
3734,D.Shead,00-0029191,2016,SEA,2
3735,D.Shelby,00-0029111,2016,ATL,1
3736,D.Shelley,00-0035696,2019,CHI,3
3737,D.Shelley,00-0035696,2020,CHI,1
3738,D.Shelley,00-0035696,2022,MIN,1
3739,D.Shelley,00-0035696,2023,LA,2
3740,D.Shelton,00-0032143,2016,CLE,2
3741,D.Shelton,00-0032143,2017,CLE,2
3742,D.Shelton,00-0032143,2018,NE,2
3743,D.Shelton,00-0032143,2019,NE,4
3744,D.Shelton,00-0032143,2020,DET,1
3745,D.Shelton,00-0032143,2021,NYG,1
3746,D.Sills,00-0035359,2022,NYG,2
3747,D.Sills,00-0035359,2025,ATL,2
3748,D.Simon,00-0031620,2016,NYJ,1
3749,D.Sims,00-0030422,2016,MIA,3
3750,D.Sims,00-0030422,2018,CHI,1
3751,D.Singletary,00-0035250,2019,BUF,2
3752,D.Singletary,00-0035250,2020,BUF,2
3753,D.Singletary,00-0035250,2021,BUF,1
3754,D.Singletary,00-0035250,2025,NYG,1
3755,D.Skipper,00-0033863,2019,HOU,1
3756,D.Skipper,00-0033863,2022,DET,1
3757,D.Skipper,00-0033863,2023,DET,1
3758,D.Skipper,00-0033863,2024,DET,1
3759,D.Skipper,00-0033863,2025,DET,1
3760,D.Skuta,00-0026725,2016,JAX,2
3761,D.Slay,00-0030062,2016,DET,7
3762,D.Slay,00-0030062,2017,DET,7
3763,D.Slay,00-0030062,2018,DET,3
3764,D.Slay,00-0030062,2019,DET,6
3765,D.Slay,00-0030062,2020,PHI,5
3766,D.Slay,00-0030062,2021,PHI,3
3767,D.Slay,00-0030062,2022,PHI,3
3768,D.Slay,00-0030062,2023,PHI,3
3769,D.Slay,00-0030062,2024,PHI,3
3770,D.Slayton,00-0035535,2019,NYG,1
3771,D.Slayton,00-0035535,2020,NYG,1
3772,D.Slayton,00-0035535,2021,NYG,1
3773,D.Slayton,00-0035535,2022,NYG,1
3774,D.Slayton,00-0035535,2024,NYG,5
3775,D.Slayton,00-0035535,2025,NYG,4
3776,D.Smith,00-0032069,2016,CIN,2
3777,D.Smith,00-0032217,2016,TB,14
3778,D.Smith,00-0032217,2017,TB,8
3779,D.Smith,00-0032217,2018,TB,6
3780,D.Smith,00-0032217,2019,TB,5
3781,D.Smith,00-0032217,2020,TB,10
3782,D.Smith,00-0032217,2021,TB,7
3783,D.Smith,00-0032217,2022,TB,12
3784,D.Smith,00-0032217,2023,KC,5
3785,D.Smith,00-0036912,2021,PHI,3
3786,D.Smith,00-0036912,2022,PHI,1
3787,D.Smith,00-0036912,2023,PHI,1
3788,D.Smith,00-0036912,2024,PHI,4
3789,D.Smith,00-0036912,2025,PHI,2
3790,D.Smoot,00-0033907,2017,JAX,1
3791,D.Smoot,00-0033907,2018,JAX,1
3792,D.Smoot,00-0033907,2019,JAX,1
3793,D.Smoot,00-0033907,2020,JAX,6
3794,D.Smoot,00-0033907,2021,JAX,3
3795,D.Smoot,00-0033907,2022,JAX,1
3796,D.Smoot,00-0033907,2024,BUF,3
3797,D.Smoot,00-0033907,2025,JAX,1
3798,D.Smythe,00-0034798,2019,MIA,2
3799,D.Smythe,00-0034798,2020,MIA,1
3800,D.Smythe,00-0034798,2021,MIA,2
3801,D.Smythe,00-0034798,2023,MIA,1
3802,D.Smythe,00-0034798,2024,MIA,3
3803,D.Smythe,00-0034798,2025,CHI,3
3804,D.Sorensen,00-0030665,2016,KC,3
3805,D.Sorensen,00-0030665,2017,KC,5
3806,D.Sorensen,00-0030665,2018,KC,2
3807,D.Sorensen,00-0030665,2019,KC,3
3808,D.Sorensen,00-0030665,2020,KC,4
3809,D.Sorensen,00-0030665,2021,KC,1
3810,D.Sorensen,00-0030665,2022,NO,1
3811,D.Sproles,00-0023564,2016,PHI,1
3812,D.Sproles,00-0023564,2019,PHI,2
3813,D.Square,00-0030148,2016,LAC,2
3814,D.Square,00-0030148,2018,LAC,4
3815,D.Stafford,00-0030491,2016,TEN,2
3816,D.Stephenson,00-0029543,2016,DEN,9
3817,D.Stephenson,00-0029543,2017,DEN,1
3818,D.Stewart,00-0027256,2016,DEN,1
3819,D.Stewart,00-0027256,2017,DEN,2
3820,D.Stewart,00-0027256,2018,DEN,2
3821,D.Stewart,00-0027256,2019,TB,1
3822,D.Stills,00-0038623,2023,ARI,1
3823,D.Stills,00-0038623,2024,ARI,1
3824,D.Stills,00-0038623,2025,ARI,3
3825,D.Stingley,00-0037237,2022,HOU,2
3826,D.Stingley,00-0037237,2023,HOU,1
3827,D.Stingley,00-0037237,2024,HOU,3
3828,D.Stingley,00-0037237,2025,HOU,8
3829,D.Stoner,00-0036526,2021,LV,2
3830,D.Street,00-0031310,2016,IND,1
3831,D.Strong,00-0040197,2025,BUF,1
3832,D.Swearinger,00-0030566,2016,ARI,2
3833,D.Swearinger,00-0030566,2017,WAS,3
3834,D.Swearinger,00-0030566,2018,WAS,2
3835,D.Swearinger,00-0030566,2020,NO,1
3836,D.Swift,00-0036275,2023,PHI,1
3837,D.Swift,00-0036275,2024,CHI,4
3838,D.Swift,00-0036275,2025,CHI,2
3839,D.Taylor,00-0030079,2016,DET,3
3840,D.Taylor,00-0036393,2020,PHI,2
3841,D.Taylor,00-0036413,2021,SEA,4
3842,D.Taylor,00-0036413,2022,SEA,3
3843,D.Taylor,00-0036413,2023,SEA,1
3844,D.Taylor,00-0036413,2024,CHI,3
3845,D.Taylor,00-0036413,2025,HOU,1
3846,D.Taylor-Demerson,00-0039864,2024,ARI,1
3847,D.Thomas,00-0027874,2016,DEN,3
3848,D.Thomas,00-0027874,2017,DEN,1
3849,D.Thomas,00-0027874,2019,NYJ,1
3850,D.Thomas,00-0031060,2016,KC,2
3851,D.Thomas,00-0031060,2017,KC,1
3852,D.Thomas,00-0031060,2019,BAL,3
3853,D.Thomas,00-0031060,2019,KC,1
3854,D.Thomas,00-0033675,2018,DEN,1
3855,D.Thomas,00-0036306,2023,JAX,2
3856,D.Thomas,00-0036306,2024,JAX,2
3857,D.Thomas,00-0038922,2025,SEA,1
3858,D.Thompkins,00-0037487,2023,TB,1
3859,D.Thompkins,00-0037487,2024,CAR,1
3860,D.Thompkins,00-0037487,2025,ATL,1
3861,D.Thompson,00-0029388,2016,CHI,3
3862,D.Thompson,00-0029388,2017,BUF,5
3863,D.Thompson,00-0033083,2017,NYG,2
3864,D.Thompson,00-0033083,2019,DAL,2
3865,D.Thompson,00-0033083,2020,DAL,1
3866,D.Thompson,00-0035148,2019,KC,2
3867,D.Thompson,00-0035532,2019,ARI,2
3868,D.Thompson,00-0035532,2020,ARI,3
3869,D.Thompson,00-0035532,2021,ARI,2
3870,D.Thompson-Robinson,00-0038583,2023,CLE,1
3871,D.Thompson-Robinson,00-0038583,2024,CLE,5
3872,D.Thornton,00-0040581,2025,LV,1
3873,D.Tillman,00-0037799,2025,DEN,2
3874,D.Tomlinson,00-0033546,2020,NYG,2
3875,D.Tomlinson,00-0033546,2021,MIN,1
3876,D.Tomlinson,00-0033546,2022,MIN,2
3877,D.Tomlinson,00-0033546,2023,CLE,2
3878,D.Tomlinson,00-0033546,2024,CLE,1
3879,D.Tomlinson,00-0033546,2025,ARI,2
3880,D.Trader,00-0040182,2025,MIA,1
3881,D.Tranquill,00-0035262,2019,LAC,1
3882,D.Tranquill,00-0035262,2021,LAC,1
3883,D.Tranquill,00-0035262,2024,KC,1
3884,D.Trevathan,00-0029577,2016,CHI,1
3885,D.Trevathan,00-0029577,2017,CHI,4
3886,D.Trevathan,00-0029577,2018,CHI,1
3887,D.Trevathan,00-0029577,2019,CHI,1
3888,D.Trevathan,00-0029577,2020,CHI,3
3889,D.Trufant,00-0030562,2016,ATL,2
3890,D.Trufant,00-0030562,2017,ATL,4
3891,D.Trufant,00-0030562,2018,ATL,5
3892,D.Trufant,00-0030562,2020,DET,4
3893,D.Tucker,00-0039578,2024,IND,1
3894,D.Tucker,00-0039578,2025,IND,2
3895,D.Turner,00-0036527,2023,LV,1
3896,D.Turner,00-0036527,2024,LV,1
3897,D.Turner,00-0038549,2023,CIN,3
3898,D.Turner,00-0038549,2024,CIN,3
3899,D.Turner,00-0038549,2025,CIN,2
3900,D.Turner,00-0039924,2024,MIN,4
3901,D.Turner,00-0039924,2025,MIN,4
3902,D.Turner-Yell,00-0037264,2022,DEN,1
3903,D.Vaeao,00-0032859,2016,PHI,2
3904,D.Vaeao,00-0032859,2017,PHI,3
3905,D.Vele,00-0039424,2025,NO,2
3906,D.Virgin,00-0033779,2019,DET,7
3907,D.Virgin,00-0033779,2021,CHI,1
3908,D.Vitale,00-0032794,2019,GB,1
3909,D.Walker,00-0024389,2016,TEN,5
3910,D.Walker,00-0024389,2017,TEN,3
3911,D.Walker,00-0024389,2018,TEN,1
3912,D.Walker,00-0033782,2020,DEN,1
3913,D.Walker,00-0033782,2021,HOU,2
3914,D.Walker,00-0033782,2023,CHI,2
3915,D.Walker,00-0039792,2025,BAL,2
3916,D.Walker,00-0040710,2025,BUF,1
3917,D.Waller,00-0031610,2016,BAL,1
3918,D.Waller,00-0031610,2019,LV,1
3919,D.Waller,00-0031610,2020,LV,2
3920,D.Waller,00-0031610,2021,LV,2
3921,D.Waller,00-0031610,2022,LV,1
3922,D.Waller,00-0031610,2025,MIA,1
3923,D.Ward,00-0034856,2018,CLE,3
3924,D.Ward,00-0034856,2019,CLE,6
3925,D.Ward,00-0034856,2020,CLE,2
3926,D.Ward,00-0034856,2021,CLE,3
3927,D.Ward,00-0034856,2022,CLE,5
3928,D.Ward,00-0034856,2023,CLE,3
3929,D.Ward,00-0034856,2024,CLE,3
3930,D.Ward,00-0034856,2025,CLE,3
3931,D.Ware,00-0023445,2016,DEN,2
3932,D.Washington,00-0032450,2016,DET,1
3933,D.Washington,00-0032450,2017,DET,1
3934,D.Washington,00-0032450,2018,NO,1
3935,D.Washington,00-0032450,2019,NO,1
3936,D.Washington,00-0032450,2020,NO,1
3937,D.Washington,00-0032450,2021,NO,1
3938,D.Washington,00-0032450,2022,NO,1
3939,D.Washington,00-0032450,2023,DEN,1
3940,D.Washington,00-0032940,2016,LV,1
3941,D.Washington,00-0032940,2019,LV,1
3942,D.Washington,00-0038558,2023,PIT,2
3943,D.Washington,00-0038558,2024,PIT,4
3944,D.Washington,00-0038558,2025,PIT,1
3945,D.Watson,00-0027812,2016,DEN,1
3946,D.Watson,00-0027812,2017,SF,1
3947,D.Watson,00-0033537,2017,HOU,1
3948,D.Watson,00-0033537,2018,HOU,1
3949,D.Watson,00-0033537,2022,CLE,1
3950,D.Watson,00-0033537,2023,CLE,2
3951,D.Watson,00-0033537,2024,CLE,1
3952,D.Watt,00-0032897,2016,LAC,1
3953,D.Webb,00-0033550,2022,NYG,1
3954,D.Westbrook,00-0033839,2017,JAX,3
3955,D.Westbrook,00-0033839,2018,JAX,3
3956,D.Westbrook,00-0033839,2019,JAX,2
3957,D.White,00-0031511,2019,CAR,2
3958,D.White,00-0032788,2019,ATL,1
3959,D.White,00-0035707,2019,TB,1
3960,D.White,00-0035707,2020,TB,4
3961,D.White,00-0035707,2021,TB,3
3962,D.White,00-0035707,2022,TB,3
3963,D.White,00-0035707,2023,TB,1
3964,D.White,00-0035707,2025,LV,4
3965,D.Whitner,00-0024223,2016,WAS,1
3966,D.Wicks,00-0038393,2023,GB,2
3967,D.Wicks,00-0038393,2024,GB,1
3968,D.Williams,00-0027877,2016,LV,1
3969,D.Williams,00-0030874,2016,MIA,1
3970,D.Williams,00-0030874,2017,MIA,1
3971,D.Williams,00-0031567,2017,CAR,2
3972,D.Williams,00-0031567,2019,CAR,1
3973,D.Williams,00-0031567,2020,BUF,3
3974,D.Williams,00-0031567,2021,BUF,3
3975,D.Williams,00-0031795,2020,DEN,1
3976,D.Williams,00-0031795,2022,DEN,1
3977,D.Williams,00-0031795,2023,CAR,1
3978,D.Williams,00-0031821,2017,LA,1
3979,D.Williams,00-0034203,2019,LA,3
3980,D.Williams,00-0034203,2020,LA,3
3981,D.Williams,00-0034203,2021,LA,4
3982,D.Williams,00-0034203,2022,JAX,3
3983,D.Williams,00-0034203,2024,LA,1
3984,D.Williams,00-0034203,2025,LA,2
3985,D.Williams,00-0034301,2022,ARI,1
3986,D.Williams,00-0038557,2023,BUF,3
3987,D.Williams,00-0038557,2025,BUF,3
3988,D.Willis,00-0035401,2019,CIN,1
3989,D.Wilson,00-0032215,2017,DAL,2
3990,D.Wilson,00-0032215,2018,DAL,1
3991,D.Wilson,00-0032215,2019,KC,2
3992,D.Wilson,00-0032215,2020,KC,2
3993,D.Wilson,00-0032215,2021,JAX,1
3994,D.Wilson,00-0032215,2022,CAR,2
3995,D.Wilson,00-0035301,2020,DAL,3
3996,D.Wilson,00-0035301,2021,DAL,2
3997,D.Wilson,00-0035301,2022,DAL,5
3998,D.Wilson,00-0035301,2023,DAL,4
3999,D.Wilson,00-0035301,2025,DAL,1
4000,D.Wilson,00-0038674,2023,ARI,1
4001,D.Winters,00-0038625,2023,SF,1
4002,D.Winters,00-0038625,2025,SF,2
4003,D.Wise,00-0033947,2017,NE,4
4004,D.Wise,00-0033947,2018,NE,2
4005,D.Wise,00-0033947,2019,NE,4
4006,D.Wise,00-0033947,2020,NE,1
4007,D.Wise,00-0033947,2021,NE,4
4008,D.Wise,00-0033947,2023,NE,4
4009,D.Wise,00-0033947,2024,NE,3
4010,D.Wise,00-0033947,2025,WAS,1
4011,D.Wise Jr.,00-0033947,2019,NE,2
4012,D.Witherspoon,00-0039169,2023,SEA,5
4013,D.Witherspoon,00-0039169,2024,SEA,6
4014,D.Witherspoon,00-0039169,2025,SEA,3
4015,D.Wolfe,00-0029586,2016,DEN,2
4016,D.Wolfe,00-0029586,2017,DEN,3
4017,D.Wolfe,00-0029586,2018,DEN,2
4018,D.Wolfe,00-0029586,2019,DEN,4
4019,D.Wolfe,00-0029586,2020,BAL,2
4020,D.Wonnum,00-0036335,2020,MIN,1
4021,D.Wonnum,00-0036335,2021,MIN,2
4022,D.Wonnum,00-0036335,2022,MIN,1
4023,D.Worley,00-0032891,2016,CAR,2
4024,D.Worley,00-0032891,2017,CAR,6
4025,D.Worley,00-0032891,2018,LV,1
4026,D.Worley,00-0032891,2019,LV,2
4027,D.Worley,00-0032891,2020,BUF,1
4028,D.Worley,00-0032891,2020,DAL,1
4029,D.Worley,00-0032891,2020,LV,1
4030,D.Worley,00-0032891,2021,BAL,1
4031,D.Worley,00-0032891,2024,TEN,1
4032,D.Wright,00-0038932,2023,CHI,11
4033,D.Wright,00-0038932,2024,CHI,6
4034,D.Wright,00-0038932,2025,CHI,12
4035,D.Wyatt,00-0037075,2023,GB,3
4036,D.Wyatt,00-0037075,2024,GB,2
4037,D.Young,00-0037093,2022,SEA,2
4038,D.Young,00-0037093,2024,SEA,1
4039,DK.Metcalf,00-0035640,2019,SEA,2
4040,Da.Bell,00-0037332,2024,CLE,2
4041,Da.Jones,00-0031054,2024,BUF,2
4042,Da.Long,00-0035665,2024,IND,1
4043,Da.Moore,00-0030069,2020,SEA,2
4044,Da.Williams,00-0031567,2020,BUF,3
4045,Da.Williams,00-0031567,2021,BUF,3
4046,Da.Williams,00-0034301,2021,KC,2
4047,Da.Williams,00-0037984,2022,BAL,2
4048,Dam.Williams,00-0030874,2019,KC,2
4049,De.Thomas,00-0027874,2018,DEN,2
4050,De.Thomas,00-0027874,2018,HOU,2
4051,De.Walker,00-0024389,2019,TEN,1
4052,Der.Brown,00-0036220,2023,CAR,3
4053,Di.Johnson,00-0035216,2024,CAR,1
4054,Dj.Johnson,00-0038535,2024,CAR,2
4055,Dj.Jones,00-0033297,2022,DEN,1
4056,Dj.Moore,00-0034827,2021,CAR,1
4057,Do.Wilson,00-0035301,2024,DAL,2
4058,E.Anderson,00-0039696,2024,SF,2
4059,E.Ankou,00-0033598,2021,BUF,1
4060,E.Ansah,00-0030059,2016,DET,1
4061,E.Ansah,00-0030059,2018,DET,1
4062,E.Ansah,00-0030059,2019,SEA,2
4063,E.Apple,00-0032379,2016,NYG,6
4064,E.Apple,00-0032379,2017,NYG,7
4065,E.Apple,00-0032379,2018,NO,8
4066,E.Apple,00-0032379,2018,NYG,1
4067,E.Apple,00-0032379,2019,NO,8
4068,E.Apple,00-0032379,2021,CIN,9
4069,E.Apple,00-0032379,2022,CIN,4
4070,E.Apple,00-0032379,2023,MIA,4
4071,E.Arroyo,00-0040739,2025,SEA,1
4072,E.Ayomanor,00-0040170,2025,TEN,2
4073,E.Bassey,00-0035862,2022,DEN,3
4074,E.Bassey,00-0035862,2023,DEN,1
4075,E.Bassey,00-0035862,2023,LAC,1
4076,E.Baylis,00-0033763,2017,HOU,1
4077,E.Benjamin,00-0036383,2022,ARI,1
4078,E.Berry,00-0027858,2016,KC,3
4079,E.Boehm,00-0032777,2016,ARI,2
4080,E.Boehm,00-0032777,2017,ARI,4
4081,E.Boehm,00-0032777,2018,IND,2
4082,E.Boehm,00-0032777,2019,MIA,4
4083,E.Bonner,00-0038684,2025,MIA,2
4084,E.Brown,00-0034495,2021,DET,3
4085,E.Brown,00-0034495,2022,DET,4
4086,E.Brown,00-0034495,2023,SEA,5
4087,E.Brown,00-0034495,2024,ARI,2
4088,E.Campbell,00-0034248,2021,MIA,1
4089,E.Campbell,00-0034248,2022,MIA,3
4090,E.Campbell,00-0034248,2023,MIA,3
4091,E.Campbell,00-0034248,2024,MIA,3
4092,E.Chatman,00-0039764,2024,NYG,1
4093,E.Cleary,00-0029821,2016,DAL,1
4094,E.Cleary,00-0029821,2017,DET,1
4095,E.Cleveland,00-0036327,2020,MIN,1
4096,E.Cleveland,00-0036327,2021,MIN,3
4097,E.Cleveland,00-0036327,2022,MIN,4
4098,E.Cleveland,00-0036327,2023,JAX,1
4099,E.Cleveland,00-0036327,2023,MIN,2
4100,E.Cleveland,00-0036327,2024,JAX,2
4101,E.Cleveland,00-0036327,2025,JAX,1
4102,E.Cooks,00-0038667,2023,JAX,2
4103,E.Cooper,00-0039850,2024,GB,2
4104,E.Decker,00-0027690,2016,NYJ,1
4105,E.Decker,00-0027690,2017,TEN,5
4106,E.Deckers,00-0038817,2025,TB,1
4107,E.Dickson,00-0027675,2016,CAR,4
4108,E.Dumervil,00-0024341,2017,SF,2
4109,E.Ebron,00-0031387,2016,DET,5
4110,E.Ebron,00-0031387,2017,DET,1
4111,E.Ebron,00-0031387,2018,IND,5
4112,E.Ebron,00-0031387,2020,PIT,7
4113,E.Egbuka,00-0040129,2025,TB,3
4114,E.Elliott,00-0033045,2016,DAL,3
4115,E.Elliott,00-0033045,2018,DAL,3
4116,E.Elliott,00-0033045,2019,DAL,3
4117,E.Engram,00-0033881,2017,NYG,6
4118,E.Engram,00-0033881,2018,NYG,2
4119,E.Engram,00-0033881,2019,NYG,2
4120,E.Engram,00-0033881,2020,NYG,2
4121,E.Engram,00-0033881,2022,JAX,4
4122,E.Engram,00-0033881,2023,JAX,3
4123,E.Engram,00-0033881,2025,DEN,2
4124,E.Fisher,00-0030584,2016,KC,9
4125,E.Fisher,00-0030584,2017,KC,5
4126,E.Fisher,00-0030584,2018,KC,9
4127,E.Fisher,00-0030584,2019,KC,4
4128,E.Fisher,00-0030584,2020,KC,5
4129,E.Fisher,00-0030584,2021,IND,6
4130,E.Flowers,00-0032259,2016,NYG,13
4131,E.Flowers,00-0032259,2017,NYG,6
4132,E.Flowers,00-0032259,2018,JAX,1
4133,E.Flowers,00-0032259,2018,NYG,2
4134,E.Flowers,00-0032259,2019,WAS,4
4135,E.Flowers,00-0032259,2020,MIA,3
4136,E.Flowers,00-0032259,2021,WAS,1
4137,E.Forbes,00-0039151,2023,WAS,3
4138,E.Forbes,00-0039151,2024,WAS,1
4139,E.Forbes,00-0039151,2025,LA,4
4140,E.Gaines,00-0031394,2017,BUF,2
4141,E.Garror,00-0038961,2023,TEN,1
4142,E.Goldman,00-0031551,2017,CHI,4
4143,E.Goldman,00-0031551,2019,CHI,3
4144,E.Goldman,00-0031551,2021,CHI,1
4145,E.Goldman,00-0031551,2024,ATL,2
4146,E.Griffen,00-0027701,2016,MIN,7
4147,E.Griffen,00-0027701,2017,MIN,4
4148,E.Griffen,00-0027701,2018,MIN,4
4149,E.Griffen,00-0027701,2019,MIN,8
4150,E.Griffen,00-0027701,2020,DAL,2
4151,E.Griffen,00-0027701,2020,DET,3
4152,E.Griffen,00-0027701,2021,MIN,7
4153,E.Hallett,00-0038620,2025,DET,1
4154,E.Harold,00-0032060,2016,SF,6
4155,E.Harold,00-0032060,2017,SF,2
4156,E.Harold,00-0032060,2018,DET,1
4157,E.Harris,00-0032320,2018,LV,1
4158,E.Harris,00-0032320,2019,LV,3
4159,E.Harris,00-0032320,2021,ATL,2
4160,E.Harris,00-0032320,2022,ATL,1
4161,E.Hicks,00-0037096,2024,CHI,2
4162,E.Hicks,00-0037096,2025,CHI,1
4163,E.Higgins,00-0039041,2023,ARI,3
4164,E.Higgins,00-0039041,2024,ARI,4
4165,E.Higgins,00-0039041,2025,ARI,3
4166,E.Hood,00-0027008,2016,WAS,2
4167,E.Hood,00-0027008,2017,WAS,2
4168,E.Ingram,00-0038131,2022,MIN,3
4169,E.Ingram,00-0038131,2023,MIN,5
4170,E.Ingram,00-0038131,2024,MIN,2
4171,E.Ingram,00-0038131,2025,HOU,2
4172,E.Jackson,00-0031704,2016,IND,1
4173,E.Jackson,00-0033784,2018,CHI,2
4174,E.Jackson,00-0033784,2019,CHI,2
4175,E.Jackson,00-0033784,2020,CHI,3
4176,E.Jackson,00-0033784,2021,CHI,1
4177,E.Jackson,00-0033784,2022,CHI,1
4178,E.Jackson,00-0033784,2023,CHI,1
4179,E.Jackson,00-0033784,2024,BAL,1
4180,E.Jenkins,00-0035526,2019,GB,10
4181,E.Jenkins,00-0035526,2020,GB,6
4182,E.Jenkins,00-0035526,2021,GB,3
4183,E.Jenkins,00-0035526,2022,GB,4
4184,E.Jenkins,00-0035526,2023,GB,3
4185,E.Jenkins,00-0035526,2024,GB,9
4186,E.Jenkins,00-0035526,2025,GB,3
4187,E.Jenkins,00-0038498,2025,PHI,1
4188,E.Jones,00-0036994,2021,LA,1
4189,E.Jones,00-0036994,2022,LA,3
4190,E.Jones,00-0036994,2023,LA,1
4191,E.Jones,00-0036994,2025,SEA,3
4192,E.Jones,00-0040068,2025,BAL,1
4193,E.Kendricks,00-0031554,2017,MIN,2
4194,E.Kendricks,00-0031554,2018,MIN,2
4195,E.Kendricks,00-0031554,2021,MIN,3
4196,E.Kendricks,00-0031554,2022,MIN,2
4197,E.Kendricks,00-0031554,2023,LAC,1
4198,E.Klein,00-0039411,2025,TB,2
4199,E.Kush,00-0030094,2016,CHI,1
4200,E.Kush,00-0030094,2018,CHI,2
4201,E.Kush,00-0030094,2019,CLE,4
4202,E.Lamur,00-0029479,2017,MIN,1
4203,E.Lee,00-0032730,2018,DET,1
4204,E.Lee,00-0033973,2017,SF,2
4205,E.Lee,00-0033973,2018,SF,2
4206,E.Lee,00-0033973,2020,CLE,3
4207,E.Lee,00-0033973,2020,DET,1
4208,E.Lee,00-0033973,2021,CLE,1
4209,E.Leota,00-0038782,2023,CAR,1
4210,E.Manning,00-0022803,2016,NYG,2
4211,E.Manning,00-0022803,2017,NYG,4
4212,E.Manning,00-0022803,2019,NYG,1
4213,E.Manuel,00-0030526,2017,LV,1
4214,E.McCoy,00-0035242,2019,NO,8
4215,E.McCoy,00-0035242,2020,NO,3
4216,E.McCoy,00-0035242,2021,NO,7
4217,E.McCoy,00-0035242,2022,NO,5
4218,E.McCoy,00-0035242,2023,NO,5
4219,E.McCoy,00-0035242,2024,NO,2
4220,E.McCoy,00-0035242,2025,NO,2
4221,E.Mitchell,00-0027684,2016,MIA,1
4222,E.Mitchell,00-0027684,2017,SF,3
4223,E.Mitchell,00-0036567,2021,SF,1
4224,E.Mitchell,00-0036567,2022,SF,1
4225,E.Molden,00-0036992,2023,TEN,2
4226,E.Molden,00-0036992,2025,LAC,2
4227,E.Moore,00-0036980,2021,NYJ,3
4228,E.Moore,00-0036980,2022,NYJ,1
4229,E.Moore,00-0036980,2023,CLE,1
4230,E.Moore,00-0036980,2024,CLE,2
4231,E.Moseley,00-0034096,2019,SF,2
4232,E.Moseley,00-0034096,2020,SF,3
4233,E.Moseley,00-0034096,2021,SF,3
4234,E.Moseley,00-0034096,2022,SF,2
4235,E.Moseley,00-0034096,2024,DET,1
4236,E.Murray,00-0033038,2016,KC,1
4237,E.Murray,00-0033038,2017,KC,7
4238,E.Murray,00-0033038,2018,KC,2
4239,E.Murray,00-0033038,2019,CLE,3
4240,E.Murray,00-0033038,2020,HOU,5
4241,E.Murray,00-0033038,2021,HOU,4
4242,E.Murray,00-0033038,2022,HOU,1
4243,E.Murray,00-0033038,2024,HOU,3
4244,E.Murray,00-0033038,2025,JAX,2
4245,E.Neal,00-0037612,2022,NYG,6
4246,E.Neal,00-0037612,2023,NYG,4
4247,E.Neal,00-0037612,2024,NYG,7
4248,E.Obada,00-0031500,2018,CAR,2
4249,E.Obada,00-0031500,2019,CAR,1
4250,E.Obada,00-0031500,2020,CAR,2
4251,E.Obada,00-0031500,2021,BUF,3
4252,E.Obada,00-0031500,2022,WAS,1
4253,E.Ogbah,00-0033073,2016,CLE,2
4254,E.Ogbah,00-0033073,2017,CLE,1
4255,E.Ogbah,00-0033073,2018,CLE,3
4256,E.Ogbah,00-0033073,2020,MIA,1
4257,E.Ogbah,00-0033073,2021,MIA,1
4258,E.Ogbah,00-0033073,2022,MIA,1
4259,E.Ogbah,00-0033073,2023,MIA,1
4260,E.Ogbah,00-0033073,2024,MIA,1
4261,E.Oliver,00-0035230,2019,BUF,2
4262,E.Oliver,00-0035230,2020,BUF,6
4263,E.Oliver,00-0035230,2021,BUF,5
4264,E.Oliver,00-0035230,2022,BUF,1
4265,E.Oliver,00-0035230,2023,BUF,6
4266,E.Oliver,00-0035230,2024,BUF,1
4267,E.Oliver,00-0035230,2025,BUF,1
4268,E.Otomewo,00-0037274,2025,PIT,1
4269,E.Penny,00-0032813,2018,NYG,2
4270,E.Penny,00-0032813,2019,NYG,2
4271,E.Penny,00-0032813,2021,NYG,3
4272,E.Pineiro,00-0034173,2024,CAR,3
4273,E.Pineiro,00-0034173,2025,SF,2
4274,E.Pinkins,00-0031084,2016,NYG,1
4275,E.Pleasant,00-0029520,2016,HOU,1
4276,E.Pleasant,00-0029520,2017,HOU,6
4277,E.Pocic,00-0033901,2017,SEA,5
4278,E.Pocic,00-0033901,2018,SEA,4
4279,E.Pocic,00-0033901,2019,SEA,1
4280,E.Pocic,00-0033901,2020,SEA,3
4281,E.Pocic,00-0033901,2021,SEA,1
4282,E.Pocic,00-0033901,2022,CLE,1
4283,E.Pocic,00-0033901,2023,CLE,6
4284,E.Pocic,00-0033901,2024,CLE,6
4285,E.Pocic,00-0033901,2025,CLE,2
4286,E.Pole,00-0040092,2025,KC,3
4287,E.Ponder,00-0040574,2025,NE,3
4288,E.Qualls,00-0033584,2017,PHI,2
4289,E.Rakestraw,00-0039862,2024,DET,1
4290,E.Reid,00-0030548,2016,SF,4
4291,E.Reid,00-0030548,2017,SF,4
4292,E.Reid,00-0030548,2018,CAR,2
4293,E.Reid,00-0030548,2019,CAR,2
4294,E.Ricks,00-0038487,2023,PHI,3
4295,E.Riley,00-0036002,2020,PHI,1
4296,E.Riley,00-0036002,2022,PIT,1
4297,E.Roberts,00-0032442,2016,NE,1
4298,E.Roberts,00-0032442,2018,NE,1
4299,E.Roberts,00-0032442,2019,NE,2
4300,E.Roberts,00-0032442,2021,MIA,2
4301,E.Roberts,00-0032442,2022,MIA,2
4302,E.Roberts,00-0032442,2023,PIT,2
4303,E.Roberts,00-0032442,2025,LV,1
4304,E.Roberts,00-0040183,2025,TB,1
4305,E.Robinson,00-0031624,2016,MIN,1
4306,E.Robinson,00-0031624,2020,ATL,1
4307,E.Robinson,00-0031624,2021,SEA,1
4308,E.Rogers,00-0031782,2016,PIT,2
4309,E.Rogers,00-0031782,2017,PIT,2
4310,E.Rowe,00-0031555,2016,NE,4
4311,E.Rowe,00-0031555,2017,NE,1
4312,E.Rowe,00-0031555,2019,MIA,6
4313,E.Rowe,00-0031555,2020,MIA,2
4314,E.Rowe,00-0031555,2021,MIA,3
4315,E.Sanders,00-0027685,2016,DEN,4
4316,E.Sanders,00-0027685,2017,DEN,1
4317,E.Sanders,00-0027685,2018,DEN,2
4318,E.Sanders,00-0027685,2019,DEN,2
4319,E.Sanders,00-0027685,2019,SF,5
4320,E.Sanders,00-0027685,2020,NO,1
4321,E.Sanders,00-0027685,2021,BUF,5
4322,E.Saubert,00-0033576,2017,ATL,2
4323,E.Saubert,00-0033576,2018,ATL,2
4324,E.Saubert,00-0033576,2020,JAX,1
4325,E.Saubert,00-0033576,2021,DEN,2
4326,E.Saubert,00-0033576,2022,DEN,2
4327,E.Saubert,00-0033576,2023,HOU,1
4328,E.Saubert,00-0033576,2024,SF,4
4329,E.Saubert,00-0033576,2025,SEA,4
4330,E.Sims,00-0027787,2016,LA,4
4331,E.Smith,00-0026784,2017,TB,5
4332,E.Smith,00-0026784,2018,TB,2
4333,E.Speed,00-0034987,2020,IND,3
4334,E.Speed,00-0034987,2022,IND,4
4335,E.Speed,00-0034987,2023,IND,6
4336,E.Speed,00-0034987,2024,IND,2
4337,E.Speed,00-0034987,2025,HOU,4
4338,E.St. Brown,00-0034279,2018,GB,1
4339,E.St. Brown,00-0034279,2021,GB,3
4340,E.Stokes,00-0036901,2021,GB,3
4341,E.Stokes,00-0036901,2022,GB,2
4342,E.Stokes,00-0036901,2024,GB,1
4343,E.Stokes,00-0036901,2025,LV,2
4344,E.Swoope,00-0030854,2016,IND,2
4345,E.Thomas,00-0027866,2016,SEA,2
4346,E.Thomas,00-0027866,2017,SEA,1
4347,E.Thomas,00-0027866,2018,SEA,1
4348,E.Thomas,00-0027866,2019,BAL,1
4349,E.Thomas III,00-0027866,2019,BAL,2
4350,E.Tomlinson,00-0031690,2016,NYJ,1
4351,E.Tomlinson,00-0031690,2017,NYJ,1
4352,E.Tomlinson,00-0031690,2018,NYJ,5
4353,E.Tomlinson,00-0031690,2019,NE,1
4354,E.Tomlinson,00-0031690,2020,BAL,1
4355,E.Tomlinson,00-0031690,2021,BAL,3
4356,E.Tomlinson,00-0031690,2022,DEN,3
4357,E.Tomlinson,00-0031690,2024,LAC,2
4358,E.Turner,00-0034490,2018,ARI,1
4359,E.Turner,00-0034490,2019,ARI,3
4360,E.Turner,00-0034490,2021,ARI,1
4361,E.Turner,00-0034490,2023,ARI,1
4362,E.Uwazurike,00-0038106,2025,DEN,1
4363,E.Walden,00-0026307,2016,IND,3
4364,E.Walden,00-0026307,2017,TEN,4
4365,E.Watford,00-0030504,2016,ARI,4
4366,E.Watford,00-0030504,2017,ARI,3
4367,E.Watford,00-0030504,2019,TB,3
4368,E.Watts,00-0039291,2024,NYJ,2
4369,E.Weddle,00-0025424,2016,BAL,1
4370,E.Weddle,00-0025424,2019,LA,1
4371,E.Weddle,00-0025424,2021,LA,1
4372,E.Weems,00-0024535,2017,TEN,3
4373,E.Westbrooks,00-0030986,2016,LA,2
4374,E.Westbrooks,00-0030986,2017,LA,2
4375,E.Westbrooks,00-0030986,2018,LA,2
4376,E.Wilkinson,00-0033676,2019,DEN,6
4377,E.Wilkinson,00-0033676,2020,DEN,1
4378,E.Wilkinson,00-0033676,2022,ATL,5
4379,E.Wilkinson,00-0033676,2023,ARI,5
4380,E.Wilkinson,00-0033676,2025,ATL,11
4381,E.Williams,00-0039813,2025,GB,4
4382,E.Wilson,00-0033336,2017,MIN,1
4383,E.Wilson,00-0033336,2018,MIN,2
4384,E.Wilson,00-0033336,2019,MIN,1
4385,E.Wilson,00-0033336,2020,MIN,1
4386,E.Wilson,00-0033336,2021,HOU,1
4387,E.Wilson,00-0033336,2022,GB,3
4388,E.Wilson,00-0033336,2025,MIN,1
4389,E.Winston,00-0024281,2016,CIN,2
4390,E.Wood,00-0027004,2016,BUF,3
4391,E.Wood,00-0027004,2017,BUF,4
4392,E.Yarbrough,00-0032480,2017,BUF,1
4393,E.Yarbrough,00-0032480,2018,BUF,1
4394,Em.Wilson,00-0038797,2024,GB,1
4395,Er.Wilson,00-0033336,2023,GB,1
4396,Ev.Brown,00-0034495,2025,ARI,4
4397,F.Anudike-Uzomah,00-0039006,2024,KC,1
4398,F.Bernard,00-0036028,2021,DAL,1
4399,F.Bishop,00-0030396,2016,NYJ,1
4400,F.Brown,00-0033438,2018,GB,2
4401,F.Brown,00-0033438,2018,LV,3
4402,F.Brown,00-0033994,2019,DEN,2
4403,F.Clark,00-0032210,2016,SEA,5
4404,F.Clark,00-0032210,2017,SEA,7
4405,F.Clark,00-0032210,2018,SEA,2
4406,F.Clark,00-0032210,2019,KC,4
4407,F.Clark,00-0032210,2020,KC,5
4408,F.Clark,00-0032210,2021,KC,6
4409,F.Clark,00-0032210,2022,KC,4
4410,F.Clark,00-0032210,2023,DEN,1
4411,F.Cox,00-0029653,2016,PHI,5
4412,F.Cox,00-0029653,2017,PHI,5
4413,F.Cox,00-0029653,2018,PHI,1
4414,F.Cox,00-0029653,2020,PHI,1
4415,F.Cox,00-0029653,2021,PHI,4
4416,F.Cox,00-0029653,2022,PHI,1
4417,F.Cox,00-0029653,2023,PHI,2
4418,F.Darby,00-0036951,2021,ATL,1
4419,F.Diggs,00-0040249,2025,NO,2
4420,F.Fatukasi,00-0034275,2018,NYJ,1
4421,F.Fatukasi,00-0034275,2019,NYJ,1
4422,F.Fatukasi,00-0034275,2020,NYJ,4
4423,F.Fatukasi,00-0034275,2021,NYJ,2
4424,F.Fatukasi,00-0034275,2022,JAX,3
4425,F.Fatukasi,00-0034275,2024,HOU,5
4426,F.Franks,00-0036825,2021,ATL,1
4427,F.Franks,00-0036825,2022,ATL,2
4428,F.Franks,00-0036825,2024,CAR,2
4429,F.Franks,00-0036825,2025,ATL,4
4430,F.Gore,00-0023500,2016,IND,1
4431,F.Gore,00-0023500,2017,IND,2
4432,F.Gore,00-0023500,2018,MIA,1
4433,F.Herron,00-0034590,2020,DET,1
4434,F.Johnson,00-0034951,2019,CIN,2
4435,F.Johnson,00-0034951,2020,CIN,3
4436,F.Johnson,00-0034951,2024,PHI,3
4437,F.Johnson,00-0034951,2025,PHI,6
4438,F.Lamp,00-0033542,2019,LAC,1
4439,F.Lamp,00-0033542,2020,LAC,1
4440,F.Luvu,00-0034302,2020,NYJ,1
4441,F.Luvu,00-0034302,2021,CAR,2
4442,F.Luvu,00-0034302,2022,CAR,1
4443,F.Luvu,00-0034302,2024,WAS,5
4444,F.Luvu,00-0034302,2025,WAS,1
4445,F.Mauigoa,00-0040186,2025,NYJ,1
4446,F.Merrill,00-0036780,2021,LAC,2
4447,F.Moreau,00-0033918,2018,WAS,9
4448,F.Moreau,00-0033918,2019,WAS,4
4449,F.Moreau,00-0033918,2021,ATL,8
4450,F.Moreau,00-0033918,2022,NYG,4
4451,F.Moreau,00-0033918,2023,DEN,5
4452,F.Moreau,00-0033918,2024,MIN,2
4453,F.Moreau,00-0033918,2025,MIN,1
4454,F.Moreau,00-0034981,2019,LV,1
4455,F.Moreau,00-0034981,2020,LV,1
4456,F.Moreau,00-0034981,2021,LV,4
4457,F.Moreau,00-0034981,2022,LV,4
4458,F.Moreau,00-0034981,2023,NO,4
4459,F.Moreau,00-0034981,2024,NO,6
4460,F.Moreau,00-0034981,2025,NO,1
4461,F.Oluokun,00-0034413,2018,ATL,5
4462,F.Oluokun,00-0034413,2019,ATL,2
4463,F.Oluokun,00-0034413,2020,ATL,4
4464,F.Oluokun,00-0034413,2021,ATL,1
4465,F.Oluokun,00-0034413,2022,JAX,4
4466,F.Oluokun,00-0034413,2023,JAX,1
4467,F.Oluokun,00-0034413,2024,JAX,3
4468,F.Oluokun,00-0034413,2025,JAX,1
4469,F.Ragnow,00-0034345,2018,DET,5
4470,F.Ragnow,00-0034345,2019,DET,5
4471,F.Ragnow,00-0034345,2020,DET,2
4472,F.Ragnow,00-0034345,2022,DET,3
4473,F.Ragnow,00-0034345,2023,DET,4
4474,F.Ragnow,00-0034345,2024,DET,6
4475,F.Rucker,00-0024306,2017,ARI,3
4476,F.Sarell,00-0036584,2022,LAC,2
4477,F.Swain,00-0036247,2020,SEA,2
4478,F.Swain,00-0036247,2021,SEA,1
4479,F.Toussaint,00-0031332,2016,PIT,1
4480,F.Warner,00-0034815,2018,SF,4
4481,F.Warner,00-0034815,2019,SF,1
4482,F.Warner,00-0034815,2020,SF,3
4483,F.Warner,00-0034815,2021,SF,1
4484,F.Warner,00-0034815,2022,SF,5
4485,F.Warner,00-0034815,2023,SF,2
4486,F.Warner,00-0034815,2024,SF,1
4487,F.Zombo,00-0027442,2016,KC,1
4488,F.Zombo,00-0027442,2017,KC,3
4489,F.Zombo,00-0027442,2018,KC,2
4490,G.Allison,00-0032626,2017,GB,1
4491,G.Allison,00-0032626,2018,GB,1
4492,G.Allison,00-0032626,2019,GB,2
4493,G.Arnold,00-0035995,2022,HOU,1
4494,G.Atkins,00-0027720,2017,CIN,2
4495,G.Atkins,00-0027720,2018,CIN,3
4496,G.Atkins,00-0027720,2019,CIN,3
4497,G.Atkins,00-0027720,2020,CIN,1
4498,G.Avery,00-0034682,2018,CLE,4
4499,G.Avery,00-0034682,2019,PHI,1
4500,G.Avery,00-0034682,2020,PHI,2
4501,G.Avery,00-0034682,2021,PHI,2
4502,G.Avery,00-0034682,2022,TB,3
4503,G.Barton,00-0039905,2024,TB,8
4504,G.Barton,00-0039905,2025,TB,5
4505,G.Bernard,00-0030456,2016,CIN,1
4506,G.Bernard,00-0030456,2017,CIN,4
4507,G.Bernard,00-0030456,2018,CIN,2
4508,G.Bolles,00-0033538,2017,DEN,12
4509,G.Bolles,00-0033538,2018,DEN,10
4510,G.Bolles,00-0033538,2019,DEN,10
4511,G.Bolles,00-0033538,2020,DEN,4
4512,G.Bolles,00-0033538,2021,DEN,6
4513,G.Bolles,00-0033538,2022,DEN,5
4514,G.Bolles,00-0033538,2023,DEN,8
4515,G.Bolles,00-0033538,2024,DEN,12
4516,G.Bolles,00-0033538,2025,DEN,6
4517,G.Bradbury,00-0035588,2019,MIN,7
4518,G.Bradbury,00-0035588,2020,MIN,2
4519,G.Bradbury,00-0035588,2021,MIN,5
4520,G.Bradbury,00-0035588,2022,MIN,2
4521,G.Bradbury,00-0035588,2023,MIN,3
4522,G.Bradbury,00-0035588,2024,MIN,4
4523,G.Bradbury,00-0035588,2025,NE,1
4524,G.Brightwell,00-0036569,2021,NYG,1
4525,G.Brightwell,00-0036569,2023,NYG,1
4526,G.Calcaterra,00-0037086,2022,PHI,1
4527,G.Calcaterra,00-0037086,2024,PHI,3
4528,G.Calcaterra,00-0037086,2025,PHI,1
4529,G.Celek,00-0028903,2016,SF,4
4530,G.Celek,00-0028903,2017,SF,5
4531,G.Celek,00-0028903,2018,SF,6
4532,G.Celek,00-0028903,2019,SF,2
4533,G.Cherilus,00-0026157,2016,TB,3
4534,G.Christian,00-0034817,2018,WAS,1
4535,G.Christian,00-0034817,2019,WAS,1
4536,G.Christian,00-0034817,2020,WAS,1
4537,G.Christian,00-0034817,2021,HOU,5
4538,G.Christian,00-0034817,2023,CLE,3
4539,G.Christian,00-0034817,2023,HOU,1
4540,G.Conley,00-0033882,2018,LV,4
4541,G.Conley,00-0033882,2019,LV,3
4542,G.Davis,00-0031953,2018,LAC,1
4543,G.Davis,00-0031953,2019,LAC,2
4544,G.Davis,00-0036196,2020,BUF,2
4545,G.Davis,00-0036196,2021,BUF,1
4546,G.Davis,00-0036196,2022,BUF,3
4547,G.Davis,00-0036196,2024,JAX,3
4548,G.Delpit,00-0036282,2021,CLE,1
4549,G.Delpit,00-0036282,2022,CLE,3
4550,G.Delpit,00-0036282,2023,CLE,2
4551,G.Delpit,00-0036282,2024,CLE,2
4552,G.Delpit,00-0036282,2025,CLE,1
4553,G.Dexter,00-0039070,2023,CHI,1
4554,G.Dexter,00-0039070,2024,CHI,1
4555,G.Dexter,00-0039070,2025,CHI,3
4556,G.Dieter,00-0033474,2018,KC,2
4557,G.Dieter,00-0033474,2020,KC,1
4558,G.Dorsey,00-0026145,2016,SF,1
4559,G.Dortch,00-0035500,2021,ARI,1
4560,G.Dortch,00-0035500,2022,ARI,1
4561,G.Dortch,00-0035500,2023,ARI,1
4562,G.Dortch,00-0035500,2025,ARI,1
4563,G.Dulcich,00-0037252,2024,NYG,1
4564,G.Edwards,00-0034184,2019,BAL,2
4565,G.Edwards,00-0034184,2023,BAL,2
4566,G.Escobar,00-0030544,2016,DAL,2
4567,G.Everett,00-0033895,2017,LA,2
4568,G.Everett,00-0033895,2019,LA,1
4569,G.Everett,00-0033895,2020,LA,3
4570,G.Everett,00-0033895,2021,SEA,3
4571,G.Everett,00-0033895,2022,LAC,1
4572,G.Everett,00-0033895,2024,CHI,2
4573,G.Fant,00-0032466,2016,SEA,8
4574,G.Fant,00-0032466,2018,SEA,5
4575,G.Fant,00-0032466,2019,SEA,1
4576,G.Fant,00-0032466,2020,NYJ,2
4577,G.Fant,00-0032466,2021,NYJ,2
4578,G.Fant,00-0032466,2022,NYJ,8
4579,G.Fant,00-0032466,2023,HOU,4
4580,G.Gaines,00-0035667,2021,LA,1
4581,G.Gaines,00-0035667,2022,LA,1
4582,G.Gaines,00-0035667,2023,TB,1
4583,G.Gaines,00-0035667,2024,TB,2
4584,G.Gaines,00-0035667,2025,TB,2
4585,G.Gilliam,00-0030899,2016,SEA,4
4586,G.Glasgow,00-0032395,2016,DET,6
4587,G.Glasgow,00-0032395,2017,DET,4
4588,G.Glasgow,00-0032395,2018,DET,3
4589,G.Glasgow,00-0032395,2019,DET,3
4590,G.Glasgow,00-0032395,2020,DEN,4
4591,G.Glasgow,00-0032395,2021,DEN,2
4592,G.Glasgow,00-0032395,2022,DEN,7
4593,G.Glasgow,00-0032395,2023,DET,4
4594,G.Glasgow,00-0032395,2024,DET,6
4595,G.Glasgow,00-0032395,2025,DET,2
4596,G.Gradkowski,00-0029268,2016,CAR,2
4597,G.Griffin,00-0033095,2021,NO,2
4598,G.Grissom,00-0031940,2016,NE,1
4599,G.Gronkowski,00-0032499,2016,BUF,1
4600,G.Haley,00-0034502,2019,NYG,1
4601,G.Haley,00-0034502,2020,NO,1
4602,G.Helm,00-0040584,2025,TEN,2
4603,G.Heslop,00-0036056,2021,SEA,1
4604,G.Hodges,00-0030385,2018,ARI,1
4605,G.Howell,00-0034449,2019,HOU,1
4606,G.Ifedi,00-0032384,2016,SEA,6
4607,G.Ifedi,00-0032384,2017,SEA,16
4608,G.Ifedi,00-0032384,2018,SEA,10
4609,G.Ifedi,00-0032384,2019,SEA,13
4610,G.Ifedi,00-0032384,2020,CHI,5
4611,G.Ifedi,00-0032384,2021,CHI,5
4612,G.Ifedi,00-0032384,2024,CLE,4
4613,G.Iloka,00-0029215,2016,CIN,2
4614,G.Iloka,00-0029215,2017,CIN,1
4615,G.Jackson,00-0031367,2016,LV,4
4616,G.Jackson,00-0031367,2017,LV,6
4617,G.Jackson,00-0031367,2018,LV,3
4618,G.Jackson,00-0031367,2019,LV,4
4619,G.Jackson,00-0031367,2020,LV,2
4620,G.Jackson,00-0031367,2021,SEA,3
4621,G.Jackson,00-0031367,2023,CAR,1
4622,G.Jarrett,00-0031583,2016,ATL,1
4623,G.Jarrett,00-0031583,2017,ATL,3
4624,G.Jarrett,00-0031583,2018,ATL,3
4625,G.Jarrett,00-0031583,2019,ATL,3
4626,G.Jarrett,00-0031583,2020,ATL,4
4627,G.Jarrett,00-0031583,2021,ATL,2
4628,G.Jarrett,00-0031583,2022,ATL,3
4629,G.Jarrett,00-0031583,2023,ATL,1
4630,G.Jarrett,00-0031583,2024,ATL,2
4631,G.Jarrett,00-0031583,2025,CHI,2
4632,G.Joseph,00-0034450,2024,NYJ,1
4633,G.Karlaftis,00-0037192,2025,KC,3
4634,G.Kittle,00-0033288,2017,SF,3
4635,G.Kittle,00-0033288,2018,SF,6
4636,G.Kittle,00-0033288,2019,SF,2
4637,G.Kittle,00-0033288,2020,SF,3
4638,G.Kittle,00-0033288,2021,SF,4
4639,G.Kittle,00-0033288,2022,SF,4
4640,G.Kittle,00-0033288,2023,SF,2
4641,G.Kittle,00-0033288,2024,SF,5
4642,G.Larvadain,00-0040259,2025,CLE,1
4643,G.Little,00-0035694,2019,CAR,3
4644,G.Little,00-0035694,2020,CAR,1
4645,G.Little,00-0035694,2022,MIA,3
4646,G.Mabin,00-0033430,2017,BUF,1
4647,G.Mabin,00-0033430,2017,SF,2
4648,G.Mabin,00-0033430,2019,CIN,1
4649,G.Mabin,00-0033430,2020,JAX,2
4650,G.Mabin,00-0033430,2021,TEN,1
4651,G.Mancz,00-0031923,2016,HOU,4
4652,G.Mancz,00-0031923,2018,HOU,1
4653,G.McCoy,00-0027856,2016,TB,4
4654,G.McCoy,00-0027856,2017,TB,1
4655,G.McCoy,00-0027856,2018,TB,3
4656,G.McCoy,00-0027856,2019,CAR,8
4657,G.Minshew,00-0035289,2024,LV,1
4658,G.Minshew II,00-0035289,2019,JAX,1
4659,G.Murphy,00-0039715,2025,MIN,1
4660,G.Nabers,00-0035908,2020,LAC,2
4661,G.Newsome,00-0036996,2021,CLE,3
4662,G.Newsome,00-0036996,2022,CLE,2
4663,G.Newsome,00-0036996,2023,CLE,3
4664,G.Newsome,00-0036996,2024,CLE,3
4665,G.Newsome,00-0036996,2025,CLE,2
4666,G.Newsome,00-0036996,2025,JAX,3
4667,G.Odum,00-0034091,2018,IND,4
4668,G.Odum,00-0034091,2021,IND,1
4669,G.Odum,00-0034091,2023,SF,3
4670,G.Odum,00-0034091,2024,SF,2
4671,G.Odum,00-0034091,2025,IND,1
4672,G.Olsen,00-0025418,2016,CAR,2
4673,G.Olsen,00-0025418,2017,CAR,2
4674,G.Olsen,00-0025418,2020,SEA,2
4675,G.Olszewski,00-0035645,2021,NE,1
4676,G.Pickens,00-0037247,2022,PIT,5
4677,G.Pickens,00-0037247,2023,PIT,4
4678,G.Pickens,00-0037247,2024,PIT,5
4679,G.Pickens,00-0037247,2025,DAL,7
4680,G.Pratt,00-0035697,2019,CIN,2
4681,G.Pratt,00-0035697,2022,CIN,1
4682,G.Pratt,00-0035697,2023,CIN,1
4683,G.Pratt,00-0035697,2024,CIN,1
4684,G.Pratt,00-0035697,2025,LV,1
4685,G.Quin,00-0027081,2016,DET,2
4686,G.Quin,00-0027081,2018,DET,1
4687,G.Ricci,00-0035956,2025,DET,2
4688,G.Robinson,00-0031386,2016,LA,11
4689,G.Robinson,00-0031386,2017,DET,2
4690,G.Robinson,00-0031386,2018,CLE,7
4691,G.Robinson,00-0031386,2019,CLE,10
4692,G.Rousseau,00-0036914,2022,BUF,1
4693,G.Rousseau,00-0036914,2024,BUF,1
4694,G.Rousseau,00-0036914,2025,BUF,1
4695,G.Sanborn,00-0026844,2016,BUF,2
4696,G.Sanborn,00-0026844,2017,TB,1
4697,G.Sanborn,00-0026844,2018,TB,1
4698,G.Smith,00-0030565,2017,NYG,1
4699,G.Smith,00-0030565,2021,SEA,1
4700,G.Smith,00-0030565,2022,SEA,5
4701,G.Smith,00-0030565,2023,SEA,5
4702,G.Smith,00-0030565,2024,SEA,4
4703,G.Smith,00-0030565,2025,LV,1
4704,G.Smith,00-0030871,2017,SEA,1
4705,G.Stewart,00-0033952,2017,IND,2
4706,G.Stewart,00-0033952,2018,IND,4
4707,G.Stewart,00-0033952,2019,IND,1
4708,G.Stewart,00-0033952,2020,IND,3
4709,G.Stewart,00-0033952,2021,IND,2
4710,G.Stewart,00-0033952,2022,IND,1
4711,G.Stewart,00-0033952,2023,IND,1
4712,G.Stewart,00-0033952,2024,IND,2
4713,G.Stewart,00-0033952,2025,IND,3
4714,G.Stone,00-0036199,2022,BAL,2
4715,G.Stone,00-0036199,2023,BAL,1
4716,G.Stroman,00-0034337,2018,WAS,1
4717,G.Stroman,00-0034337,2023,CHI,1
4718,G.Stroman,00-0034337,2024,NYG,1
4719,G.Stuard,00-0036672,2021,TB,1
4720,G.Stuard,00-0036672,2022,IND,1
4721,G.Stuard,00-0036672,2023,IND,1
4722,G.Stuard,00-0036672,2024,IND,1
4723,G.Stuard,00-0036672,2025,DET,3
4724,G.Swaim,00-0032141,2016,DAL,2
4725,G.Swaim,00-0032141,2017,DAL,2
4726,G.Swaim,00-0032141,2018,DAL,3
4727,G.Swaim,00-0032141,2019,JAX,3
4728,G.Swaim,00-0032141,2020,TEN,4
4729,G.Swaim,00-0032141,2021,TEN,3
4730,G.Swaim,00-0032141,2022,TEN,1
4731,G.Swaim,00-0032141,2023,ARI,1
4732,G.Swaim,00-0032141,2024,CLE,1
4733,G.Tate,00-0027891,2016,DET,3
4734,G.Tate,00-0027891,2017,DET,1
4735,G.Tate,00-0027891,2018,PHI,1
4736,G.Tate,00-0027891,2019,NYG,1
4737,G.Tate,00-0027891,2020,NYG,1
4738,G.Tavecchio,00-0028907,2017,LV,1
4739,G.Toler,00-0026910,2016,WAS,1
4740,G.Van Roten,00-0029685,2017,CAR,1
4741,G.Van Roten,00-0029685,2018,CAR,2
4742,G.Van Roten,00-0029685,2019,CAR,1
4743,G.Van Roten,00-0029685,2021,NYJ,2
4744,G.Van Roten,00-0029685,2022,BUF,2
4745,G.Van Roten,00-0029685,2024,NYG,4
4746,G.Van Roten,00-0029685,2025,NYG,2
4747,G.Wallow,00-0036844,2021,HOU,1
4748,G.Wallow,00-0036844,2023,TEN,1
4749,G.Wallow,00-0036844,2025,SF,1
4750,G.Ward,00-0033733,2020,PHI,1
4751,G.Ward,00-0033733,2021,PHI,2
4752,G.Williams,00-0035638,2019,CLE,8
4753,G.Williams,00-0035638,2021,CLE,1
4754,G.Williams,00-0035638,2022,CLE,1
4755,G.Williams,00-0039007,2024,ARI,1
4756,G.Williams,00-0039007,2025,ARI,2
4757,G.Wilson,00-0037740,2022,NYJ,4
4758,G.Wilson,00-0037740,2023,NYJ,4
4759,G.Wilson,00-0037740,2024,NYJ,5
4760,G.Wilson,00-0037740,2025,NYJ,1
4761,G.Wright,00-0031574,2017,MIA,1
4762,G.Zabel,00-0040639,2025,SEA,5
4763,H.Adeniji,00-0036310,2020,CIN,2
4764,H.Adeniji,00-0036310,2021,CIN,3
4765,H.Adeniji,00-0036310,2022,CIN,3
4766,H.Adeniji,00-0036310,2025,DAL,1
4767,H.Anderson,00-0032269,2016,IND,3
4768,H.Anderson,00-0032269,2017,IND,1
4769,H.Anderson,00-0032269,2018,NYJ,1
4770,H.Anderson,00-0032269,2019,NYJ,1
4771,H.Anderson,00-0032269,2020,NYJ,1
4772,H.Bradley,00-0034168,2018,GB,1
4773,H.Bryant,00-0036008,2020,DET,1
4774,H.Bryant,00-0036232,2020,CLE,1
4775,H.Bryant,00-0036232,2021,CLE,2
4776,H.Butker,00-0033303,2024,KC,1
4777,H.Butker,00-0033303,2025,KC,2
4778,H.Clinton-Dix,00-0031333,2016,GB,5
4779,H.Clinton-Dix,00-0031333,2017,GB,2
4780,H.Clinton-Dix,00-0031333,2019,CHI,2
4781,H.Douglas,00-0026224,2016,TEN,1
4782,H.Fannin,00-0040663,2025,CLE,5
4783,H.Froholdt,00-0035258,2022,CLE,3
4784,H.Froholdt,00-0035258,2023,ARI,8
4785,H.Froholdt,00-0035258,2024,ARI,8
4786,H.Froholdt,00-0035258,2025,ARI,3
4787,H.Grasu,00-0031561,2017,CHI,1
4788,H.Grasu,00-0031561,2022,LV,2
4789,H.Hand,00-0036344,2021,MIN,2
4790,H.Hatten,00-0039445,2024,DET,1
4791,H.Henry,00-0033090,2016,LAC,4
4792,H.Henry,00-0033090,2019,LAC,4
4793,H.Henry,00-0033090,2020,LAC,1
4794,H.Henry,00-0033090,2021,NE,3
4795,H.Henry,00-0033090,2022,NE,4
4796,H.Henry,00-0033090,2023,NE,4
4797,H.Henry,00-0033090,2024,NE,4
4798,H.Henry,00-0033090,2025,NE,3
4799,H.Hill,00-0034213,2018,MIN,3
4800,H.Hill,00-0034213,2019,MIN,1
4801,H.Hill,00-0034213,2020,MIN,4
4802,H.Hurst,00-0034830,2020,ATL,1
4803,H.Hurst,00-0034830,2021,ATL,3
4804,H.Hurst,00-0034830,2022,CIN,3
4805,H.Hurst,00-0034830,2023,CAR,2
4806,H.Hurst,00-0034830,2024,LAC,1
4807,H.Jones,00-0030881,2016,TB,2
4808,H.Jones-Quartey,00-0031989,2016,CHI,1
4809,H.Landry,00-0034828,2019,TEN,2
4810,H.Landry,00-0034828,2023,TEN,2
4811,H.Landry,00-0034828,2024,TEN,1
4812,H.Landry,00-0034828,2025,NE,3
4813,H.Langi,00-0033392,2017,NE,1
4814,H.Langi,00-0033392,2019,NYJ,2
4815,H.Langi,00-0033392,2020,NYJ,3
4816,H.Long,00-0037004,2021,MIA,1
4817,H.Long,00-0037004,2024,LA,6
4818,H.Long,00-0037004,2025,JAX,2
4819,H.Luepke,00-0038738,2024,DAL,1
4820,H.Luepke,00-0038738,2025,DAL,1
4821,H.Mata'afa,00-0034215,2019,MIN,1
4822,H.Miller,00-0035210,2021,CLE,2
4823,H.Miller,00-0035210,2022,CLE,1
4824,H.Mondeaux,00-0034318,2020,PIT,3
4825,H.Nasirildeen,00-0036503,2021,NYJ,1
4826,H.Ngata,00-0024227,2016,DET,2
4827,H.Ngata,00-0024227,2017,DET,1
4828,H.Pearson,00-0038468,2023,GB,1
4829,H.Phillips,00-0034782,2022,MIN,1
4830,H.Phillips,00-0034782,2023,MIN,2
4831,H.Pullard,00-0032171,2016,JAX,2
4832,H.Pullard,00-0032171,2017,LAC,3
4833,H.Reddick,00-0033875,2017,ARI,2
4834,H.Reddick,00-0033875,2018,ARI,4
4835,H.Reddick,00-0033875,2019,ARI,1
4836,H.Reddick,00-0033875,2020,ARI,1
4837,H.Reddick,00-0033875,2021,CAR,3
4838,H.Reddick,00-0033875,2022,PHI,1
4839,H.Reddick,00-0033875,2023,PHI,2
4840,H.Reddick,00-0033875,2024,NYJ,1
4841,H.Reddick,00-0033875,2025,TB,2
4842,H.Renfrow,00-0034983,2019,LV,2
4843,H.Renfrow,00-0034983,2020,LV,2
4844,H.Ridgeway,00-0032402,2016,IND,1
4845,H.Ridgeway,00-0032402,2017,IND,2
4846,H.Ridgeway,00-0032402,2019,PHI,1
4847,H.Ridgeway,00-0032402,2021,PHI,2
4848,H.Ridgeway,00-0032402,2022,SF,1
4849,H.Ruggs,00-0036357,2021,LV,1
4850,H.Smith,00-0029606,2016,MIN,1
4851,H.Smith,00-0029606,2017,MIN,1
4852,H.Smith,00-0029606,2018,MIN,1
4853,H.Smith,00-0029606,2019,MIN,2
4854,H.Smith,00-0029606,2020,MIN,4
4855,H.Smith,00-0029606,2021,MIN,5
4856,H.Smith,00-0029606,2023,MIN,1
4857,H.Smith,00-0029606,2024,MIN,2
4858,H.Smith,00-0029606,2025,MIN,2
4859,H.To'oTo'o,00-0038599,2023,HOU,1
4860,H.To'oTo'o,00-0038599,2024,HOU,2
4861,H.To'oTo'o,00-0038599,2025,HOU,3
4862,H.Vaitai,00-0032785,2016,PHI,1
4863,H.Vaitai,00-0032785,2017,PHI,7
4864,H.Vaitai,00-0032785,2018,PHI,2
4865,H.Vaitai,00-0032785,2019,PHI,4
4866,H.Vaitai,00-0032785,2020,DET,1
4867,H.Vaitai,00-0032785,2021,DET,2
4868,H.Valles,00-0032508,2016,ARI,1
4869,I.Abdul-Quddus,00-0028564,2016,MIA,3
4870,I.Adams,00-0039808,2024,ARI,3
4871,I.Adams,00-0039808,2025,ARI,5
4872,I.Boettger,00-0034505,2020,BUF,4
4873,I.Boettger,00-0034505,2021,BUF,2
4874,I.Buggs,00-0035219,2021,PIT,1
4875,I.Buggs,00-0035219,2022,DET,3
4876,I.Burse,00-0030671,2016,LAC,1
4877,I.Campbell,00-0032198,2016,CLE,2
4878,I.Campbell,00-0032198,2017,CLE,3
4879,I.Campbell,00-0032198,2018,NYJ,1
4880,I.Campbell,00-0032198,2019,GB,1
4881,I.Charles,00-0037156,2023,NYJ,1
4882,I.Charles,00-0037156,2024,NYJ,3
4883,I.Crowell,00-0030656,2017,CLE,3
4884,I.Crowell,00-0030656,2018,NYJ,1
4885,I.Davis,00-0039798,2025,NYJ,1
4886,I.Dunn,00-0036506,2022,SEA,1
4887,I.Ekwonu,00-0037229,2022,CAR,11
4888,I.Ekwonu,00-0037229,2023,CAR,10
4889,I.Ekwonu,00-0037229,2024,CAR,11
4890,I.Ekwonu,00-0037229,2025,CAR,5
4891,I.Ford,00-0033471,2020,MIA,1
4892,I.Ford,00-0033471,2021,MIA,1
4893,I.Gaines,00-0036462,2022,GB,2
4894,I.Gaines,00-0036462,2023,GB,1
4895,I.Hodgins,00-0036165,2023,NYG,1
4896,I.Hyman,00-0034922,2019,TB,1
4897,I.Irving,00-0033635,2018,CHI,1
4898,I.Irving,00-0033635,2019,CHI,1
4899,I.Johnson,00-0031657,2016,LA,1
4900,I.Johnson,00-0032749,2018,TB,1
4901,I.Johnson,00-0034980,2020,LV,3
4902,I.Land,00-0038737,2024,IND,1
4903,I.Likely,00-0037838,2022,BAL,1
4904,I.Likely,00-0037838,2023,BAL,4
4905,I.Likely,00-0037838,2024,BAL,1
4906,I.Likely,00-0037838,2025,BAL,4
4907,I.Mack,00-0035519,2020,NE,1
4908,I.McDuffie,00-0036658,2021,GB,2
4909,I.McDuffie,00-0036658,2022,GB,1
4910,I.McDuffie,00-0036658,2023,GB,2
4911,I.McDuffie,00-0036658,2025,GB,2
4912,I.McKenzie,00-0033466,2019,BUF,2
4913,I.McKenzie,00-0033466,2020,BUF,1
4914,I.Melifonwu,00-0036993,2023,DET,2
4915,I.Melifonwu,00-0036993,2025,MIA,1
4916,I.Momah,00-0029740,2016,ARI,1
4917,I.Momah,00-0029740,2017,ARI,3
4918,I.Mukuamu,00-0036661,2023,DAL,1
4919,I.Mukuamu,00-0036661,2024,DAL,4
4920,I.Mukuamu,00-0036661,2025,CAR,1
4921,I.Odenigbo,00-0033969,2020,MIN,2
4922,I.Odenigbo,00-0033969,2021,CLE,1
4923,I.Odenigbo,00-0033969,2022,IND,3
4924,I.Oliver,00-0034357,2018,ATL,1
4925,I.Oliver,00-0034357,2019,ATL,8
4926,I.Oliver,00-0034357,2020,ATL,2
4927,I.Oliver,00-0034357,2023,SF,2
4928,I.Oliver,00-0034357,2024,NYJ,1
4929,I.Oliver,00-0034357,2025,NYJ,1
4930,I.Opeta,00-0035384,2020,PHI,1
4931,I.Opeta,00-0035384,2021,PHI,1
4932,I.Opeta,00-0035384,2022,PHI,1
4933,I.Opeta,00-0035384,2023,PHI,1
4934,I.Pace,00-0038807,2023,MIN,1
4935,I.Pace,00-0038807,2024,MIN,4
4936,I.Pace,00-0038807,2025,MIN,3
4937,I.Pacheco,00-0037197,2023,KC,1
4938,I.Pacheco,00-0037197,2025,KC,1
4939,I.Pola-Mao,00-0037512,2024,LV,1
4940,I.Pola-Mao,00-0037512,2025,LV,3
4941,I.Prince,00-0035295,2019,MIA,1
4942,I.Prince,00-0035295,2021,CIN,6
4943,I.Prince,00-0035295,2024,TEN,3
4944,I.Rochell,00-0033588,2019,LAC,1
4945,I.Rochell,00-0033588,2020,LAC,1
4946,I.Rodgers,00-0036222,2020,IND,1
4947,I.Rodgers,00-0036222,2021,IND,1
4948,I.Rodgers,00-0036222,2024,PHI,1
4949,I.Seumalo,00-0032954,2016,PHI,2
4950,I.Seumalo,00-0032954,2017,PHI,3
4951,I.Seumalo,00-0032954,2018,PHI,2
4952,I.Seumalo,00-0032954,2019,PHI,6
4953,I.Seumalo,00-0032954,2020,PHI,4
4954,I.Seumalo,00-0032954,2021,PHI,4
4955,I.Seumalo,00-0032954,2022,PHI,4
4956,I.Seumalo,00-0032954,2023,PIT,2
4957,I.Seumalo,00-0032954,2024,PIT,5
4958,I.Simmons,00-0036356,2020,ARI,4
4959,I.Simmons,00-0036356,2021,ARI,3
4960,I.Simmons,00-0036356,2023,NYG,2
4961,I.Smith,00-0034378,2019,ATL,1
4962,I.Smith,00-0034970,2019,MIN,1
4963,I.Smith,00-0034970,2020,MIN,4
4964,I.Smith,00-0034970,2022,MIN,1
4965,I.Smith,00-0034970,2023,CIN,1
4966,I.Smith,00-0034970,2024,HOU,1
4967,I.Smith-Marsette,00-0036635,2022,CHI,1
4968,I.Smith-Marsette,00-0036635,2023,CAR,3
4969,I.Stalbird,00-0039622,2024,NO,1
4970,I.TeSlaa,00-0040669,2025,DET,2
4971,I.Thomas,00-0034365,2018,CAR,2
4972,I.Thomas,00-0034365,2019,CAR,1
4973,I.Thomas,00-0034365,2020,CAR,2
4974,I.Thomas,00-0034365,2021,CAR,3
4975,I.Thomas,00-0034365,2022,CAR,2
4976,I.Thomas,00-0034365,2023,CAR,2
4977,I.Thomas,00-0034365,2025,LV,1
4978,I.Thomas,00-0037314,2022,CLE,1
4979,I.Williams,00-0033161,2021,NYJ,1
4980,I.Williams,00-0039451,2025,NYJ,1
4981,I.Wynn,00-0034833,2019,NE,3
4982,I.Wynn,00-0034833,2020,NE,1
4983,I.Wynn,00-0034833,2021,NE,8
4984,I.Wynn,00-0034833,2022,NE,8
4985,I.Wynn,00-0034833,2023,MIA,3
4986,I.Wynn,00-0034833,2024,MIA,1
4987,I.Yiadom,00-0034780,2018,DEN,4
4988,I.Yiadom,00-0034780,2019,DEN,5
4989,I.Yiadom,00-0034780,2020,NYG,1
4990,I.Yiadom,00-0034780,2021,GB,3
4991,I.Yiadom,00-0034780,2023,NO,2
4992,I.Yiadom,00-0034780,2024,SF,4
4993,I.Yiadom,00-0034780,2025,NO,2
4994,J.Abram,00-0035693,2019,LV,2
4995,J.Abram,00-0035693,2020,LV,6
4996,J.Abram,00-0035693,2021,LV,2
4997,J.Abram,00-0035693,2022,GB,2
4998,J.Abram,00-0035693,2022,SEA,1
4999,J.Abram,00-0035693,2024,NO,1
5000,J.Adams,00-0032429,2016,NYG,2
5001,J.Adams,00-0032429,2017,NYG,3
5002,J.Adams,00-0033872,2018,NYJ,2
5003,J.Adams,00-0033872,2019,NYJ,6
5004,J.Adams,00-0033872,2020,SEA,1
5005,J.Adams,00-0033872,2021,SEA,3
5006,J.Adams,00-0033872,2025,LV,2
5007,J.Addae,00-0030312,2016,LAC,1
5008,J.Addae,00-0030312,2017,LAC,4
5009,J.Addae,00-0030312,2018,LAC,3
5010,J.Addae,00-0030312,2019,HOU,4
5011,J.Addison,00-0038994,2024,MIN,2
5012,J.Adjei-Barimah,00-0032273,2016,TB,1
5013,J.Agnew,00-0033572,2017,DET,2
5014,J.Agnew,00-0033572,2020,DET,2
5015,J.Agnew,00-0033572,2023,JAX,1
5016,J.Ajayi,00-0031590,2016,MIA,5
5017,J.Ajayi,00-0031590,2017,PHI,1
5018,J.Akins,00-0034364,2018,HOU,2
5019,J.Akins,00-0034364,2019,HOU,2
5020,J.Akins,00-0034364,2020,HOU,2
5021,J.Akins,00-0034364,2021,HOU,4
5022,J.Akins,00-0034364,2022,HOU,1
5023,J.Akins,00-0034364,2024,CLE,1
5024,J.Alexander,00-0034728,2018,GB,3
5025,J.Alexander,00-0034728,2019,GB,2
5026,J.Alexander,00-0034728,2020,GB,1
5027,J.Alexander,00-0034728,2021,GB,1
5028,J.Alexander,00-0034728,2022,GB,3
5029,J.Alexander,00-0034728,2023,GB,1
5030,J.Alexander,00-0034728,2024,GB,2
5031,J.Alexander,00-0034728,2025,BAL,1
5032,J.Allen,00-0029524,2016,HOU,4
5033,J.Allen,00-0029524,2017,HOU,8
5034,J.Allen,00-0029524,2018,KC,2
5035,J.Allen,00-0031577,2018,BAL,2
5036,J.Allen,00-0033523,2018,WAS,2
5037,J.Allen,00-0033523,2019,WAS,1
5038,J.Allen,00-0033523,2020,WAS,1
5039,J.Allen,00-0033523,2022,WAS,1
5040,J.Allen,00-0033523,2023,WAS,2
5041,J.Allen,00-0033523,2024,WAS,2
5042,J.Allen,00-0033523,2025,MIN,2
5043,J.Allen,00-0034857,2018,BUF,2
5044,J.Allen,00-0034857,2019,BUF,2
5045,J.Allen,00-0034857,2020,BUF,4
5046,J.Allen,00-0034857,2021,BUF,2
5047,J.Allen,00-0034857,2022,BUF,1
5048,J.Allen,00-0034857,2023,BUF,3
5049,J.Allen,00-0034857,2024,BUF,1
5050,J.Allen,00-0034857,2025,BUF,3
5051,J.Allen,00-0035642,2019,JAX,2
5052,J.Allen,00-0035642,2020,JAX,1
5053,J.Allen,00-0035642,2021,JAX,1
5054,J.Allen,00-0035642,2022,JAX,2
5055,J.Allen,00-0035642,2023,JAX,1
5056,J.Alt,00-0039897,2024,LAC,8
5057,J.Alt,00-0039897,2025,LAC,1
5058,J.Anderson,00-0031902,2016,CHI,1
5059,J.Anderson,00-0031902,2017,CHI,1
5060,J.Anderson,00-0036577,2022,NYG,2
5061,J.Andreessen,00-0039763,2025,BUF,2
5062,J.Andrews,00-0030706,2020,NYJ,1
5063,J.Andrews,00-0030706,2021,ATL,1
5064,J.Andrews,00-0039030,2025,HOU,5
5065,J.Arcega-Whiteside,00-0035246,2019,PHI,2
5066,J.Arcega-Whiteside,00-0035246,2021,PHI,2
5067,J.Armour-Davis,00-0038119,2024,BAL,2
5068,J.Armour-Davis,00-0038119,2025,TEN,2
5069,J.Ashby,00-0040246,2025,NE,3
5070,J.Atkins,00-0034586,2019,DET,1
5071,J.Attaochu,00-0031258,2019,DEN,2
5072,J.Attaochu,00-0031258,2020,DEN,1
5073,J.Attaochu,00-0031258,2021,CHI,1
5074,J.Babineaux,00-0023494,2016,ATL,1
5075,J.Bachie,00-0035895,2022,CIN,1
5076,J.Bachie,00-0035895,2023,CIN,1
5077,J.Bachie,00-0035895,2025,IND,2
5078,J.Bachie,00-0035895,2025,TEN,1
5079,J.Bademosi,00-0029065,2016,DET,7
5080,J.Bademosi,00-0029065,2017,NE,2
5081,J.Bademosi,00-0029065,2018,HOU,4
5082,J.Bailey,00-0035280,2024,MIA,1
5083,J.Baker,00-0034797,2019,MIA,3
5084,J.Baker,00-0034797,2020,MIA,3
5085,J.Baker,00-0034797,2021,MIA,1
5086,J.Baker,00-0034797,2022,MIA,3
5087,J.Baker,00-0034797,2024,TEN,2
5088,J.Baker,00-0034797,2025,CLE,2
5089,J.Banks,00-0030469,2017,HOU,1
5090,J.Barksdale,00-0028030,2016,LAC,8
5091,J.Barksdale,00-0028030,2017,LAC,6
5092,J.Barksdale,00-0028030,2018,ARI,3
5093,J.Barksdale,00-0028030,2018,LAC,1
5094,J.Barron,00-0040720,2025,DEN,2
5095,J.Bassa,00-0040072,2025,KC,1
5096,J.Bates,00-0034675,2023,ATL,1
5097,J.Bates,00-0034675,2024,ATL,1
5098,J.Bates,00-0034675,2025,ATL,1
5099,J.Bates,00-0036628,2021,WAS,2
5100,J.Bates,00-0036628,2023,WAS,4
5101,J.Bates,00-0036628,2024,WAS,3
5102,J.Bates,00-0036628,2025,WAS,1
5103,J.Bates,00-0039172,2025,DET,5
5104,J.Bates III,00-0034675,2020,CIN,1
5105,J.Bates III,00-0034675,2021,CIN,1
5106,J.Bech,00-0040729,2025,LV,3
5107,J.Bell,00-0027218,2016,DET,1
5108,J.Bellamy,00-0029319,2017,CHI,3
5109,J.Bellamy,00-0029319,2018,CHI,5
5110,J.Bellamy,00-0029319,2019,NYJ,1
5111,J.Bennett,00-0039072,2023,LV,4
5112,J.Bennett,00-0039072,2024,LV,1
5113,J.Bennett,00-0039072,2025,PHI,4
5114,J.Bentley,00-0034385,2019,NE,1
5115,J.Bentley,00-0034385,2020,NE,1
5116,J.Bentley,00-0034385,2022,NE,1
5117,J.Berger,00-0023639,2016,MIN,1
5118,J.Berger,00-0023639,2017,MIN,4
5119,J.Bernard-Converse,00-0038401,2024,NYJ,1
5120,J.Berry,00-0031502,2016,PIT,1
5121,J.Berry,00-0031502,2017,PIT,3
5122,J.Bertrand,00-0039370,2024,ATL,2
5123,J.Bethel,00-0029530,2016,ARI,7
5124,J.Bethel,00-0029530,2017,ARI,5
5125,J.Bethel,00-0029530,2019,NE,2
5126,J.Bethel,00-0029530,2020,NE,4
5127,J.Bethel,00-0029530,2021,NE,1
5128,J.Bethel,00-0029530,2022,MIA,1
5129,J.Bethel,00-0029530,2023,MIA,2
5130,J.Bitonio,00-0031426,2018,CLE,3
5131,J.Bitonio,00-0031426,2019,CLE,3
5132,J.Bitonio,00-0031426,2020,CLE,3
5133,J.Bitonio,00-0031426,2021,CLE,4
5134,J.Bitonio,00-0031426,2022,CLE,4
5135,J.Bitonio,00-0031426,2023,CLE,2
5136,J.Bitonio,00-0031426,2024,CLE,6
5137,J.Bitonio,00-0031426,2025,CLE,1
5138,J.Blackmon,00-0036253,2020,IND,1
5139,J.Blackwell,00-0037129,2023,CHI,1
5140,J.Blackwell,00-0037129,2025,CHI,1
5141,J.Blount,00-0037141,2022,SEA,3
5142,J.Blount,00-0037141,2023,ARI,1
5143,J.Blount,00-0037141,2024,ARI,2
5144,J.Blue,00-0040586,2025,DAL,1
5145,J.Bobenmoyer,00-0035757,2020,DEN,1
5146,J.Bobo,00-0038752,2023,SEA,1
5147,J.Bobo,00-0038752,2024,SEA,4
5148,J.Bobo,00-0038752,2025,SEA,3
5149,J.Bosa,00-0033156,2016,LAC,6
5150,J.Bosa,00-0033156,2017,LAC,8
5151,J.Bosa,00-0033156,2018,LAC,1
5152,J.Bosa,00-0033156,2019,LAC,4
5153,J.Bosa,00-0033156,2020,LAC,7
5154,J.Bosa,00-0033156,2021,LAC,8
5155,J.Bosa,00-0033156,2022,LAC,4
5156,J.Bosa,00-0033156,2023,LAC,3
5157,J.Bosa,00-0033156,2024,LAC,7
5158,J.Bosa,00-0033156,2025,BUF,3
5159,J.Bostic,00-0030064,2017,IND,1
5160,J.Bostic,00-0030064,2018,PIT,2
5161,J.Bostic,00-0030064,2019,WAS,1
5162,J.Bostic,00-0030064,2020,WAS,1
5163,J.Bradberry,00-0032890,2016,CAR,5
5164,J.Bradberry,00-0032890,2017,CAR,5
5165,J.Bradberry,00-0032890,2018,CAR,3
5166,J.Bradberry,00-0032890,2019,CAR,4
5167,J.Bradberry,00-0032890,2020,NYG,3
5168,J.Bradberry,00-0032890,2021,NYG,5
5169,J.Bradberry,00-0032890,2022,PHI,3
5170,J.Bradberry,00-0032890,2023,PHI,4
5171,J.Bradley,00-0036110,2020,CLE,1
5172,J.Brendel,00-0032701,2018,MIA,1
5173,J.Brendel,00-0032701,2022,SF,8
5174,J.Brendel,00-0032701,2023,SF,1
5175,J.Brendel,00-0032701,2024,SF,7
5176,J.Brendel,00-0032701,2025,SF,3
5177,J.Brents,00-0039156,2023,IND,2
5178,J.Brents,00-0039156,2025,MIA,1
5179,J.Briggs,00-0039431,2025,NYJ,2
5180,J.Brisker,00-0038135,2022,CHI,1
5181,J.Brisker,00-0038135,2023,CHI,3
5182,J.Brisker,00-0038135,2024,CHI,1
5183,J.Brisker,00-0038135,2025,CHI,3
5184,J.Brissett,00-0033119,2017,IND,2
5185,J.Brissett,00-0033119,2019,IND,2
5186,J.Brissett,00-0033119,2020,IND,1
5187,J.Brissett,00-0033119,2021,MIA,1
5188,J.Brissett,00-0033119,2025,ARI,2
5189,J.Britt,00-0031282,2016,SEA,4
5190,J.Britt,00-0031282,2017,SEA,2
5191,J.Britt,00-0031282,2018,SEA,4
5192,J.Britt,00-0031282,2019,SEA,1
5193,J.Britt,00-0031282,2021,HOU,3
5194,J.Britt,00-0031282,2022,HOU,1
5195,J.Bromley,00-0031403,2018,NO,1
5196,J.Brooks,00-0036409,2020,SEA,1
5197,J.Brooks,00-0036409,2021,SEA,2
5198,J.Brooks,00-0036409,2022,SEA,1
5199,J.Brooks,00-0036409,2023,SEA,1
5200,J.Brooks,00-0036409,2024,MIA,1
5201,J.Brooks,00-0036409,2025,MIA,3
5202,J.Brooks,00-0038640,2025,DAL,1
5203,J.Brown,00-0030300,2018,SEA,3
5204,J.Brown,00-0030300,2019,SEA,2
5205,J.Brown,00-0031051,2017,ARI,1
5206,J.Brown,00-0031051,2018,BAL,1
5207,J.Brown,00-0032244,2016,LA,2
5208,J.Brown,00-0032244,2017,LA,5
5209,J.Brown,00-0032244,2018,NYG,6
5210,J.Brown,00-0032244,2019,ATL,5
5211,J.Brown,00-0032244,2020,PHI,1
5212,J.Brown,00-0032895,2016,LAC,1
5213,J.Brown,00-0032895,2017,LAC,2
5214,J.Brown,00-0032895,2018,LAC,2
5215,J.Brown,00-0032895,2019,LAC,3
5216,J.Brown,00-0033954,2017,TEN,2
5217,J.Brown,00-0033954,2018,TEN,3
5218,J.Brown,00-0033954,2019,TEN,1
5219,J.Brown,00-0033954,2020,TEN,1
5220,J.Brown,00-0033954,2021,TEN,1
5221,J.Brown,00-0038554,2025,SF,1
5222,J.Browning,00-0035100,2023,CIN,4
5223,J.Brownlee,00-0038492,2023,NYJ,2
5224,J.Brownlee,00-0039372,2024,TEN,7
5225,J.Brownlee,00-0039372,2025,NYJ,7
5226,J.Brownlee,00-0039372,2025,TEN,3
5227,J.Bullard,00-0033093,2017,CHI,1
5228,J.Bullard,00-0033093,2018,CHI,2
5229,J.Bullard,00-0033093,2019,ARI,1
5230,J.Bullard,00-0033093,2020,SEA,2
5231,J.Bullard,00-0033093,2022,MIN,2
5232,J.Bullard,00-0033093,2023,MIN,4
5233,J.Bullard,00-0033093,2024,MIN,3
5234,J.Bullard,00-0033093,2025,NO,2
5235,J.Bullard,00-0039867,2025,GB,5
5236,J.Bullock,00-0040416,2025,TB,1
5237,J.Burch,00-0040137,2025,ARI,1
5238,J.Burgess,00-0032627,2017,CLE,2
5239,J.Burgess,00-0032627,2019,NYJ,4
5240,J.Burris,00-0032403,2016,NYJ,1
5241,J.Burris,00-0032403,2017,NYJ,2
5242,J.Burris,00-0032403,2019,CLE,1
5243,J.Burris,00-0032403,2021,CAR,3
5244,J.Burrow,00-0036442,2022,CIN,2
5245,J.Burrow,00-0036442,2024,CIN,2
5246,J.Bushrod,00-0025512,2016,MIA,5
5247,J.Bushrod,00-0025512,2017,MIA,7
5248,J.Bushrod,00-0025512,2018,NO,1
5249,J.Butler,00-0038348,2024,DAL,1
5250,J.Bynes,00-0028278,2017,ARI,3
5251,J.Bynes,00-0028278,2019,BAL,2
5252,J.Bynes,00-0028278,2020,CIN,2
5253,J.Byrd,00-0027018,2017,CAR,1
5254,J.Cabinda,00-0034171,2022,DET,1
5255,J.Caldwell,00-0040144,2025,LAC,1
5256,J.Camp,00-0036858,2021,HOU,1
5257,J.Campbell,00-0039018,2023,DET,2
5258,J.Campbell,00-0039018,2024,DET,3
5259,J.Campbell,00-0039018,2025,DET,2
5260,J.Campbell,00-0040708,2025,PHI,2
5261,J.Cardona,00-0032228,2017,NE,2
5262,J.Cardona,00-0032228,2019,NE,1
5263,J.Cardona,00-0032228,2021,NE,1
5264,J.Cardona,00-0032228,2022,NE,2
5265,J.Cardona,00-0032228,2023,NE,2
5266,J.Carman,00-0036865,2021,CIN,5
5267,J.Carman,00-0036865,2022,CIN,2
5268,J.Carman,00-0036865,2024,MIA,1
5269,J.Carpenter,00-0027963,2016,NYJ,3
5270,J.Carpenter,00-0027963,2017,NYJ,4
5271,J.Carpenter,00-0027963,2018,NYJ,3
5272,J.Carpenter,00-0027963,2019,ATL,6
5273,J.Carter,00-0033819,2017,DEN,2
5274,J.Carter,00-0033819,2019,ATL,2
5275,J.Carter,00-0033819,2020,ATL,1
5276,J.Carter,00-0034396,2018,CAR,2
5277,J.Carter,00-0034396,2020,CAR,2
5278,J.Carter,00-0034396,2021,CAR,2
5279,J.Carter,00-0037089,2023,CHI,1
5280,J.Carter,00-0038386,2023,PHI,5
5281,J.Carter,00-0038386,2024,PHI,7
5282,J.Carter,00-0038386,2025,PHI,6
5283,J.Casey,00-0028015,2016,TEN,2
5284,J.Casey,00-0028015,2017,TEN,3
5285,J.Casey,00-0028015,2018,TEN,5
5286,J.Casey,00-0028015,2019,TEN,2
5287,J.Cash,00-0032994,2016,CAR,1
5288,J.Cash,00-0032994,2017,CAR,1
5289,J.Charles,00-0026213,2017,DEN,1
5290,J.Chase,00-0036900,2021,CIN,3
5291,J.Chase,00-0036900,2022,CIN,4
5292,J.Chase,00-0036900,2024,CIN,1
5293,J.Chesson,00-0033464,2018,WAS,1
5294,J.Chestnut,00-0037594,2025,TEN,2
5295,J.Chinn,00-0036293,2020,CAR,2
5296,J.Chinn,00-0036293,2021,CAR,2
5297,J.Chinn,00-0036293,2022,CAR,1
5298,J.Chinn,00-0036293,2023,CAR,1
5299,J.Chinn,00-0036293,2024,WAS,3
5300,J.Chinn,00-0036293,2025,LV,1
5301,J.Cichy,00-0034415,2018,TB,1
5302,J.Clark,00-0033520,2017,NYJ,1
5303,J.Clowney,00-0031364,2016,HOU,7
5304,J.Clowney,00-0031364,2017,HOU,13
5305,J.Clowney,00-0031364,2018,HOU,13
5306,J.Clowney,00-0031364,2019,SEA,12
5307,J.Clowney,00-0031364,2020,TEN,3
5308,J.Clowney,00-0031364,2021,CLE,6
5309,J.Clowney,00-0031364,2022,CLE,2
5310,J.Clowney,00-0031364,2023,BAL,3
5311,J.Clowney,00-0031364,2024,CAR,2
5312,J.Clowney,00-0031364,2025,DAL,3
5313,J.Cochrane,00-0037208,2022,KC,1
5314,J.Cochrane,00-0037208,2023,KC,1
5315,J.Cochrane,00-0037208,2024,KC,2
5316,J.Cochrane,00-0037208,2025,KC,3
5317,J.Coker,00-0039491,2024,CAR,2
5318,J.Coker,00-0039491,2025,CAR,1
5319,J.Coleman,00-0031796,2016,NE,5
5320,J.Coleman,00-0031796,2017,SEA,7
5321,J.Coleman,00-0031796,2018,SEA,4
5322,J.Coleman,00-0031796,2019,DET,5
5323,J.Coleman,00-0031796,2020,DET,2
5324,J.Coleman,00-0031796,2021,MIA,5
5325,J.Collins,00-0030421,2016,NE,1
5326,J.Collins,00-0030421,2017,CLE,1
5327,J.Collins,00-0030421,2020,DET,1
5328,J.Collins,00-0031552,2016,ATL,1
5329,J.Collins Sr.,00-0030421,2018,CLE,2
5330,J.Colson,00-0039346,2024,LAC,1
5331,J.Cominsky,00-0035265,2022,DET,1
5332,J.Condo,00-0023177,2018,ATL,1
5333,J.Conerly,00-0040686,2025,WAS,9
5334,J.Conklin,00-0033057,2016,TEN,3
5335,J.Conklin,00-0033057,2017,TEN,6
5336,J.Conklin,00-0033057,2018,TEN,4
5337,J.Conklin,00-0033057,2019,TEN,8
5338,J.Conklin,00-0033057,2020,CLE,2
5339,J.Conklin,00-0033057,2021,CLE,2
5340,J.Conklin,00-0033057,2022,CLE,6
5341,J.Conklin,00-0033057,2024,CLE,2
5342,J.Conklin,00-0033057,2025,CLE,3
5343,J.Conner,00-0033553,2018,PIT,1
5344,J.Conner,00-0033553,2022,ARI,1
5345,J.Cook,00-0027061,2016,GB,2
5346,J.Cook,00-0027061,2017,LV,6
5347,J.Cook,00-0027061,2018,LV,4
5348,J.Cook,00-0027061,2019,NO,5
5349,J.Cook,00-0027061,2020,NO,1
5350,J.Cook,00-0027061,2021,LAC,2
5351,J.Cook,00-0037248,2022,BUF,2
5352,J.Cook,00-0037248,2024,BUF,1
5353,J.Cook,00-0037248,2025,BUF,1
5354,J.Cooper,00-0030590,2016,CLE,1
5355,J.Cooper,00-0030590,2017,DAL,4
5356,J.Cooper,00-0030590,2018,WAS,3
5357,J.Cooper,00-0036952,2022,DEN,2
5358,J.Cooper,00-0036952,2023,DEN,2
5359,J.Cooper,00-0036952,2024,DEN,3
5360,J.Cooper,00-0036952,2025,DEN,3
5361,J.Corbin,00-0037410,2023,NYG,1
5362,J.Cowing,00-0039365,2024,SF,2
5363,J.Cowser,00-0032929,2017,LV,1
5364,J.Cox,00-0036882,2021,DAL,1
5365,J.Crawford,00-0029627,2016,DAL,3
5366,J.Crawford,00-0029627,2019,ATL,2
5367,J.Crawford,00-0029627,2020,TEN,1
5368,J.Crawford,00-0034881,2018,GB,1
5369,J.Crick,00-0029417,2016,DEN,1
5370,J.Croom,00-0033627,2018,BUF,3
5371,J.Crowder,00-0031941,2016,WAS,3
5372,J.Crowder,00-0031941,2018,WAS,1
5373,J.Crowder,00-0031941,2019,NYJ,1
5374,J.Crowder,00-0031941,2020,NYJ,2
5375,J.Cumberland,00-0027321,2017,LAC,2
5376,J.Curhan,00-0036795,2023,SEA,1
5377,J.Curhan,00-0036795,2024,CHI,3
5378,J.Currie,00-0031738,2017,CLE,1
5379,J.Cutler,00-0024226,2017,MIA,1
5380,J.Cyprien,00-0030538,2016,JAX,7
5381,J.Cyprien,00-0030538,2017,TEN,2
5382,J.Cyprien,00-0030538,2019,PHI,1
5383,J.Dahl,00-0032418,2019,DET,1
5384,J.Dahl,00-0032418,2020,DET,1
5385,J.Dangerfield,00-0030023,2018,PIT,2
5386,J.Dangerfield,00-0030023,2019,PIT,2
5387,J.Dangerfield,00-0030023,2020,PIT,1
5388,J.Daniels,00-0034347,2018,CHI,3
5389,J.Daniels,00-0034347,2019,CHI,2
5390,J.Daniels,00-0034347,2020,CHI,1
5391,J.Daniels,00-0034347,2021,CHI,6
5392,J.Daniels,00-0034347,2022,PIT,3
5393,J.Daniels,00-0034347,2023,PIT,2
5394,J.Daniels,00-0039910,2025,WAS,2
5395,J.Darden,00-0036877,2022,TB,1
5396,J.Davenport,00-0033560,2017,HOU,4
5397,J.Davenport,00-0033560,2018,HOU,12
5398,J.Davenport,00-0033560,2019,MIA,2
5399,J.Davenport,00-0033560,2021,IND,1
5400,J.Davis,00-0031893,2017,MIA,2
5401,J.Davis,00-0031893,2018,MIA,4
5402,J.Davis,00-0031893,2019,MIA,1
5403,J.Davis,00-0031893,2020,MIA,2
5404,J.Davis,00-0031893,2021,MIA,3
5405,J.Davis,00-0033539,2017,DET,4
5406,J.Davis,00-0033539,2018,DET,4
5407,J.Davis,00-0033539,2019,DET,4
5408,J.Davis,00-0033539,2022,NYG,1
5409,J.Davis,00-0033760,2018,LA,1
5410,J.Davis,00-0034446,2020,CIN,1
5411,J.Davis,00-0034446,2021,CIN,1
5412,J.Davis,00-0034446,2023,CIN,1
5413,J.Davis,00-0034446,2025,CIN,1
5414,J.Davis,00-0036614,2021,WAS,1
5415,J.Davis,00-0036614,2023,WAS,3
5416,J.Davis,00-0036614,2024,MIN,1
5417,J.Davis,00-0037073,2022,PHI,1
5418,J.Dean,00-0035699,2019,TB,5
5419,J.Dean,00-0035699,2020,TB,3
5420,J.Dean,00-0035699,2021,TB,5
5421,J.Dean,00-0035699,2022,TB,1
5422,J.Dean,00-0035699,2023,TB,3
5423,J.Dean,00-0035699,2024,TB,2
5424,J.Dean,00-0035699,2025,TB,3
5425,J.Dedich,00-0039784,2024,LA,1
5426,J.Dedich,00-0039784,2025,LA,2
5427,J.Deguara,00-0036332,2021,GB,1
5428,J.Deguara,00-0036332,2023,GB,2
5429,J.Deguara,00-0036332,2024,JAX,3
5430,J.Deguara,00-0036332,2025,ARI,2
5431,J.Demby,00-0034809,2019,LA,2
5432,J.Denney,00-0023173,2018,MIA,1
5433,J.Develin,00-0027925,2018,NE,3
5434,J.Devey,00-0030011,2017,KC,1
5435,J.Devey,00-0030011,2019,LV,2
5436,J.Dobbins,00-0036158,2025,DEN,1
5437,J.Dobbs,00-0033949,2023,ARI,2
5438,J.Dobbs,00-0033949,2023,MIN,3
5439,J.Doctson,00-0032760,2017,WAS,3
5440,J.Doctson,00-0032760,2018,WAS,3
5441,J.Domann,00-0037393,2022,IND,1
5442,J.Domann,00-0037393,2023,TEN,1
5443,J.Dotson,00-0037741,2022,WAS,3
5444,J.Dotson,00-0037741,2023,WAS,1
5445,J.Dotson,00-0037741,2025,PHI,1
5446,J.Douglas,00-0031575,2019,TEN,3
5447,J.Downs,00-0038997,2023,IND,1
5448,J.Downs,00-0038997,2024,IND,1
5449,J.Downs,00-0038997,2025,IND,1
5450,J.Doyle,00-0030181,2016,IND,4
5451,J.Doyle,00-0030181,2017,IND,1
5452,J.Doyle,00-0030181,2018,IND,3
5453,J.Doyle,00-0030181,2019,IND,4
5454,J.Doyle,00-0030181,2020,IND,3
5455,J.Doyle,00-0030181,2021,IND,4
5456,J.Drescher,00-0027197,2016,NO,1
5457,J.Drescher,00-0027197,2017,ARI,1
5458,J.Driscoll,00-0036396,2020,PHI,1
5459,J.Driscoll,00-0036396,2021,PHI,1
5460,J.Driscoll,00-0036396,2022,PHI,2
5461,J.Driskel,00-0032436,2018,CIN,1
5462,J.Duncan,00-0038607,2023,TEN,4
5463,J.Durant,00-0025435,2016,DAL,4
5464,J.Edelman,00-0027150,2016,NE,3
5465,J.Edelman,00-0027150,2018,NE,7
5466,J.Edelman,00-0027150,2019,NE,7
5467,J.Elliott,00-0033070,2019,CAR,1
5468,J.Elliott,00-0033787,2025,PHI,1
5469,J.Elliott,00-0036010,2024,PIT,1
5470,J.Elliott,00-0036266,2021,CLE,4
5471,J.Elliott,00-0036266,2022,CLE,2
5472,J.Elliott,00-0036266,2023,CLE,6
5473,J.Elliott,00-0036266,2024,SF,4
5474,J.Elliott,00-0036266,2025,SF,4
5475,J.Ellis,00-0031346,2018,LV,1
5476,J.Ellis,00-0031346,2021,BAL,1
5477,J.Elliss,00-0039809,2024,DEN,1
5478,J.Eluemunor,00-0033290,2017,BAL,2
5479,J.Eluemunor,00-0033290,2018,BAL,1
5480,J.Eluemunor,00-0033290,2020,NE,1
5481,J.Eluemunor,00-0033290,2022,LV,11
5482,J.Eluemunor,00-0033290,2023,LV,4
5483,J.Eluemunor,00-0033290,2024,NYG,6
5484,J.Eluemunor,00-0033290,2025,NYG,12
5485,J.Evans,00-0024323,2016,NO,5
5486,J.Evans,00-0024323,2017,GB,3
5487,J.Evans,00-0033790,2020,CIN,1
5488,J.Evans,00-0033898,2017,TB,2
5489,J.Evans,00-0033898,2018,TB,1
5490,J.Evans,00-0033898,2022,NO,3
5491,J.Ezeudu,00-0037807,2022,NYG,1
5492,J.Ezeudu,00-0037807,2023,NYG,5
5493,J.Ezeudu,00-0037807,2024,NYG,3
5494,J.Farmer,00-0040171,2025,NE,1
5495,J.Feliciano,00-0032151,2017,LV,3
5496,J.Feliciano,00-0032151,2018,LV,3
5497,J.Feliciano,00-0032151,2019,BUF,6
5498,J.Feliciano,00-0032151,2020,BUF,2
5499,J.Feliciano,00-0032151,2021,BUF,2
5500,J.Feliciano,00-0032151,2022,NYG,6
5501,J.Feliciano,00-0032151,2023,SF,2
5502,J.Ferentz,00-0031039,2021,NE,1
5503,J.Ferentz,00-0031039,2022,NE,1
5504,J.Ferguson,00-0032377,2017,IND,1
5505,J.Ferguson,00-0035651,2019,BAL,2
5506,J.Ferguson,00-0035651,2020,BAL,1
5507,J.Ferguson,00-0038041,2022,DAL,2
5508,J.Ferguson,00-0038041,2023,DAL,4
5509,J.Ferguson,00-0038041,2024,DAL,7
5510,J.Ferguson,00-0038041,2025,DAL,3
5511,J.Fields,00-0036945,2021,CHI,2
5512,J.Fields,00-0036945,2022,CHI,1
5513,J.Fields,00-0036945,2023,CHI,1
5514,J.Fields,00-0036945,2024,PIT,1
5515,J.Fields,00-0036945,2025,NYJ,1
5516,J.Fisher,00-0032196,2016,CIN,2
5517,J.Fisher,00-0032196,2017,CIN,3
5518,J.FitzPatrick,00-0037306,2024,GB,1
5519,J.FitzPatrick,00-0037306,2025,GB,4
5520,J.Flacco,00-0026158,2016,BAL,7
5521,J.Flacco,00-0026158,2017,BAL,5
5522,J.Flacco,00-0026158,2019,DEN,1
5523,J.Flacco,00-0026158,2020,NYJ,1
5524,J.Flacco,00-0026158,2021,NYJ,1
5525,J.Flacco,00-0026158,2022,NYJ,2
5526,J.Flacco,00-0026158,2023,CLE,1
5527,J.Flacco,00-0026158,2025,CIN,1
5528,J.Ford,00-0037094,2024,CHI,2
5529,J.Ford,00-0037094,2025,CHI,1
5530,J.Ford,00-0039388,2025,NO,1
5531,J.Forrest,00-0033113,2016,LA,2
5532,J.Forrest,00-0033113,2017,SEA,1
5533,J.Fortson,00-0035547,2022,KC,2
5534,J.Fortson,00-0035547,2024,KC,1
5535,J.Fowler,00-0032130,2016,TEN,1
5536,J.Franklin,00-0034805,2018,LA,1
5537,J.Franklin-Myers,00-0034805,2020,NYJ,2
5538,J.Franklin-Myers,00-0034805,2021,NYJ,2
5539,J.Franklin-Myers,00-0034805,2022,NYJ,3
5540,J.Franklin-Myers,00-0034805,2023,NYJ,2
5541,J.Franklin-Myers,00-0034805,2024,DEN,1
5542,J.Franklin-Myers,00-0034805,2025,DEN,5
5543,J.Franks,00-0034532,2018,CIN,3
5544,J.Freeman,00-0025920,2016,CHI,2
5545,J.Freeny,00-0028454,2016,NE,1
5546,J.Fryar,00-0040382,2025,ARI,4
5547,J.Fuller,00-0036431,2020,LA,1
5548,J.Fuller,00-0036431,2023,LA,1
5549,J.Gaines,00-0038571,2025,ARI,2
5550,J.Galette,00-0027551,2017,WAS,3
5551,J.Garcia-Williams,00-0033678,2017,DEN,3
5552,J.Garnett,00-0033151,2016,SF,4
5553,J.Garoppolo,00-0031345,2016,NE,1
5554,J.Garoppolo,00-0031345,2019,SF,2
5555,J.Garoppolo,00-0031345,2021,SF,1
5556,J.Garvin,00-0036239,2022,GB,1
5557,J.George,00-0031018,2017,IND,2
5558,J.Gervase,00-0035609,2022,LA,1
5559,J.Gibbens,00-0037596,2025,NE,2
5560,J.Gibbs,00-0039139,2024,DET,4
5561,J.Gibbs,00-0039139,2025,DET,1
5562,J.Giles-Harris,00-0035363,2020,JAX,2
5563,J.Giles-Harris,00-0035363,2024,NE,1
5564,J.Giles-Harris,00-0035363,2025,CIN,2
5565,J.Gillan,00-0035042,2022,NYG,1
5566,J.Gillan,00-0035042,2024,NYG,1
5567,J.Gillan,00-0035042,2025,NYG,4
5568,J.Gladney,00-0036324,2020,MIN,4
5569,J.Glenn,00-0031907,2016,CHI,4
5570,J.Goff,00-0033106,2016,LA,1
5571,J.Goff,00-0033106,2017,LA,5
5572,J.Goff,00-0033106,2018,LA,2
5573,J.Goff,00-0033106,2019,LA,2
5574,J.Goff,00-0033106,2020,LA,3
5575,J.Goff,00-0033106,2021,DET,1
5576,J.Goff,00-0033106,2023,DET,2
5577,J.Goff,00-0033106,2025,DET,3
5578,J.Gordon,00-0029664,2017,CLE,1
5579,J.Gordon,00-0029664,2018,CLE,1
5580,J.Gordon,00-0029664,2018,NE,1
5581,J.Gordon,00-0029664,2019,NE,2
5582,J.Gordon,00-0029664,2021,KC,1
5583,J.Gordon,00-0029664,2022,TEN,1
5584,J.Graham,00-0027696,2016,SEA,4
5585,J.Graham,00-0027696,2017,SEA,2
5586,J.Graham,00-0027696,2018,GB,2
5587,J.Graham,00-0027696,2019,GB,3
5588,J.Graham,00-0027696,2020,CHI,3
5589,J.Graham,00-0027696,2023,NO,1
5590,J.Graham,00-0034788,2019,ATL,2
5591,J.Graham,00-0034788,2020,ATL,1
5592,J.Graham,00-0038648,2024,SF,1
5593,J.Grant,00-0032791,2017,MIA,1
5594,J.Grant,00-0032791,2018,MIA,2
5595,J.Grant,00-0032791,2019,MIA,1
5596,J.Grant,00-0032791,2020,MIA,1
5597,J.Grant,00-0032791,2021,CHI,1
5598,J.Gray,00-0034116,2018,NO,1
5599,J.Gray,00-0034116,2019,NO,3
5600,J.Gray,00-0034116,2020,NO,3
5601,J.Gray,00-0034116,2021,NO,1
5602,J.Gray,00-0034116,2022,NO,3
5603,J.Gray,00-0034116,2023,NO,1
5604,J.Gray,00-0034116,2024,NO,2
5605,J.Greco,00-0026205,2016,CLE,3
5606,J.Greco,00-0026205,2017,NYG,2
5607,J.Greco,00-0026205,2018,NYG,4
5608,J.Greenard,00-0036224,2022,HOU,3
5609,J.Greenard,00-0036224,2023,HOU,3
5610,J.Greenard,00-0036224,2024,MIN,2
5611,J.Greenard,00-0036224,2025,MIN,3
5612,J.Gresham,00-0027873,2016,ARI,9
5613,J.Gresham,00-0027873,2017,ARI,10
5614,J.Gresham,00-0027873,2018,ARI,4
5615,J.Guidry,00-0036149,2020,NYJ,1
5616,J.Guyton,00-0035414,2020,LAC,4
5617,J.Guyton,00-0035414,2021,LAC,2
5618,J.Haden,00-0027860,2016,CLE,5
5619,J.Haden,00-0027860,2017,PIT,3
5620,J.Haden,00-0027860,2018,PIT,5
5621,J.Haden,00-0027860,2019,PIT,3
5622,J.Haden,00-0027860,2020,PIT,4
5623,J.Haden,00-0027860,2021,PIT,2
5624,J.Haeg,00-0032419,2016,IND,4
5625,J.Haeg,00-0032419,2017,IND,4
5626,J.Haeg,00-0032419,2018,IND,3
5627,J.Haeg,00-0032419,2020,TB,1
5628,J.Haeg,00-0032419,2021,PIT,1
5629,J.Halapio,00-0031185,2017,NYG,2
5630,J.Halapio,00-0031185,2019,NYG,3
5631,J.Hamilton,00-0031636,2017,KC,1
5632,J.Hamilton,00-0031636,2020,DAL,1
5633,J.Hamilton,00-0031636,2021,DAL,1
5634,J.Hancock,00-0040192,2025,BUF,2
5635,J.Hankins,00-0030063,2016,NYG,3
5636,J.Hankins,00-0030063,2017,IND,2
5637,J.Hankins,00-0030063,2018,LV,4
5638,J.Hankins,00-0030063,2019,LV,5
5639,J.Hankins,00-0030063,2020,LV,8
5640,J.Hankins,00-0030063,2021,LV,2
5641,J.Hankins,00-0030063,2022,DAL,1
5642,J.Hankins,00-0030063,2023,DAL,3
5643,J.Hankins,00-0030063,2024,SEA,3
5644,J.Hanna,00-0029634,2017,DAL,2
5645,J.Hansen,00-0037457,2022,HOU,1
5646,J.Hanson,00-0036273,2023,NYJ,1
5647,J.Hardee,00-0033770,2017,NO,2
5648,J.Hardee,00-0033770,2018,NO,3
5649,J.Hardee,00-0033770,2019,NO,4
5650,J.Hardee,00-0033770,2021,NYJ,5
5651,J.Hardee,00-0033770,2022,NYJ,2
5652,J.Hardee,00-0033770,2023,NYJ,2
5653,J.Hardee,00-0033770,2024,TEN,2
5654,J.Hardy,00-0031570,2016,ATL,5
5655,J.Hardy,00-0031570,2017,ATL,1
5656,J.Hardy,00-0031570,2018,ATL,1
5657,J.Hardy,00-0031570,2019,ATL,3
5658,J.Hardy,00-0036768,2021,DAL,1
5659,J.Hargrave,00-0033109,2016,PIT,2
5660,J.Hargrave,00-0033109,2018,PIT,3
5661,J.Hargrave,00-0033109,2019,PIT,1
5662,J.Hargrave,00-0033109,2020,PHI,5
5663,J.Hargrave,00-0033109,2021,PHI,4
5664,J.Hargrave,00-0033109,2022,PHI,2
5665,J.Hargrave,00-0033109,2023,SF,4
5666,J.Hargrave,00-0033109,2025,MIN,1
5667,J.Harrell,00-0039436,2024,TEN,1
5668,J.Harrell,00-0039436,2025,TEN,2
5669,J.Harris,00-0028845,2019,ATL,2
5670,J.Harris,00-0028845,2022,LAC,1
5671,J.Harris,00-0035073,2019,CHI,1
5672,J.Harris,00-0036918,2021,LA,2
5673,J.Harris,00-0036918,2022,LA,1
5674,J.Harrison,00-0020712,2016,PIT,2
5675,J.Harrison,00-0030649,2016,IND,3
5676,J.Harrison,00-0030649,2018,NYJ,3
5677,J.Harrison,00-0030649,2019,NYJ,4
5678,J.Harvey-Clemons,00-0033532,2017,WAS,2
5679,J.Harvey-Clemons,00-0033532,2018,WAS,1
5680,J.Harvey-Clemons,00-0033532,2019,WAS,2
5681,J.Hassenauer,00-0034142,2020,PIT,2
5682,J.Hassenauer,00-0034142,2022,PIT,1
5683,J.Hasty,00-0035806,2021,SF,1
5684,J.Hasty,00-0035806,2022,JAX,1
5685,J.Hasty,00-0035806,2024,NE,1
5686,J.Hawes,00-0040194,2025,BUF,4
5687,J.Hawkins,00-0032635,2016,GB,3
5688,J.Hawkins,00-0032635,2017,GB,3
5689,J.Hawkins,00-0032635,2018,CAR,1
5690,J.Hawkins,00-0036302,2020,ATL,1
5691,J.Hawkins,00-0036302,2021,ATL,3
5692,J.Hawkins,00-0036302,2025,NE,3
5693,J.Hawley,00-0027717,2016,TB,5
5694,J.Hawley,00-0027717,2017,TB,1
5695,J.Hayes,00-0039051,2023,TB,3
5696,J.Hayes,00-0039051,2024,TB,4
5697,J.Hayes,00-0039051,2025,TB,4
5698,J.Heath,00-0030196,2017,DAL,2
5699,J.Heath,00-0030196,2018,DAL,1
5700,J.Heath,00-0030196,2019,DAL,3
5701,J.Heath,00-0030196,2021,NO,2
5702,J.Heath,00-0032727,2016,HOU,1
5703,J.Heath,00-0032727,2018,HOU,1
5704,J.Hekker,00-0028872,2016,LA,3
5705,J.Hekker,00-0028872,2017,LA,1
5706,J.Hekker,00-0028872,2024,CAR,1
5707,J.Herbert,00-0036355,2020,LAC,1
5708,J.Herbert,00-0036355,2023,LAC,2
5709,J.Herbert,00-0036355,2025,LAC,2
5710,J.Herron,00-0036163,2021,NE,2
5711,J.Heuerman,00-0032227,2016,DEN,1
5712,J.Heuerman,00-0032227,2017,DEN,1
5713,J.Heuerman,00-0032227,2018,DEN,1
5714,J.Hicks,00-0032129,2018,PHI,1
5715,J.Hicks,00-0032129,2019,ARI,4
5716,J.Hicks,00-0032129,2020,ARI,1
5717,J.Hicks,00-0032129,2021,ARI,1
5718,J.Hicks,00-0032129,2023,MIN,1
5719,J.Hicks,00-0032129,2024,CLE,1
5720,J.Hicks,00-0039825,2024,KC,4
5721,J.Hicks,00-0039825,2025,KC,3
5722,J.Higgins,00-0040130,2025,HOU,3
5723,J.Hill,00-0030216,2017,NO,3
5724,J.Hill,00-0030216,2018,NO,6
5725,J.Hill,00-0030216,2019,NO,5
5726,J.Hill,00-0030216,2020,NO,1
5727,J.Hill,00-0031301,2016,CIN,1
5728,J.Hill,00-0034975,2020,BAL,4
5729,J.Hill,00-0034975,2022,BAL,2
5730,J.Hill,00-0034975,2023,BAL,1
5731,J.Hill,00-0034975,2024,BAL,1
5732,J.Hill,00-0038720,2023,MIA,5
5733,J.Hill,00-0038720,2024,MIA,9
5734,J.Hill,00-0038720,2025,MIA,1
5735,J.Hill,00-0039395,2024,HOU,1
5736,J.Hines-Allen,00-0035642,2024,JAX,5
5737,J.Hines-Allen,00-0035642,2025,JAX,4
5738,J.Holland,00-0036998,2021,MIA,3
5739,J.Holland,00-0036998,2022,MIA,1
5740,J.Holland,00-0036998,2025,NYG,3
5741,J.Hollins,00-0035591,2020,LA,3
5742,J.Hollins,00-0035591,2022,LA,2
5743,J.Hollins,00-0035591,2023,LAC,1
5744,J.Hollister,00-0033387,2019,SEA,4
5745,J.Hollister,00-0033387,2020,SEA,1
5746,J.Holmes,00-0034264,2020,MIN,1
5747,J.Holmes,00-0034264,2023,NYJ,2
5748,J.Holsey,00-0033533,2017,WAS,3
5749,J.Holton,00-0032935,2016,LV,1
5750,J.Holton,00-0032935,2017,LV,7
5751,J.Holton,00-0032935,2019,PIT,2
5752,J.Holtz,00-0032986,2019,CHI,1
5753,J.Holtz,00-0032986,2020,CHI,1
5754,J.Holtz,00-0032986,2021,CHI,2
5755,J.Holtz,00-0032986,2022,NO,1
5756,J.Horn,00-0036944,2022,CAR,5
5757,J.Horn,00-0036944,2024,CAR,8
5758,J.Horsted,00-0035562,2019,CHI,2
5759,J.Houston,00-0028008,2017,KC,3
5760,J.Houston,00-0028008,2019,IND,2
5761,J.Houston,00-0028008,2020,IND,1
5762,J.Houston,00-0028008,2021,BAL,1
5763,J.Houston,00-0028008,2022,BAL,2
5764,J.Houston,00-0028008,2023,CAR,1
5765,J.Houston,00-0037310,2022,DET,1
5766,J.Houston,00-0037310,2024,DET,1
5767,J.Houston,00-0037310,2025,DAL,4
5768,J.Howard,00-0032780,2016,CHI,2
5769,J.Howden,00-0038588,2023,NO,1
5770,J.Howden,00-0038588,2025,NO,3
5771,J.Huber,00-0040500,2025,MIN,3
5772,J.Hudson,00-0036866,2021,CLE,3
5773,J.Hudson,00-0036866,2022,CLE,2
5774,J.Hudson,00-0036866,2023,CLE,7
5775,J.Hudson,00-0036866,2024,CLE,2
5776,J.Hudson,00-0036866,2025,NYG,5
5777,J.Hughes,00-0027881,2016,BUF,8
5778,J.Hughes,00-0027881,2017,BUF,6
5779,J.Hughes,00-0027881,2018,BUF,5
5780,J.Hughes,00-0027881,2019,BUF,6
5781,J.Hughes,00-0027881,2020,BUF,2
5782,J.Hughes,00-0027881,2021,BUF,3
5783,J.Hughes,00-0027881,2022,HOU,2
5784,J.Hughes,00-0027881,2023,HOU,1
5785,J.Hughes,00-0029266,2016,TB,1
5786,J.Hughes,00-0029266,2017,NO,2
5787,J.Hummel,00-0037633,2024,LA,1
5788,J.Hummel,00-0037633,2025,BAL,1
5789,J.Hunt,00-0032443,2016,SEA,1
5790,J.Hunt,00-0032443,2018,SEA,1
5791,J.Hunt,00-0032443,2019,SEA,2
5792,J.Hunt,00-0039740,2024,PHI,1
5793,J.Hunt,00-0039740,2025,PHI,2
5794,J.Hurst,00-0030694,2016,BAL,2
5795,J.Hurst,00-0030694,2017,BAL,4
5796,J.Hurst,00-0030694,2018,BAL,2
5797,J.Hurst,00-0030694,2020,NO,1
5798,J.Hurst,00-0030694,2021,NO,4
5799,J.Hurst,00-0030694,2022,NO,4
5800,J.Hurst,00-0030694,2023,NO,3
5801,J.Hurts,00-0036389,2020,PHI,1
5802,J.Hurts,00-0036389,2022,PHI,1
5803,J.Hurts,00-0036389,2023,PHI,5
5804,J.Hurts,00-0036389,2024,PHI,3
5805,J.Ingram,00-0037661,2023,BUF,1
5806,J.Ingram,00-0037661,2024,BUF,4
5807,J.Ingram,00-0037661,2025,HOU,1
5808,J.Iyiegbuniwe,00-0034372,2019,CHI,2
5809,J.Iyiegbuniwe,00-0034372,2022,CAR,1
5810,J.Jackson,00-0034440,2018,LAC,2
5811,J.Jackson,00-0034440,2020,LAC,1
5812,J.Jackson,00-0034440,2021,LAC,1
5813,J.Jackson,00-0034440,2022,DET,2
5814,J.Jackson,00-0034591,2018,NE,9
5815,J.Jackson,00-0034591,2019,NE,6
5816,J.Jackson,00-0034591,2020,NE,2
5817,J.Jackson,00-0034591,2021,NE,5
5818,J.Jackson,00-0034591,2022,LAC,3
5819,J.Jackson,00-0034591,2023,LAC,1
5820,J.Jackson,00-0034591,2023,NE,4
5821,J.Jackson,00-0034751,2018,GB,8
5822,J.Jackson,00-0034751,2019,GB,2
5823,J.Jackson,00-0034751,2020,GB,5
5824,J.Jackson,00-0034751,2022,PIT,1
5825,J.Jackson,00-0036258,2020,DET,4
5826,J.Jackson,00-0036258,2021,DET,8
5827,J.Jackson,00-0036258,2023,DET,4
5828,J.Jackson,00-0036258,2025,CHI,4
5829,J.Jacobs,00-0035700,2020,LV,1
5830,J.Jacobs,00-0035700,2021,LV,1
5831,J.Jacobs,00-0035700,2023,LV,2
5832,J.Jacobs,00-0035700,2024,GB,1
5833,J.Jacobs,00-0035700,2025,GB,1
5834,J.Jacobs,00-0036748,2021,DET,3
5835,J.Jacobs,00-0036748,2022,DET,6
5836,J.Jacobs,00-0036748,2023,DET,9
5837,J.James,00-0031417,2016,MIA,10
5838,J.James,00-0031417,2017,MIA,4
5839,J.James,00-0031417,2018,MIA,3
5840,J.James,00-0032135,2016,PIT,3
5841,J.James,00-0032135,2017,PIT,2
5842,J.James,00-0032135,2018,PIT,2
5843,J.James,00-0032135,2019,DET,2
5844,J.James,00-0032135,2020,DET,2
5845,J.James,00-0032135,2021,CHI,1
5846,J.Janis,00-0031001,2016,GB,4
5847,J.Janis,00-0031001,2017,GB,1
5848,J.Jansen,00-0026027,2021,CAR,1
5849,J.Jansen,00-0026027,2024,CAR,1
5850,J.Jefferson,00-0036322,2020,MIN,2
5851,J.Jefferson,00-0036322,2021,MIN,1
5852,J.Jefferson,00-0036322,2022,MIN,3
5853,J.Jefferson,00-0036322,2024,MIN,2
5854,J.Jefferson,00-0036322,2025,MIN,1
5855,J.Jefferson,00-0039743,2024,JAX,1
5856,J.Jefferson,00-0039743,2025,CIN,1
5857,J.Jenkins,00-0027979,2016,KC,1
5858,J.Jenkins,00-0027979,2017,KC,2
5859,J.Jenkins,00-0029681,2016,NYG,6
5860,J.Jenkins,00-0029681,2017,NYG,4
5861,J.Jenkins,00-0029681,2018,NYG,5
5862,J.Jenkins,00-0029681,2019,NO,2
5863,J.Jenkins,00-0029681,2020,NO,6
5864,J.Jenkins,00-0029681,2021,TEN,6
5865,J.Jenkins,00-0029681,2022,SF,1
5866,J.Jenkins,00-0030070,2016,NO,1
5867,J.Jenkins,00-0030070,2022,MIA,1
5868,J.Jenkins,00-0030384,2016,MIA,2
5869,J.Jenkins,00-0032970,2017,NYJ,5
5870,J.Jenkins,00-0032970,2018,NYJ,5
5871,J.Jenkins,00-0032970,2019,NYJ,1
5872,J.Jenkins,00-0032970,2020,NYJ,3
5873,J.Jenkins,00-0032970,2021,HOU,2
5874,J.Jennings,00-0036259,2021,SF,2
5875,J.Jennings,00-0036259,2022,SF,3
5876,J.Jennings,00-0036259,2023,SF,3
5877,J.Jennings,00-0036259,2024,SF,2
5878,J.Jennings,00-0036259,2025,SF,4
5879,J.Jerry,00-0027678,2016,NYG,4
5880,J.Jerry,00-0027678,2017,NYG,2
5881,J.Jerry,00-0027678,2019,CIN,3
5882,J.Jeudy,00-0036407,2020,DEN,1
5883,J.Jeudy,00-0036407,2021,DEN,1
5884,J.Jeudy,00-0036407,2022,DEN,1
5885,J.Jeudy,00-0036407,2024,CLE,5
5886,J.Jeudy,00-0036407,2025,CLE,2
5887,J.Jewell,00-0034368,2019,DEN,1
5888,J.Jewell,00-0034368,2020,DEN,2
5889,J.Jewell,00-0034368,2023,DEN,1
5890,J.Jobe,00-0037137,2022,PHI,2
5891,J.Jobe,00-0037137,2023,PHI,5
5892,J.Jobe,00-0037137,2024,SEA,4
5893,J.Jobe,00-0037137,2025,SEA,8
5894,J.Johnson,00-0030322,2016,JAX,2
5895,J.Johnson,00-0033927,2017,LA,1
5896,J.Johnson,00-0033927,2019,LA,1
5897,J.Johnson,00-0033927,2021,CLE,1
5898,J.Johnson,00-0033927,2022,CLE,2
5899,J.Johnson,00-0033940,2018,MIN,1
5900,J.Johnson,00-0033940,2020,MIN,2
5901,J.Johnson,00-0033940,2021,HOU,1
5902,J.Johnson,00-0033940,2023,TEN,1
5903,J.Johnson,00-0035290,2020,BUF,1
5904,J.Johnson,00-0035290,2022,BUF,2
5905,J.Johnson,00-0035726,2020,NE,1
5906,J.Johnson,00-0035726,2022,LV,4
5907,J.Johnson,00-0035726,2023,LV,1
5908,J.Johnson,00-0036040,2021,NO,1
5909,J.Johnson,00-0036040,2022,NO,3
5910,J.Johnson,00-0036040,2023,NO,3
5911,J.Johnson,00-0036040,2024,NO,3
5912,J.Johnson,00-0036040,2025,NO,2
5913,J.Johnson,00-0036292,2020,CHI,4
5914,J.Johnson,00-0036292,2021,CHI,1
5915,J.Johnson,00-0036292,2022,CHI,4
5916,J.Johnson,00-0036292,2023,CHI,5
5917,J.Johnson,00-0036292,2024,CHI,3
5918,J.Johnson,00-0036799,2021,SEA,1
5919,J.Johnson,00-0037663,2023,NYJ,3
5920,J.Johnson,00-0037663,2024,NYJ,2
5921,J.Johnson,00-0037663,2025,NYJ,1
5922,J.Jones,00-0026194,2016,MIA,3
5923,J.Jones,00-0027944,2016,ATL,3
5924,J.Jones,00-0027944,2018,ATL,1
5925,J.Jones,00-0027944,2019,ATL,2
5926,J.Jones,00-0027944,2021,TEN,1
5927,J.Jones,00-0032580,2016,NE,2
5928,J.Jones,00-0032580,2017,NE,5
5929,J.Jones,00-0032580,2018,NE,6
5930,J.Jones,00-0032580,2019,NE,2
5931,J.Jones,00-0032580,2020,NE,1
5932,J.Jones,00-0032580,2024,NE,3
5933,J.Jones,00-0032580,2025,WAS,3
5934,J.Jones,00-0033659,2018,DEN,2
5935,J.Jones,00-0033659,2019,DEN,3
5936,J.Jones,00-0033659,2020,DEN,1
5937,J.Jones,00-0033659,2022,TEN,3
5938,J.Jones,00-0033903,2017,GB,7
5939,J.Jones,00-0033903,2018,GB,3
5940,J.Jones,00-0033903,2019,DAL,1
5941,J.Jones,00-0033903,2020,JAX,6
5942,J.Jones,00-0034677,2019,LAC,2
5943,J.Jones,00-0034677,2020,LAC,2
5944,J.Jones,00-0034677,2021,LAC,3
5945,J.Jones,00-0034729,2019,SEA,1
5946,J.Jones,00-0034729,2020,SEA,2
5947,J.Jones,00-0034729,2021,SEA,1
5948,J.Jones,00-0036068,2021,JAX,1
5949,J.Jones,00-0036068,2021,LA,1
5950,J.Jones,00-0036363,2021,ARI,10
5951,J.Jones,00-0036363,2022,ARI,7
5952,J.Jones,00-0036363,2023,HOU,4
5953,J.Jones,00-0036363,2024,BAL,1
5954,J.Jones,00-0038039,2023,LV,3
5955,J.Jones,00-0038039,2023,NE,2
5956,J.Jones,00-0038039,2024,LV,4
5957,J.Jones,00-0038039,2025,MIA,8
5958,J.Jones,00-0038407,2023,IND,6
5959,J.Jones,00-0038407,2024,IND,8
5960,J.Jones,00-0038407,2025,IND,2
5961,J.Jones,00-0039353,2024,JAX,2
5962,J.Jones,00-0039353,2025,JAX,7
5963,J.Joseph,00-0024239,2016,HOU,4
5964,J.Joseph,00-0024239,2017,HOU,5
5965,J.Joseph,00-0024239,2018,HOU,1
5966,J.Joseph,00-0024239,2019,HOU,1
5967,J.Joseph,00-0024239,2020,TEN,1
5968,J.Kalu,00-0034662,2020,TEN,3
5969,J.Kalu,00-0034662,2022,TEN,3
5970,J.Karty,00-0039750,2025,LA,1
5971,J.Kearse,00-0029159,2016,SEA,7
5972,J.Kearse,00-0029159,2017,NYJ,2
5973,J.Kearse,00-0029159,2018,NYJ,1
5974,J.Kearse,00-0032454,2016,MIN,2
5975,J.Kearse,00-0032454,2017,MIN,1
5976,J.Kearse,00-0032454,2018,MIN,3
5977,J.Kearse,00-0032454,2020,DET,4
5978,J.Kearse,00-0032454,2021,DAL,3
5979,J.Kearse,00-0032454,2022,DAL,1
5980,J.Kearse,00-0032454,2023,DAL,6
5981,J.Kelce,00-0028129,2016,PHI,8
5982,J.Kelce,00-0028129,2017,PHI,5
5983,J.Kelce,00-0028129,2018,PHI,4
5984,J.Kelce,00-0028129,2019,PHI,3
5985,J.Kelce,00-0028129,2020,PHI,4
5986,J.Kelce,00-0028129,2021,PHI,3
5987,J.Kelce,00-0028129,2022,PHI,6
5988,J.Kelce,00-0028129,2023,PHI,6
5989,J.Kelley,00-0036370,2022,LAC,1
5990,J.Kelly,00-0034808,2018,LA,1
5991,J.Keyes,00-0031847,2016,TB,1
5992,J.Kinlaw,00-0036260,2020,SF,4
5993,J.Kinlaw,00-0036260,2022,SF,1
5994,J.Kinlaw,00-0036260,2023,SF,2
5995,J.Kinlaw,00-0036260,2024,NYJ,8
5996,J.Kinlaw,00-0036260,2025,WAS,5
5997,J.Kline,00-0029992,2016,TEN,3
5998,J.Kline,00-0029992,2017,TEN,2
5999,J.Kline,00-0029992,2018,TEN,3
6000,J.Kline,00-0029992,2019,MIN,2
6001,J.Kongbo,00-0035754,2022,DEN,1
6002,J.Kubas,00-0039508,2024,NYG,3
6003,J.Kuhn,00-0022999,2016,NO,4
6004,J.Kumerow,00-0031787,2018,GB,1
6005,J.Kumerow,00-0031787,2019,GB,2
6006,J.Kunaszyk,00-0035444,2019,CAR,1
6007,J.Kunaszyk,00-0035444,2022,CLE,1
6008,J.Landry,00-0031382,2016,MIA,6
6009,J.Landry,00-0031382,2017,MIA,4
6010,J.Landry,00-0031382,2018,CLE,1
6011,J.Landry,00-0031382,2019,CLE,4
6012,J.Landry,00-0031382,2020,CLE,3
6013,J.Landry,00-0031382,2021,CLE,1
6014,J.Landry,00-0031382,2022,NO,1
6015,J.Lane,00-0029295,2016,SEA,3
6016,J.Lane,00-0029295,2017,SEA,8
6017,J.Latham,00-0039731,2024,TEN,10
6018,J.Latham,00-0039731,2025,TEN,13
6019,J.Laulu,00-0039423,2024,LV,1
6020,J.Laulu,00-0039423,2025,LV,1
6021,J.Lawler,00-0034813,2018,LA,1
6022,J.Layne,00-0035650,2019,PIT,2
6023,J.Layne,00-0035650,2020,PIT,1
6024,J.Layne,00-0035650,2021,PIT,4
6025,J.Layne,00-0035650,2022,NYG,1
6026,J.LeRibeus,00-0029666,2017,NO,1
6027,J.LeRibeus,00-0029666,2018,NO,2
6028,J.Ledbetter,00-0035343,2021,ARI,1
6029,J.Ledbetter,00-0035343,2022,ARI,2
6030,J.Ledbetter,00-0035343,2023,ARI,2
6031,J.Leggett,00-0033953,2018,NYJ,1
6032,J.Leglue,00-0034937,2021,PIT,4
6033,J.Lemonier,00-0035906,2020,LAC,1
6034,J.Lemonier,00-0035906,2021,DET,1
6035,J.Lewis,00-0033928,2017,DAL,5
6036,J.Lewis,00-0033928,2020,DAL,8
6037,J.Lewis,00-0033928,2021,DAL,1
6038,J.Lewis,00-0033928,2022,DAL,1
6039,J.Lewis,00-0033928,2023,DAL,2
6040,J.Lewis,00-0033928,2024,DAL,3
6041,J.Lewis,00-0033928,2025,JAX,5
6042,J.Locke,00-0030405,2017,DET,1
6043,J.Long,00-0025820,2016,MIN,1
6044,J.Looney,00-0029278,2018,DAL,4
6045,J.Looney,00-0029278,2019,DAL,1
6046,J.Looney,00-0029278,2020,DAL,1
6047,J.Love,00-0034974,2021,NYG,3
6048,J.Love,00-0034974,2022,NYG,2
6049,J.Love,00-0034974,2023,SEA,2
6050,J.Love,00-0034974,2025,SEA,1
6051,J.Love,00-0036264,2023,GB,2
6052,J.Love,00-0036264,2024,GB,1
6053,J.Love,00-0036264,2025,GB,2
6054,J.Lucas,00-0032797,2017,MIA,1
6055,J.Lucas,00-0032797,2018,KC,3
6056,J.Lucas,00-0032797,2019,KC,3
6057,J.Luketa,00-0037330,2022,ARI,1
6058,J.Lynch,00-0036337,2021,MIN,2
6059,J.Lynch,00-0036337,2025,TEN,1
6060,J.Maclin,00-0026995,2016,KC,1
6061,J.Madubuike,00-0036130,2020,BAL,1
6062,J.Madubuike,00-0036130,2021,BAL,2
6063,J.Madubuike,00-0036130,2022,BAL,2
6064,J.Madubuike,00-0036130,2023,BAL,5
6065,J.Magee,00-0039368,2025,WAS,2
6066,J.Mailata,00-0034429,2020,PHI,4
6067,J.Mailata,00-0034429,2021,PHI,7
6068,J.Mailata,00-0034429,2022,PHI,6
6069,J.Mailata,00-0034429,2023,PHI,8
6070,J.Mailata,00-0034429,2024,PHI,5
6071,J.Mailata,00-0034429,2025,PHI,6
6072,J.March,00-0031999,2020,DAL,2
6073,J.March-Lillard,00-0031999,2019,DAL,1
6074,J.Marshall,00-0036505,2021,NYJ,1
6075,J.Marshall,00-0040178,2025,MIA,1
6076,J.Martin,00-0030160,2016,NYJ,2
6077,J.Martin,00-0034163,2018,SEA,2
6078,J.Martin,00-0034163,2021,HOU,1
6079,J.Martin,00-0034163,2022,DEN,1
6080,J.Martin,00-0034163,2022,NYJ,2
6081,J.Martin,00-0034163,2025,WAS,2
6082,J.Martin,00-0039149,2023,WAS,1
6083,J.Mason,00-0037525,2022,SF,2
6084,J.Matthews,00-0031279,2016,ATL,9
6085,J.Matthews,00-0031279,2017,ATL,4
6086,J.Matthews,00-0031279,2018,ATL,3
6087,J.Matthews,00-0031279,2019,ATL,7
6088,J.Matthews,00-0031279,2020,ATL,3
6089,J.Matthews,00-0031279,2021,ATL,7
6090,J.Matthews,00-0031279,2022,ATL,3
6091,J.Matthews,00-0031279,2023,ATL,5
6092,J.Matthews,00-0031279,2025,ATL,7
6093,J.Matthews,00-0031299,2016,PHI,2
6094,J.Matthews,00-0031299,2017,BUF,3
6095,J.Matthews,00-0031299,2018,PHI,2
6096,J.Mauro,00-0030883,2016,ARI,1
6097,J.Mauro,00-0030883,2017,ARI,2
6098,J.Mauro,00-0030883,2018,NYG,5
6099,J.Mauro,00-0030883,2019,LV,2
6100,J.Maxey,00-0032529,2016,PIT,1
6101,J.Mayfield,00-0036947,2021,ATL,7
6102,J.Mayfield,00-0036947,2023,NYG,2
6103,J.McCarthy,00-0039923,2025,MIN,2
6104,J.McCollough,00-0039776,2024,LA,1
6105,J.McCollough,00-0039776,2025,LA,1
6106,J.McCourty,00-0027136,2016,TEN,4
6107,J.McCourty,00-0027136,2017,CLE,3
6108,J.McCourty,00-0027136,2018,NE,1
6109,J.McCourty,00-0027136,2019,NE,4
6110,J.McCourty,00-0027136,2020,NE,3
6111,J.McCown,00-0021206,2016,CLE,2
6112,J.McCown,00-0021206,2017,NYJ,4
6113,J.McCray,00-0030792,2017,GB,3
6114,J.McCray,00-0030792,2018,GB,2
6115,J.McCray,00-0030792,2019,CLE,4
6116,J.McCray,00-0030792,2020,ATL,1
6117,J.McCray,00-0030792,2022,HOU,2
6118,J.McCray,00-0030792,2023,CAR,2
6119,J.McKinnon,00-0031376,2016,MIN,1
6120,J.McKinnon,00-0031376,2022,KC,3
6121,J.McKissic,00-0032602,2017,SEA,1
6122,J.McKissic,00-0032602,2019,DET,2
6123,J.McKissic,00-0032602,2020,WAS,1
6124,J.McKissic,00-0032602,2021,WAS,1
6125,J.McMillan,00-0039855,2024,TB,4
6126,J.McMillian,00-0037384,2023,DEN,1
6127,J.McMillian,00-0037384,2024,DEN,8
6128,J.McMillian,00-0037384,2025,DEN,2
6129,J.McNary,00-0029744,2016,IND,3
6130,J.McNichols,00-0033955,2023,SF,1
6131,J.McNichols,00-0033955,2024,WAS,1
6132,J.McNichols,00-0033955,2025,WAS,3
6133,J.McQuaide,00-0028394,2016,LA,1
6134,J.McQuaide,00-0028394,2025,LA,1
6135,J.Meder,00-0030697,2017,CLE,2
6136,J.Meredith,00-0036604,2024,LV,3
6137,J.Meredith,00-0036604,2025,LV,2
6138,J.Metchie,00-0037614,2023,HOU,1
6139,J.Metchie,00-0037614,2025,NYJ,1
6140,J.Metellus,00-0036348,2021,MIN,2
6141,J.Metellus,00-0036348,2022,MIN,1
6142,J.Metellus,00-0036348,2024,MIN,1
6143,J.Metellus,00-0036348,2025,MIN,2
6144,J.Mewhort,00-0031046,2016,IND,3
6145,J.Mewhort,00-0031046,2017,IND,2
6146,J.Meyers,00-0034960,2019,NE,1
6147,J.Meyers,00-0034960,2020,NE,3
6148,J.Meyers,00-0034960,2021,NE,2
6149,J.Meyers,00-0034960,2022,NE,3
6150,J.Meyers,00-0034960,2023,LV,6
6151,J.Meyers,00-0034960,2024,LV,3
6152,J.Meyers,00-0034960,2025,JAX,2
6153,J.Meyers,00-0034960,2025,LV,1
6154,J.Mickens,00-0033006,2017,JAX,1
6155,J.Miles,00-0035317,2019,ARI,1
6156,J.Miller,00-0032149,2016,BUF,4
6157,J.Miller,00-0032149,2017,BUF,3
6158,J.Miller,00-0032149,2018,BUF,4
6159,J.Miller,00-0032149,2019,CIN,3
6160,J.Miller,00-0032149,2020,CAR,5
6161,J.Miller,00-0032149,2021,CAR,2
6162,J.Mills,00-0030046,2016,BUF,7
6163,J.Mills,00-0030046,2017,BUF,6
6164,J.Mills,00-0030046,2018,BUF,7
6165,J.Mills,00-0030046,2021,NO,1
6166,J.Mills,00-0032803,2016,PHI,6
6167,J.Mills,00-0032803,2017,PHI,9
6168,J.Mills,00-0032803,2018,PHI,3
6169,J.Mills,00-0032803,2019,PHI,4
6170,J.Mills,00-0032803,2020,PHI,3
6171,J.Mills,00-0032803,2021,NE,3
6172,J.Mills,00-0032803,2022,NE,1
6173,J.Mills,00-0032803,2023,NE,2
6174,J.Mills,00-0032803,2024,NYJ,1
6175,J.Milton,00-0039398,2024,NE,1
6176,J.Mingo,00-0039062,2023,CAR,1
6177,J.Mitchell,00-0037282,2022,DET,1
6178,J.Mitchell,00-0037282,2023,DET,1
6179,J.Mixon,00-0033897,2019,CIN,3
6180,J.Mixon,00-0033897,2021,CIN,1
6181,J.Mixon,00-0033897,2023,CIN,1
6182,J.Mixon,00-0033897,2024,HOU,2
6183,J.Moffatt,00-0036118,2020,CLE,1
6184,J.Monroe,00-0039285,2024,NYJ,1
6185,J.Moody,00-0038562,2024,SF,3
6186,J.Moody,00-0038562,2025,WAS,1
6187,J.Moore,00-0034268,2018,GB,2
6188,J.Moore,00-0036557,2021,SF,1
6189,J.Moore,00-0036557,2022,SF,1
6190,J.Moreland,00-0035307,2019,WAS,8
6191,J.Moreland,00-0035307,2020,WAS,5
6192,J.Moreno-Cropper,00-0038740,2025,DAL,1
6193,J.Morgan,00-0039904,2024,GB,1
6194,J.Morgan,00-0039904,2025,GB,4
6195,J.Morrissey,00-0036859,2021,HOU,2
6196,J.Mundt,00-0033246,2020,LA,1
6197,J.Mundt,00-0033246,2021,LA,1
6198,J.Mundt,00-0033246,2022,MIN,1
6199,J.Mundt,00-0033246,2023,MIN,1
6200,J.Mundt,00-0033246,2024,MIN,3
6201,J.Mundt,00-0033246,2025,JAX,3
6202,J.Murray,00-0032528,2019,ARI,4
6203,J.Myers,00-0031492,2016,JAX,1
6204,J.Myers,00-0031492,2025,SEA,4
6205,J.Myers,00-0036622,2022,GB,2
6206,J.Myers,00-0036622,2023,GB,4
6207,J.Myers,00-0036622,2024,GB,3
6208,J.Myers,00-0036622,2025,NYJ,4
6209,J.Myrick,00-0033587,2017,JAX,1
6210,J.Nailor,00-0037291,2023,MIN,1
6211,J.Nailor,00-0037291,2024,MIN,2
6212,J.Nailor,00-0037291,2025,MIN,2
6213,J.Nelson,00-0032112,2017,ARI,2
6214,J.Newton,00-0039375,2024,CIN,6
6215,J.Newton,00-0039375,2025,CIN,1
6216,J.Newton,00-0039906,2024,WAS,3
6217,J.Newton,00-0039906,2025,WAS,2
6218,J.Norman,00-0029285,2016,WAS,14
6219,J.Norman,00-0029285,2017,WAS,4
6220,J.Norman,00-0029285,2018,WAS,5
6221,J.Norman,00-0029285,2019,WAS,4
6222,J.Norman,00-0029285,2020,BUF,3
6223,J.Norman,00-0029285,2021,SF,6
6224,J.Noteboom,00-0034803,2019,LA,1
6225,J.Noteboom,00-0034803,2020,LA,3
6226,J.Noteboom,00-0034803,2022,LA,3
6227,J.Noteboom,00-0034803,2023,LA,1
6228,J.Noteboom,00-0034803,2024,LA,3
6229,J.O'Shaughnessy,00-0031951,2016,KC,3
6230,J.O'Shaughnessy,00-0031951,2017,JAX,3
6231,J.O'Shaughnessy,00-0031951,2018,JAX,5
6232,J.O'Shaughnessy,00-0031951,2020,JAX,3
6233,J.O'Shaughnessy,00-0031951,2021,JAX,2
6234,J.Odrick,00-0027878,2016,JAX,4
6235,J.Ojukwu,00-0038852,2024,TEN,1
6236,J.Ojukwu,00-0038852,2025,TEN,2
6237,J.Okudah,00-0036274,2020,DET,2
6238,J.Okudah,00-0036274,2022,DET,4
6239,J.Okudah,00-0036274,2023,ATL,4
6240,J.Okudah,00-0036274,2025,MIN,1
6241,J.Okwara,00-0036249,2021,DET,3
6242,J.Okwara,00-0036249,2022,DET,2
6243,J.Okwara,00-0036249,2024,ARI,1
6244,J.Olawale,00-0029492,2017,LV,1
6245,J.Olawale,00-0029492,2018,DAL,1
6246,J.Olawale,00-0029492,2019,DAL,1
6247,J.Oliver,00-0035249,2021,BAL,1
6248,J.Oliver,00-0035249,2022,BAL,2
6249,J.Oliver,00-0035249,2023,MIN,4
6250,J.Oliver,00-0035249,2024,MIN,3
6251,J.Oliver,00-0035249,2025,MIN,2
6252,J.Ossai,00-0036902,2022,CIN,2
6253,J.Ossai,00-0036902,2024,CIN,1
6254,J.Ossai,00-0036902,2025,CIN,3
6255,J.Owens,00-0034485,2022,HOU,2
6256,J.Owens,00-0034485,2023,GB,6
6257,J.Owusu-Koramoah,00-0036915,2021,CLE,1
6258,J.Owusu-Koramoah,00-0036915,2022,CLE,1
6259,J.Owusu-Koramoah,00-0036915,2023,CLE,1
6260,J.Palmer,00-0036988,2021,LAC,1
6261,J.Palmer,00-0036988,2022,LAC,1
6262,J.Palmer,00-0036988,2023,LAC,1
6263,J.Palmer,00-0036988,2024,LAC,1
6264,J.Palmer,00-0036988,2025,BUF,3
6265,J.Parnell,00-0026839,2016,JAX,10
6266,J.Parnell,00-0026839,2017,JAX,3
6267,J.Parnell,00-0026839,2018,JAX,8
6268,J.Parrish,00-0040143,2025,TB,3
6269,J.Paschal,00-0038096,2024,DET,2
6270,J.Patterson,00-0036755,2021,WAS,1
6271,J.Patterson,00-0038615,2023,HOU,1
6272,J.Patterson,00-0038615,2024,HOU,1
6273,J.Patterson,00-0038615,2025,HOU,1
6274,J.Pearce,00-0040578,2025,ATL,3
6275,J.Peppers,00-0021140,2016,GB,2
6276,J.Peppers,00-0021140,2017,CAR,2
6277,J.Peppers,00-0021140,2018,CAR,1
6278,J.Peppers,00-0033883,2017,CLE,4
6279,J.Peppers,00-0033883,2018,CLE,2
6280,J.Peppers,00-0033883,2019,NYG,2
6281,J.Peppers,00-0033883,2020,NYG,2
6282,J.Peppers,00-0033883,2022,NE,2
6283,J.Peppers,00-0033883,2023,NE,2
6284,J.Peppers,00-0033883,2025,PIT,3
6285,J.Perkins,00-0032599,2016,ATL,2
6286,J.Perkins,00-0032599,2018,PHI,1
6287,J.Perry,00-0033734,2020,MIA,1
6288,J.Peters,00-0022531,2016,PHI,11
6289,J.Peters,00-0022531,2017,PHI,1
6290,J.Peters,00-0022531,2018,PHI,9
6291,J.Peters,00-0022531,2019,PHI,10
6292,J.Peters,00-0022531,2021,CHI,3
6293,J.Peters,00-0022531,2023,SEA,2
6294,J.Pharms,00-0037711,2025,NE,1
6295,J.Phillips,00-0027139,2016,DEN,1
6296,J.Phillips,00-0027139,2016,NO,1
6297,J.Phillips,00-0031557,2016,MIA,9
6298,J.Phillips,00-0031557,2017,MIA,1
6299,J.Phillips,00-0031557,2018,BUF,3
6300,J.Phillips,00-0031557,2018,MIA,1
6301,J.Phillips,00-0031557,2019,BUF,9
6302,J.Phillips,00-0031557,2021,ARI,3
6303,J.Phillips,00-0031557,2022,BUF,4
6304,J.Phillips,00-0031557,2023,BUF,5
6305,J.Phillips,00-0031557,2024,BUF,1
6306,J.Phillips,00-0031557,2025,BUF,1
6307,J.Phillips,00-0036276,2021,CLE,1
6308,J.Phillips,00-0036934,2021,MIA,4
6309,J.Phillips,00-0036934,2022,MIA,4
6310,J.Phillips,00-0036934,2024,MIA,1
6311,J.Pierre,00-0035795,2020,PIT,2
6312,J.Pierre,00-0035795,2021,PIT,4
6313,J.Pierre,00-0035795,2022,PIT,4
6314,J.Pierre,00-0035795,2023,PIT,3
6315,J.Pierre,00-0035795,2024,PIT,1
6316,J.Pierre-Paul,00-0027867,2016,NYG,2
6317,J.Pierre-Paul,00-0027867,2017,NYG,5
6318,J.Pierre-Paul,00-0027867,2018,TB,5
6319,J.Pierre-Paul,00-0027867,2019,TB,5
6320,J.Pierre-Paul,00-0027867,2020,TB,6
6321,J.Pierre-Paul,00-0027867,2021,TB,5
6322,J.Pierre-Paul,00-0027867,2022,BAL,1
6323,J.Pinnock,00-0036502,2021,NYJ,2
6324,J.Pinnock,00-0036502,2022,NYG,1
6325,J.Pinnock,00-0036502,2023,NYG,1
6326,J.Pinnock,00-0036502,2024,NYG,1
6327,J.Pitre,00-0037246,2022,HOU,3
6328,J.Pitre,00-0037246,2023,HOU,2
6329,J.Pitre,00-0037246,2024,HOU,4
6330,J.Pitre,00-0037246,2025,HOU,2
6331,J.Polk,00-0039907,2024,NE,4
6332,J.Porter,00-0039167,2023,PIT,8
6333,J.Porter,00-0039167,2024,PIT,12
6334,J.Porter,00-0039167,2025,PIT,6
6335,J.Powers,00-0027064,2016,BAL,1
6336,J.Powers-Johnson,00-0039735,2024,LV,11
6337,J.Powers-Johnson,00-0039735,2025,LV,2
6338,J.Poyer,00-0030114,2016,CLE,1
6339,J.Poyer,00-0030114,2018,BUF,1
6340,J.Poyer,00-0030114,2019,BUF,1
6341,J.Poyer,00-0030114,2020,BUF,3
6342,J.Poyer,00-0030114,2021,BUF,5
6343,J.Poyer,00-0030114,2023,BUF,3
6344,J.Poyer,00-0030114,2024,MIA,3
6345,J.Poyer,00-0030114,2025,BUF,1
6346,J.Proche,00-0036133,2022,BAL,5
6347,J.Proche,00-0036133,2024,CLE,1
6348,J.Proche,00-0036133,2025,TEN,1
6349,J.Prosch,00-0031085,2016,HOU,1
6350,J.Pugh,00-0030585,2016,NYG,2
6351,J.Pugh,00-0030585,2017,NYG,1
6352,J.Pugh,00-0030585,2018,ARI,1
6353,J.Pugh,00-0030585,2019,ARI,3
6354,J.Pugh,00-0030585,2020,ARI,9
6355,J.Pugh,00-0030585,2021,ARI,3
6356,J.Pugh,00-0030585,2023,NYG,4
6357,J.Ramsey,00-0033055,2016,JAX,6
6358,J.Ramsey,00-0033055,2017,JAX,3
6359,J.Ramsey,00-0033055,2018,JAX,6
6360,J.Ramsey,00-0033055,2019,LA,3
6361,J.Ramsey,00-0033055,2020,LA,6
6362,J.Ramsey,00-0033055,2021,LA,6
6363,J.Ramsey,00-0033055,2022,LA,7
6364,J.Ramsey,00-0033055,2023,MIA,2
6365,J.Ramsey,00-0033055,2024,MIA,5
6366,J.Ramsey,00-0033055,2025,PIT,5
6367,J.Reagor,00-0036387,2020,PHI,1
6368,J.Reagor,00-0036387,2021,PHI,1
6369,J.Reagor,00-0036387,2023,NE,1
6370,J.Reaves,00-0034465,2019,WAS,1
6371,J.Reaves,00-0034465,2024,WAS,1
6372,J.Reaves,00-0034465,2025,WAS,2
6373,J.Redmond,00-0038778,2024,MIN,1
6374,J.Redmond,00-0038778,2025,MIN,1
6375,J.Reed,00-0030472,2016,WAS,3
6376,J.Reed,00-0030472,2017,WAS,1
6377,J.Reed,00-0030472,2018,WAS,2
6378,J.Reed,00-0030472,2020,SF,1
6379,J.Reed,00-0032387,2016,SEA,2
6380,J.Reed,00-0032387,2017,SEA,3
6381,J.Reed,00-0032387,2018,SEA,2
6382,J.Reed,00-0032387,2019,SEA,1
6383,J.Reed,00-0032387,2020,SEA,3
6384,J.Reed,00-0032387,2021,KC,1
6385,J.Reed,00-0036377,2020,LAC,2
6386,J.Reed,00-0038613,2024,SEA,1
6387,J.Reed,00-0038613,2025,TEN,1
6388,J.Reed,00-0039146,2023,GB,3
6389,J.Reed,00-0039146,2025,GB,1
6390,J.Reeves-Maybin,00-0033557,2017,DET,4
6391,J.Reeves-Maybin,00-0033557,2018,DET,2
6392,J.Reeves-Maybin,00-0033557,2019,DET,1
6393,J.Reeves-Maybin,00-0033557,2021,DET,1
6394,J.Reeves-Maybin,00-0033557,2023,DET,1
6395,J.Reeves-Maybin,00-0033557,2024,DET,2
6396,J.Reid,00-0028023,2016,KC,1
6397,J.Reid,00-0034361,2018,HOU,1
6398,J.Reid,00-0034361,2023,KC,3
6399,J.Reid,00-0034361,2024,KC,6
6400,J.Reid,00-0034361,2025,NO,3
6401,J.Reid,00-0036304,2020,HOU,1
6402,J.Reid,00-0036304,2021,SEA,2
6403,J.Reitz,00-0026408,2016,IND,6
6404,J.Reynolds,00-0033943,2018,LA,2
6405,J.Reynolds,00-0033943,2019,LA,1
6406,J.Reynolds,00-0033943,2020,LA,2
6407,J.Reynolds,00-0033943,2021,DET,1
6408,J.Reynolds,00-0033943,2021,TEN,1
6409,J.Reynolds,00-0033943,2023,DET,2
6410,J.Reynolds,00-0033943,2024,DEN,1
6411,J.Rhattigan,00-0036802,2021,SEA,1
6412,J.Rhattigan,00-0036802,2023,SEA,2
6413,J.Richard,00-0033025,2017,LV,2
6414,J.Richard,00-0033025,2018,LV,2
6415,J.Richard,00-0033025,2020,LV,1
6416,J.Richards,00-0031559,2018,ATL,1
6417,J.Richards,00-0033187,2018,LAC,3
6418,J.Ridgeway,00-0037283,2022,WAS,2
6419,J.Rivers,00-0040180,2025,CIN,1
6420,J.Robinson,00-0029691,2016,TB,1
6421,J.Robinson,00-0029691,2017,TB,1
6422,J.Robinson,00-0029691,2018,NO,1
6423,J.Robinson,00-0029691,2019,JAX,2
6424,J.Robinson,00-0035831,2020,JAX,2
6425,J.Robinson,00-0036878,2023,LV,2
6426,J.Robinson,00-0036878,2024,LV,3
6427,J.Robinson,00-0038587,2023,CAR,2
6428,J.Rodgers,00-0031621,2019,DEN,1
6429,J.Rosen,00-0034343,2018,ARI,1
6430,J.Ross,00-0033460,2018,CIN,2
6431,J.Ross,00-0033460,2019,CIN,1
6432,J.Ross,00-0033460,2021,NYG,1
6433,J.Ross,00-0037216,2023,KC,1
6434,J.Ross III,00-0033460,2019,CIN,1
6435,J.Ross III,00-0033460,2020,CIN,1
6436,J.Roy,00-0038584,2024,NE,1
6437,J.Ruckert,00-0037805,2023,NYJ,2
6438,J.Ruckert,00-0037805,2024,NYJ,1
6439,J.Ruckert,00-0037805,2025,NYJ,3
6440,J.Rudock,00-0032431,2017,DET,1
6441,J.Runyan,00-0036246,2021,GB,1
6442,J.Runyan,00-0036246,2022,GB,1
6443,J.Runyan,00-0036246,2023,GB,5
6444,J.Runyan,00-0036246,2024,NYG,3
6445,J.Runyan,00-0036246,2025,NYG,4
6446,J.Russell,00-0037491,2022,TB,1
6447,J.Russell,00-0037491,2023,TB,1
6448,J.Russell,00-0037491,2024,TB,2
6449,J.Ryan,00-0023742,2017,SEA,1
6450,J.Ryan,00-0031578,2016,GB,1
6451,J.Ryan,00-0031578,2017,GB,1
6452,J.Salyer,00-0037295,2022,LAC,3
6453,J.Salyer,00-0037295,2023,LAC,3
6454,J.Salyer,00-0037295,2024,LAC,3
6455,J.Salyer,00-0037295,2025,LAC,8
6456,J.Samuels,00-0034331,2019,PIT,1
6457,J.Samuels,00-0034331,2020,PIT,1
6458,J.Sanborn,00-0037109,2023,CHI,1
6459,J.Sanders,00-0034794,2024,MIA,1
6460,J.Sanders,00-0039356,2024,CAR,3
6461,J.Sanders,00-0039356,2025,CAR,1
6462,J.Sanker,00-0040643,2025,NO,1
6463,J.Savaiinaea,00-0040742,2025,MIA,3
6464,J.Sawyer,00-0040160,2025,PIT,1
6465,J.Schmitz,00-0039019,2023,NYG,3
6466,J.Schmitz,00-0039019,2024,NYG,3
6467,J.Schmitz,00-0039019,2025,NYG,3
6468,J.Schobert,00-0033125,2016,CLE,1
6469,J.Schobert,00-0033125,2017,CLE,1
6470,J.Schobert,00-0033125,2020,JAX,2
6471,J.Schobert,00-0033125,2021,PIT,1
6472,J.Schobert,00-0033125,2022,TEN,1
6473,J.Scott,00-0036303,2020,JAX,1
6474,J.Scott,00-0036303,2021,PHI,2
6475,J.Scott,00-0036303,2022,PHI,1
6476,J.Scruggs,00-0038936,2023,HOU,4
6477,J.Scruggs,00-0038936,2024,HOU,5
6478,J.Scruggs,00-0038936,2025,HOU,3
6479,J.Shaw,00-0032168,2016,CIN,2
6480,J.Shaw,00-0032168,2017,CIN,7
6481,J.Shaw,00-0032168,2018,KC,2
6482,J.Sheard,00-0027975,2017,IND,4
6483,J.Sheard,00-0027975,2018,IND,6
6484,J.Sheard,00-0027975,2020,JAX,1
6485,J.Shepherd,00-0032137,2016,SF,1
6486,J.Sherwood,00-0036500,2021,NYJ,1
6487,J.Sherwood,00-0036500,2022,NYJ,1
6488,J.Sherwood,00-0036500,2023,NYJ,1
6489,J.Sherwood,00-0036500,2024,NYJ,1
6490,J.Sherwood,00-0036500,2025,NYJ,2
6491,J.Shorter,00-0038590,2024,LV,1
6492,J.Shorter,00-0038590,2025,LV,1
6493,J.Simmons,00-0032971,2016,DEN,3
6494,J.Simmons,00-0032971,2017,DEN,2
6495,J.Simmons,00-0032971,2018,DEN,4
6496,J.Simmons,00-0032971,2019,DEN,1
6497,J.Simmons,00-0032971,2020,DEN,1
6498,J.Simmons,00-0032971,2022,DEN,2
6499,J.Simmons,00-0032971,2023,DEN,1
6500,J.Simmons,00-0033446,2018,SEA,1
6501,J.Simmons,00-0033446,2020,SEA,2
6502,J.Simmons,00-0035643,2019,TEN,2
6503,J.Simmons,00-0035643,2020,TEN,2
6504,J.Simmons,00-0035643,2021,TEN,5
6505,J.Simmons,00-0035643,2022,TEN,3
6506,J.Simmons,00-0035643,2023,TEN,4
6507,J.Simmons,00-0035643,2024,TEN,6
6508,J.Simmons,00-0035643,2025,TEN,10
6509,J.Simmons,00-0040116,2025,KC,7
6510,J.Simon,00-0030442,2019,NE,1
6511,J.Simon,00-0030442,2020,NE,1
6512,J.Simpson,00-0036369,2020,LV,2
6513,J.Simpson,00-0036369,2021,LV,11
6514,J.Simpson,00-0036369,2022,LV,1
6515,J.Simpson,00-0036369,2023,BAL,11
6516,J.Simpson,00-0036369,2024,NYJ,4
6517,J.Simpson,00-0036369,2025,NYJ,11
6518,J.Simpson,00-0039383,2025,GB,1
6519,J.Sirles,00-0030923,2016,MIN,8
6520,J.Sirles,00-0030923,2017,MIN,3
6521,J.Sirles,00-0030923,2018,BUF,1
6522,J.Sitton,00-0026275,2016,CHI,6
6523,J.Sitton,00-0026275,2017,CHI,3
6524,J.Sitton,00-0026275,2018,MIA,1
6525,J.Skinner,00-0038605,2025,DEN,5
6526,J.Skule,00-0034989,2019,SF,5
6527,J.Skule,00-0034989,2020,SF,2
6528,J.Skule,00-0034989,2024,TB,1
6529,J.Skule,00-0034989,2025,MIN,3
6530,J.Slye,00-0035192,2020,CAR,1
6531,J.Slye,00-0035192,2024,NE,1
6532,J.Slye,00-0035192,2025,TEN,4
6533,J.Smith,00-0027965,2016,BAL,5
6534,J.Smith,00-0027965,2017,BAL,3
6535,J.Smith,00-0027965,2018,BAL,4
6536,J.Smith,00-0027965,2019,BAL,4
6537,J.Smith,00-0027965,2020,BAL,3
6538,J.Smith,00-0027965,2021,BAL,1
6539,J.Smith,00-0029112,2018,LV,1
6540,J.Smith,00-0033052,2018,DAL,1
6541,J.Smith,00-0033052,2019,DAL,5
6542,J.Smith,00-0033052,2020,DAL,7
6543,J.Smith,00-0033858,2017,TEN,6
6544,J.Smith,00-0033858,2018,TEN,2
6545,J.Smith,00-0033858,2019,TEN,7
6546,J.Smith,00-0033858,2020,TEN,1
6547,J.Smith,00-0033858,2021,NE,5
6548,J.Smith,00-0033858,2022,NE,1
6549,J.Smith,00-0033858,2023,ATL,3
6550,J.Smith,00-0033858,2024,MIA,3
6551,J.Smith,00-0033858,2025,PIT,5
6552,J.Smith,00-0035510,2020,NYJ,1
6553,J.Smith-Njigba,00-0038543,2023,SEA,1
6554,J.Smith-Njigba,00-0038543,2024,SEA,1
6555,J.Smith-Njigba,00-0038543,2025,SEA,3
6556,J.Smith-Schuster,00-0033857,2017,PIT,6
6557,J.Smith-Schuster,00-0033857,2018,PIT,2
6558,J.Smith-Schuster,00-0033857,2019,PIT,1
6559,J.Smith-Schuster,00-0033857,2021,PIT,2
6560,J.Smith-Schuster,00-0033857,2022,KC,3
6561,J.Smith-Schuster,00-0033857,2023,NE,4
6562,J.Smith-Schuster,00-0033857,2024,KC,3
6563,J.Smith-Schuster,00-0033857,2025,KC,3
6564,J.Smith-Williams,00-0036351,2020,WAS,2
6565,J.Smith-Williams,00-0036351,2021,WAS,1
6566,J.Smith-Williams,00-0036351,2022,WAS,1
6567,J.Solomon,00-0039879,2025,BUF,3
6568,J.Spriggs,00-0032766,2016,GB,3
6569,J.Spriggs,00-0032766,2018,GB,7
6570,J.Spriggs,00-0032766,2021,ATL,2
6571,J.Sprinkle,00-0033528,2018,WAS,4
6572,J.Sprinkle,00-0033528,2019,WAS,7
6573,J.Sprinkle,00-0033528,2020,WAS,1
6574,J.Sprinkle,00-0033528,2021,DAL,2
6575,J.Staley,00-0025415,2016,SF,3
6576,J.Staley,00-0025415,2017,SF,3
6577,J.Staley,00-0025415,2018,SF,4
6578,J.Staley,00-0025415,2019,SF,3
6579,J.Stanford,00-0029061,2016,NYJ,2
6580,J.Stanford,00-0029061,2017,NYJ,1
6581,J.Stanton,00-0034311,2021,CLE,1
6582,J.Sternberger,00-0035671,2019,GB,1
6583,J.Stewart,00-0026153,2017,CAR,1
6584,J.Stewart,00-0040580,2025,LA,3
6585,J.Stidham,00-0035264,2022,LV,1
6586,J.Stoll,00-0036741,2021,PHI,1
6587,J.Stoll,00-0036741,2022,PHI,2
6588,J.Stoll,00-0036741,2023,PHI,1
6589,J.Stoll,00-0036741,2024,PHI,1
6590,J.Strnad,00-0036428,2021,DEN,1
6591,J.Strnad,00-0036428,2022,DEN,1
6592,J.Strnad,00-0036428,2023,DEN,1
6593,J.Strnad,00-0036428,2024,DEN,3
6594,J.Strong,00-0031560,2016,HOU,1
6595,J.Strowbridge,00-0036160,2020,MIA,1
6596,J.Sullivan,00-0026327,2017,LA,2
6597,J.Sullivan,00-0026327,2018,LA,7
6598,J.Sundell,00-0039926,2025,SEA,5
6599,J.Sweat,00-0034381,2019,PHI,1
6600,J.Sweat,00-0034381,2020,PHI,2
6601,J.Sweat,00-0034381,2021,PHI,3
6602,J.Sweat,00-0034381,2022,PHI,4
6603,J.Sweat,00-0034381,2023,PHI,6
6604,J.Sweat,00-0034381,2024,PHI,1
6605,J.Sweat,00-0034381,2025,ARI,2
6606,J.Sweezy,00-0029146,2017,TB,6
6607,J.Sweezy,00-0029146,2018,SEA,8
6608,J.Sweezy,00-0029146,2019,ARI,7
6609,J.Sweezy,00-0029146,2020,ARI,3
6610,J.Tamme,00-0026267,2016,ATL,1
6611,J.Tartt,00-0032057,2016,SF,3
6612,J.Tartt,00-0032057,2017,SF,1
6613,J.Tartt,00-0032057,2021,SF,4
6614,J.Tavai,00-0035240,2019,DET,1
6615,J.Tavai,00-0035240,2020,DET,1
6616,J.Tavai,00-0035240,2022,NE,1
6617,J.Tavai,00-0035240,2024,NE,4
6618,J.Tavai,00-0035240,2025,NE,3
6619,J.Taylor,00-0030484,2016,CLE,4
6620,J.Taylor,00-0030484,2017,CLE,3
6621,J.Taylor,00-0030484,2018,ARI,3
6622,J.Taylor,00-0030484,2019,SEA,2
6623,J.Taylor,00-0034283,2019,SF,1
6624,J.Taylor,00-0035237,2019,JAX,15
6625,J.Taylor,00-0035237,2020,JAX,6
6626,J.Taylor,00-0035237,2021,JAX,11
6627,J.Taylor,00-0035237,2022,JAX,6
6628,J.Taylor,00-0035237,2023,KC,20
6629,J.Taylor,00-0035237,2024,KC,16
6630,J.Taylor,00-0035237,2025,KC,10
6631,J.Taylor,00-0036223,2021,IND,1
6632,J.Taylor,00-0036223,2024,IND,2
6633,J.Taylor,00-0036223,2025,IND,1
6634,J.Taylor,00-0037307,2022,LAC,4
6635,J.Taylor,00-0037307,2023,LAC,3
6636,J.Taylor,00-0037307,2024,LAC,4
6637,J.Taylor,00-0037307,2025,LAC,1
6638,J.Theus,00-0032414,2016,SF,2
6639,J.Thomas,00-0025390,2016,CLE,2
6640,J.Thomas,00-0025390,2017,CLE,1
6641,J.Thomas,00-0028067,2016,JAX,1
6642,J.Thomas,00-0028067,2017,MIA,2
6643,J.Thomas,00-0030761,2017,GB,1
6644,J.Thomas,00-0030761,2020,DAL,2
6645,J.Thomas,00-0030761,2022,CHI,1
6646,J.Thomas,00-0034420,2018,HOU,1
6647,J.Thomas,00-0037578,2023,DAL,2
6648,J.Thomas,00-0037578,2024,DAL,1
6649,J.Thompson,00-0035705,2019,ARI,1
6650,J.Thompson,00-0035705,2021,ARI,3
6651,J.Thompson,00-0035705,2022,ARI,2
6652,J.Thompson,00-0035705,2023,ARI,3
6653,J.Thompson,00-0035705,2024,ARI,1
6654,J.Thompson,00-0035705,2025,ARI,1
6655,J.Thornhill,00-0035625,2019,KC,1
6656,J.Thornhill,00-0035625,2020,KC,1
6657,J.Thornhill,00-0035625,2022,KC,5
6658,J.Thornhill,00-0035625,2023,CLE,1
6659,J.Thrash,00-0039379,2024,CLE,1
6660,J.Thuney,00-0032391,2016,NE,9
6661,J.Thuney,00-0032391,2017,NE,3
6662,J.Thuney,00-0032391,2018,NE,5
6663,J.Thuney,00-0032391,2020,NE,3
6664,J.Thuney,00-0032391,2021,KC,7
6665,J.Thuney,00-0032391,2022,KC,2
6666,J.Thuney,00-0032391,2023,KC,2
6667,J.Thuney,00-0032391,2024,KC,1
6668,J.Thuney,00-0032391,2025,CHI,2
6669,J.Tillery,00-0035674,2019,LAC,4
6670,J.Tillery,00-0035674,2020,LAC,8
6671,J.Tillery,00-0035674,2021,LAC,5
6672,J.Tillery,00-0035674,2022,LAC,2
6673,J.Tillery,00-0035674,2022,LV,1
6674,J.Tillery,00-0035674,2023,LV,2
6675,J.Tillery,00-0035674,2025,KC,1
6676,J.Timu,00-0031915,2017,CHI,2
6677,J.Tippmann,00-0039145,2023,NYJ,5
6678,J.Tippmann,00-0039145,2024,NYJ,4
6679,J.Tippmann,00-0039145,2025,NYJ,7
6680,J.Todman,00-0028121,2016,IND,1
6681,J.Todman,00-0028121,2017,HOU,1
6682,J.Toia,00-0040019,2025,DAL,1
6683,J.Tolbert,00-0037666,2022,DAL,1
6684,J.Tolbert,00-0037666,2023,DAL,2
6685,J.Tolbert,00-0037666,2024,DAL,5
6686,J.Tolbert,00-0037666,2025,DAL,2
6687,J.Tonges,00-0037112,2025,SF,1
6688,J.Trattou,00-0028495,2016,MIN,1
6689,J.Travis,00-0040163,2025,IND,2
6690,J.Tretter,00-0030076,2016,GB,2
6691,J.Tretter,00-0030076,2017,CLE,2
6692,J.Tretter,00-0030076,2019,CLE,2
6693,J.Tretter,00-0030076,2020,CLE,4
6694,J.Tretter,00-0030076,2021,CLE,4
6695,J.Trotter,00-0039826,2024,PHI,2
6696,J.Trotter,00-0039826,2025,PHI,3
6697,J.Tryon,00-0036967,2021,TB,2
6698,J.Tryon,00-0036967,2022,TB,3
6699,J.Tryon,00-0036967,2023,TB,6
6700,J.Tryon,00-0036967,2024,TB,3
6701,J.Tucker,00-0029597,2017,BAL,1
6702,J.Tufele,00-0036881,2024,CIN,1
6703,J.Tufele,00-0036881,2025,NYJ,1
6704,J.Tuimoloau,00-0040744,2025,IND,2
6705,J.Tuioti-Mariner,00-0034154,2019,ATL,1
6706,J.Tuioti-Mariner,00-0034154,2020,ATL,2
6707,J.Uche,00-0036159,2020,NE,1
6708,J.Uche,00-0036159,2021,NE,1
6709,J.Uche,00-0036159,2022,NE,4
6710,J.Uche,00-0036159,2024,NE,2
6711,J.Uche,00-0036159,2025,PHI,2
6712,J.Urschel,00-0030996,2016,BAL,1
6713,J.Valoaga,00-0033758,2017,DET,1
6714,J.Vaughters,00-0031838,2019,CHI,1
6715,J.Vaughters,00-0031838,2020,CHI,1
6716,J.Veldheer,00-0027674,2016,ARI,3
6717,J.Veldheer,00-0027674,2017,ARI,4
6718,J.Veldheer,00-0027674,2018,DEN,7
6719,J.Veldheer,00-0027674,2020,IND,1
6720,J.Verrett,00-0031334,2016,LAC,2
6721,J.Verrett,00-0031334,2019,SF,1
6722,J.Verrett,00-0031334,2020,SF,2
6723,J.Verse,00-0039852,2024,LA,3
6724,J.Verse,00-0039852,2025,LA,3
6725,J.Vogel,00-0033364,2017,GB,1
6726,J.Vujnovich,00-0030629,2017,IND,2
6727,J.Vujnovich,00-0030629,2018,ARI,1
6728,J.Waddle,00-0036613,2021,MIA,3
6729,J.Waddle,00-0036613,2022,MIA,1
6730,J.Walker,00-0030652,2018,JAX,1
6731,J.Walker,00-0032809,2017,PHI,1
6732,J.Walker,00-0032809,2019,ARI,1
6733,J.Walker,00-0040277,2025,CHI,1
6734,J.Walker,00-0040577,2025,ATL,2
6735,J.Wallace,00-0039772,2024,LA,2
6736,J.Wallace,00-0039772,2025,LA,4
6737,J.Ward,00-0031298,2016,SF,5
6738,J.Ward,00-0031298,2017,SF,2
6739,J.Ward,00-0031298,2019,SF,1
6740,J.Ward,00-0031298,2020,SF,3
6741,J.Ward,00-0031298,2021,SF,2
6742,J.Ward,00-0031298,2022,SF,2
6743,J.Ward,00-0031298,2023,HOU,3
6744,J.Ward,00-0031298,2024,HOU,1
6745,J.Ward,00-0033046,2016,LV,3
6746,J.Ward,00-0033046,2020,BAL,1
6747,J.Ward,00-0033046,2021,JAX,2
6748,J.Ward,00-0033046,2022,NYG,3
6749,J.Ward,00-0033046,2023,NYG,1
6750,J.Ward,00-0033046,2025,TEN,7
6751,J.Ward,00-0035924,2021,ARI,3
6752,J.Ward,00-0035924,2024,PIT,1
6753,J.Ward,00-0038578,2023,MIN,3
6754,J.Ward,00-0038578,2025,MIN,4
6755,J.Washington,00-0034676,2018,PIT,1
6756,J.Washington,00-0034676,2019,PIT,3
6757,J.Washington,00-0034676,2021,PIT,2
6758,J.Watkins,00-0031173,2016,PHI,2
6759,J.Watkins,00-0031173,2017,PHI,1
6760,J.Watson,00-0034386,2019,TB,1
6761,J.Watson,00-0034956,2020,DEN,1
6762,J.Watson,00-0034956,2021,HOU,1
6763,J.Watson,00-0037195,2024,KC,1
6764,J.Watson,00-0037195,2025,KC,4
6765,J.Watt,00-0027949,2018,HOU,9
6766,J.Watt,00-0027949,2019,HOU,5
6767,J.Watt,00-0027949,2020,HOU,2
6768,J.Watt,00-0027949,2021,ARI,1
6769,J.Watt,00-0027949,2022,ARI,8
6770,J.Webb,00-0027609,2016,SEA,1
6771,J.Webb,00-0027609,2019,MIA,5
6772,J.Webb,00-0027796,2016,CAR,2
6773,J.Webb,00-0027796,2017,BUF,1
6774,J.Webb,00-0027796,2018,HOU,1
6775,J.Weeks,00-0027224,2021,HOU,2
6776,J.Wells,00-0030829,2016,JAX,1
6777,J.Wells,00-0030829,2017,JAX,1
6778,J.Wells,00-0030829,2019,TB,4
6779,J.Wells,00-0030829,2021,TB,1
6780,J.Wells,00-0030829,2022,TB,3
6781,J.Westover,00-0039305,2025,NE,1
6782,J.Wetzel,00-0029762,2016,ARI,2
6783,J.Wetzel,00-0029762,2017,ARI,1
6784,J.Wetzel,00-0029762,2018,ARI,3
6785,J.White,00-0031062,2017,NE,1
6786,J.White,00-0031062,2018,NE,1
6787,J.White,00-0031062,2019,NE,1
6788,J.Whitehead,00-0031512,2017,GB,1
6789,J.Whitehead,00-0031512,2018,GB,2
6790,J.Whitehead,00-0031512,2019,CLE,2
6791,J.Whitehead,00-0034374,2019,TB,1
6792,J.Whitehead,00-0034374,2020,TB,3
6793,J.Whitehead,00-0034374,2021,TB,2
6794,J.Whitehead,00-0034374,2022,NYJ,2
6795,J.Whitehead,00-0034374,2023,NYJ,1
6796,J.Whittaker,00-0036043,2020,ARI,1
6797,J.Whittington,00-0039751,2024,LA,1
6798,J.Whittington,00-0039751,2025,LA,1
6799,J.Whyle,00-0038589,2023,TEN,1
6800,J.Whyle,00-0038589,2024,TEN,1
6801,J.Whyle,00-0038589,2025,GB,2
6802,J.Wilcox,00-0030543,2017,PIT,4
6803,J.Wilcox,00-0030543,2018,IND,1
6804,J.Wilcox,00-0030543,2018,NYJ,1
6805,J.Wilkins,00-0034400,2019,IND,2
6806,J.Wilkins,00-0034400,2021,TEN,1
6807,J.Williams,00-0032975,2019,IND,2
6808,J.Williams,00-0033948,2017,GB,1
6809,J.Williams,00-0033948,2018,GB,2
6810,J.Williams,00-0033948,2019,GB,2
6811,J.Williams,00-0033948,2020,GB,1
6812,J.Williams,00-0033948,2021,DET,1
6813,J.Williams,00-0035241,2019,NE,1
6814,J.Williams,00-0035241,2020,NE,2
6815,J.Williams,00-0035241,2021,NE,2
6816,J.Williams,00-0035241,2023,CHI,1
6817,J.Williams,00-0035629,2020,CIN,2
6818,J.Williams,00-0035629,2021,CIN,5
6819,J.Williams,00-0035629,2022,CIN,6
6820,J.Williams,00-0035629,2023,CIN,3
6821,J.Williams,00-0035629,2025,ARI,4
6822,J.Williams,00-0035925,2021,NYG,1
6823,J.Williams,00-0035944,2022,LA,1
6824,J.Williams,00-0035944,2023,LA,2
6825,J.Williams,00-0035944,2025,NO,2
6826,J.Williams,00-0036997,2021,DEN,1
6827,J.Williams,00-0036997,2022,DEN,1
6828,J.Williams,00-0036997,2023,DEN,1
6829,J.Williams,00-0036997,2024,DEN,1
6830,J.Williams,00-0036997,2025,DAL,1
6831,J.Williams,00-0037240,2024,DET,3
6832,J.Williams,00-0037240,2025,DET,4
6833,J.Williams,00-0038043,2022,KC,4
6834,J.Williams,00-0038043,2023,KC,4
6835,J.Williams,00-0038043,2024,KC,10
6836,J.Williams,00-0038043,2025,KC,3
6837,J.Williams,00-0038812,2023,MIN,1
6838,J.Williams,00-0039430,2024,TEN,3
6839,J.Williams,00-0039430,2025,TEN,4
6840,J.Willis,00-0033912,2017,CIN,1
6841,J.Willis,00-0033912,2018,CIN,1
6842,J.Wills,00-0036267,2020,CLE,11
6843,J.Wills,00-0036267,2021,CLE,4
6844,J.Wills,00-0036267,2022,CLE,8
6845,J.Wills,00-0036267,2023,CLE,6
6846,J.Wills,00-0036267,2024,CLE,3
6847,J.Wilson,00-0032525,2016,JAX,1
6848,J.Wilson,00-0032525,2017,JAX,1
6849,J.Wilson,00-0032525,2020,JAX,2
6850,J.Wilson,00-0032525,2021,NYJ,3
6851,J.Wilson,00-0034115,2018,SF,1
6852,J.Wilson,00-0034115,2021,SF,2
6853,J.Wilson,00-0034115,2022,SF,1
6854,J.Wilson,00-0039236,2024,PHI,4
6855,J.Wilson,00-0040147,2025,NE,3
6856,J.Wiltz,00-0033734,2019,MIA,4
6857,J.Wims,00-0034426,2019,CHI,3
6858,J.Wims,00-0034426,2020,CHI,3
6859,J.Winchester,00-0030615,2017,KC,1
6860,J.Winchester,00-0030615,2020,KC,1
6861,J.Winchester,00-0030615,2022,KC,1
6862,J.Windmon,00-0039457,2024,CAR,2
6863,J.Winfree,00-0035593,2019,DEN,2
6864,J.Winfree,00-0035593,2021,GB,1
6865,J.Winston,00-0031503,2016,TB,8
6866,J.Winston,00-0031503,2017,TB,7
6867,J.Winston,00-0031503,2018,TB,1
6868,J.Winston,00-0031503,2019,TB,6
6869,J.Winston,00-0031503,2020,NO,1
6870,J.Winston,00-0031503,2021,NO,1
6871,J.Winston,00-0031503,2022,NO,1
6872,J.Winston,00-0031503,2024,CLE,1
6873,J.Witten,00-0022127,2016,DAL,5
6874,J.Witten,00-0022127,2017,DAL,4
6875,J.Witten,00-0022127,2020,LV,1
6876,J.Wood,00-0039532,2024,TEN,1
6877,J.Woods,00-0034801,2020,CHI,2
6878,J.Woods,00-0034801,2021,DET,1
6879,J.Woods,00-0034801,2025,ATL,1
6880,J.Worthy,00-0029257,2016,BUF,2
6881,J.Worthy,00-0029257,2017,BUF,2
6882,J.Worthy,00-0029257,2018,TB,1
6883,J.Wright,00-0029572,2017,MIN,1
6884,J.Wright,00-0029572,2018,CAR,1
6885,J.Wright,00-0029572,2019,CAR,1
6886,J.Wright,00-0031291,2016,CIN,1
6887,J.Zimmer,00-0032518,2020,BUF,1
6888,J.Zuniga,00-0036296,2020,NYJ,1
6889,J.Zuttah,00-0026223,2016,BAL,6
6890,JA.Crawford,00-0029627,2018,ATL,1
6891,Ja.Adams,00-0033872,2017,NYJ,3
6892,Ja.Brown,00-0030300,2017,ARI,2
6893,Ja.Davis,00-0035449,2019,MIA,1
6894,Ja.Horn,00-0036944,2025,CAR,7
6895,Ja.Jenkins,00-0029681,2019,NYG,6
6896,Ja.Johnson,00-0036292,2021,CHI,3
6897,Ja.Jones,00-0037106,2022,CHI,4
6898,Ja.Jones,00-0037106,2023,CHI,3
6899,Ja.Jones,00-0038039,2022,NE,1
6900,Ja.Matthews,00-0031279,2024,ATL,6
6901,Ja.Phillips,00-0036934,2025,MIA,2
6902,Ja.Reed,00-0032387,2023,SEA,3
6903,Ja.Tavai,00-0035240,2023,NE,2
6904,Ja.Watson,00-0037195,2022,KC,2
6905,Ja.Watson,00-0037195,2023,KC,3
6906,Ja.Watson,00-0037195,2024,KC,1
6907,Ja.Williams,00-0033948,2022,DET,1
6908,Ja.Williams,00-0033948,2024,NO,1
6909,Ja.Williams,00-0037240,2024,DET,1
6910,Jak.Johnson,00-0035726,2020,NE,2
6911,Jak.Johnson,00-0035726,2021,NE,2
6912,Jak.Johnson,00-0035726,2023,LV,2
6913,Jar.Williams,00-0035925,2022,DET,1
6914,Je.Davis,00-0031893,2018,MIA,2
6915,Je.Davis,00-0031893,2019,MIA,2
6916,Ji.Ward,00-0033046,2024,MIN,3
6917,Jo.Brown,00-0031051,2016,ARI,1
6918,Jo.Evans,00-0033790,2019,CIN,2
6919,Jo.Jackson,00-0036258,2022,DET,3
6920,Jo.Jenkins,00-0032970,2016,NYJ,1
6921,Jo.Jones,00-0032580,2022,NE,7
6922,Jo.Simpson,00-0036369,2024,NYJ,2
6923,Jo.Williams,00-0035241,2023,MIN,1
6924,Jon.Allen,00-0033523,2019,WAS,1
6925,Jon.Allen,00-0033523,2021,WAS,1
6926,Ju.Jones,00-0027944,2017,ATL,1
6927,Ju.Jones,00-0034677,2018,LAC,2
6928,Ju.Jones,00-0034677,2022,CHI,3
6929,Ju.Jones,00-0034677,2023,CHI,2
6930,Ju.Reid,00-0034361,2020,HOU,2
6931,Ju.Reid,00-0034361,2021,HOU,2
6932,Ju.Watson,00-0034386,2022,KC,1
6933,Ju.Watson,00-0034386,2023,KC,1
6934,Jy.Ward,00-0038578,2024,MIN,2
6935,K.Abrams-Draine,00-0039371,2024,DEN,1
6936,K.Abrams-Draine,00-0039371,2025,DEN,2
6937,K.Acker,00-0031186,2016,KC,1
6938,K.Acker,00-0031186,2017,KC,3
6939,K.Aiken,00-0028497,2016,BAL,2
6940,K.Aiken,00-0028497,2017,IND,2
6941,K.Aiken,00-0028497,2018,PHI,2
6942,K.Alexander,00-0032109,2016,TB,2
6943,K.Alexander,00-0032109,2017,TB,2
6944,K.Alexander,00-0032109,2018,TB,1
6945,K.Alexander,00-0032109,2019,SF,1
6946,K.Alexander,00-0032109,2020,NO,2
6947,K.Alexander,00-0032109,2020,SF,1
6948,K.Alexander,00-0032109,2021,NO,2
6949,K.Alexander,00-0032109,2024,DET,1
6950,K.Allen,00-0030279,2017,LAC,5
6951,K.Allen,00-0030279,2018,LAC,5
6952,K.Allen,00-0030279,2019,LAC,3
6953,K.Allen,00-0030279,2020,LAC,1
6954,K.Allen,00-0030279,2021,LAC,4
6955,K.Allen,00-0030279,2023,LAC,1
6956,K.Allen,00-0030279,2024,CHI,4
6957,K.Allen,00-0034577,2019,CAR,1
6958,K.Allen,00-0034577,2020,WAS,1
6959,K.Alonso,00-0030401,2016,MIA,2
6960,K.Alonso,00-0030401,2017,MIA,2
6961,K.Alonso,00-0030401,2018,MIA,4
6962,K.Amegadjie,00-0039822,2024,CHI,3
6963,K.Austin,00-0037231,2024,NO,1
6964,K.Austin,00-0037231,2025,NO,1
6965,K.Awosika,00-0036736,2023,DET,1
6966,K.Awosika,00-0036736,2024,DET,2
6967,K.Ballage,00-0034799,2018,MIA,1
6968,K.Banks,00-0040125,2025,NO,9
6969,K.Barner,00-0030465,2016,PHI,1
6970,K.Barner,00-0030465,2019,ATL,1
6971,K.Barnes,00-0035961,2022,GB,1
6972,K.Barnes,00-0035961,2024,ARI,2
6973,K.Beachum,00-0029316,2016,JAX,10
6974,K.Beachum,00-0029316,2017,NYJ,3
6975,K.Beachum,00-0029316,2018,NYJ,7
6976,K.Beachum,00-0029316,2019,NYJ,7
6977,K.Beachum,00-0029316,2020,ARI,6
6978,K.Beachum,00-0029316,2021,ARI,10
6979,K.Beachum,00-0029316,2022,ARI,6
6980,K.Beachum,00-0029316,2023,ARI,1
6981,K.Beachum,00-0029316,2024,ARI,5
6982,K.Beachum,00-0029316,2025,ARI,7
6983,K.Beckwith,00-0033938,2017,TB,4
6984,K.Benjamin,00-0031359,2016,CAR,6
6985,K.Benjamin,00-0031359,2017,BUF,1
6986,K.Benjamin,00-0031359,2017,CAR,1
6987,K.Benjamin,00-0031359,2018,BUF,3
6988,K.Benton,00-0039110,2023,PIT,1
6989,K.Benton,00-0039110,2024,PIT,1
6990,K.Benton,00-0039110,2025,PIT,1
6991,K.Bibbs,00-0031102,2016,DEN,2
6992,K.Bibbs,00-0031102,2017,WAS,1
6993,K.Bibbs,00-0031102,2018,WAS,1
6994,K.Bierria,00-0034422,2018,DEN,3
6995,K.Bierria,00-0034422,2019,DEN,1
6996,K.Black,00-0040243,2025,NYG,1
6997,K.Blanton,00-0035603,2021,LA,1
6998,K.Blasingame,00-0035099,2019,TEN,1
6999,K.Blasingame,00-0035099,2024,CHI,1
7000,K.Blasingame,00-0035099,2024,PHI,1
7001,K.Bourne,00-0033307,2017,SF,3
7002,K.Bourne,00-0033307,2018,SF,2
7003,K.Bourne,00-0033307,2019,SF,2
7004,K.Bourne,00-0033307,2020,SF,3
7005,K.Bourne,00-0033307,2021,NE,3
7006,K.Bourne,00-0033307,2022,NE,2
7007,K.Bourne,00-0033307,2023,NE,3
7008,K.Bourne,00-0033307,2024,NE,1
7009,K.Bourne,00-0033307,2025,SF,2
7010,K.Boutte,00-0038608,2024,NE,2
7011,K.Boutte,00-0038608,2025,NE,3
7012,K.Boyd,00-0035150,2019,MIN,5
7013,K.Boyd,00-0035150,2020,MIN,4
7014,K.Boyd,00-0035150,2021,MIN,3
7015,K.Boyd,00-0035150,2022,MIN,5
7016,K.Boyd,00-0035150,2023,ARI,2
7017,K.Boyd,00-0035150,2023,HOU,1
7018,K.Boyd,00-0035150,2024,HOU,7
7019,K.Brice,00-0032628,2016,GB,5
7020,K.Brice,00-0032628,2017,GB,2
7021,K.Britt,00-0027006,2016,LA,6
7022,K.Britt,00-0027006,2017,CLE,2
7023,K.Britt,00-0036643,2024,TB,2
7024,K.Britt,00-0036643,2025,MIA,2
7025,K.Brooks,00-0038398,2023,GB,1
7026,K.Brooks,00-0038398,2024,GB,1
7027,K.Brooks,00-0038398,2025,GB,3
7028,K.Brooks,00-0038703,2025,TEN,2
7029,K.Byard,00-0033132,2016,TEN,4
7030,K.Byard,00-0033132,2017,TEN,1
7031,K.Byard,00-0033132,2018,TEN,1
7032,K.Byard,00-0033132,2019,TEN,2
7033,K.Byard,00-0033132,2020,TEN,3
7034,K.Byard,00-0033132,2021,TEN,3
7035,K.Byard,00-0033132,2022,TEN,1
7036,K.Byard,00-0033132,2023,PHI,1
7037,K.Byard,00-0033132,2024,CHI,1
7038,K.Canaday,00-0032486,2017,PIT,2
7039,K.Canaday,00-0032486,2018,PIT,3
7040,K.Canaday,00-0032486,2019,PIT,1
7041,K.Chaisson,00-0036286,2020,JAX,3
7042,K.Chaisson,00-0036286,2021,JAX,3
7043,K.Chaisson,00-0036286,2023,JAX,3
7044,K.Chaisson,00-0036286,2024,LV,4
7045,K.Chaisson,00-0036286,2025,NE,5
7046,K.Chancellor,00-0027733,2016,SEA,5
7047,K.Clark,00-0033120,2016,GB,1
7048,K.Clark,00-0033120,2017,GB,4
7049,K.Clark,00-0033120,2018,GB,1
7050,K.Clark,00-0033120,2019,GB,6
7051,K.Clark,00-0033120,2020,GB,3
7052,K.Clark,00-0033120,2022,GB,3
7053,K.Clark,00-0033120,2023,GB,6
7054,K.Clark,00-0033120,2024,GB,4
7055,K.Clark,00-0038984,2023,ARI,2
7056,K.Clark,00-0038984,2024,ARI,1
7057,K.Clark,00-0038984,2025,ARI,2
7058,K.Clay,00-0032115,2017,BUF,1
7059,K.Clemens,00-0024264,2016,LAC,1
7060,K.Coburn,00-0038985,2024,TEN,1
7061,K.Cole,00-0033681,2017,JAX,2
7062,K.Cole,00-0033681,2018,JAX,2
7063,K.Cole,00-0033681,2019,JAX,3
7064,K.Cole,00-0033681,2021,NYJ,1
7065,K.Cole,00-0033681,2022,LV,1
7066,K.Cole Sr.,00-0033681,2020,JAX,2
7067,K.Coleman,00-0027835,2017,CAR,1
7068,K.Coleman,00-0027835,2019,BUF,1
7069,K.Coleman,00-0039901,2024,BUF,3
7070,K.Coleman,00-0039901,2025,BUF,1
7071,K.Correa,00-0032386,2016,BAL,1
7072,K.Correa,00-0032386,2017,BAL,1
7073,K.Correa,00-0032386,2018,TEN,2
7074,K.Correa,00-0032386,2019,TEN,2
7075,K.Cousins,00-0029604,2016,WAS,3
7076,K.Cousins,00-0029604,2017,WAS,6
7077,K.Cousins,00-0029604,2019,MIN,1
7078,K.Cousins,00-0029604,2020,MIN,1
7079,K.Cousins,00-0029604,2021,MIN,3
7080,K.Cousins,00-0029604,2022,MIN,1
7081,K.Cousins,00-0029604,2023,MIN,2
7082,K.Cousins,00-0029604,2024,ATL,1
7083,K.Cousins,00-0029604,2025,ATL,2
7084,K.Coutee,00-0034366,2018,HOU,1
7085,K.Crawford,00-0040230,2025,ARI,2
7086,K.Crawley,00-0032875,2016,NO,2
7087,K.Crawley,00-0032875,2017,NO,9
7088,K.Crawley,00-0032875,2018,NO,6
7089,K.Crawley,00-0032875,2019,MIA,1
7090,K.Crawley,00-0032875,2020,NO,1
7091,K.Crossen,00-0034435,2018,NE,1
7092,K.Crossen,00-0034435,2019,HOU,2
7093,K.Crossen,00-0034435,2020,HOU,1
7094,K.Crossen,00-0034435,2021,NYG,6
7095,K.Crossen,00-0034435,2022,MIA,5
7096,K.Cunningham,00-0034687,2018,ARI,4
7097,K.Cunningham,00-0034687,2019,NE,1
7098,K.Curl,00-0036349,2020,WAS,1
7099,K.Curl,00-0036349,2021,WAS,2
7100,K.Curl,00-0036349,2022,WAS,1
7101,K.Curl,00-0036349,2024,LA,2
7102,K.Curl,00-0036349,2025,LA,1
7103,K.Dansby,00-0022927,2016,CIN,1
7104,K.Dansby,00-0022927,2017,ARI,2
7105,K.Davis,00-0026298,2016,NYJ,2
7106,K.Davis,00-0036430,2023,HOU,2
7107,K.Dixon,00-0032411,2016,BAL,1
7108,K.Dixon,00-0032411,2018,BAL,2
7109,K.Dodd,00-0033074,2016,TEN,2
7110,K.Dotson,00-0036339,2020,PIT,3
7111,K.Dotson,00-0036339,2021,PIT,5
7112,K.Dotson,00-0036339,2022,PIT,11
7113,K.Dotson,00-0036339,2023,LA,2
7114,K.Dotson,00-0036339,2024,LA,3
7115,K.Dotson,00-0036339,2025,LA,3
7116,K.Drake,00-0033118,2016,MIA,3
7117,K.Drake,00-0033118,2017,MIA,2
7118,K.Drake,00-0033118,2020,ARI,2
7119,K.Drummond,00-0031919,2017,HOU,1
7120,K.Dugger,00-0036231,2020,NE,2
7121,K.Dugger,00-0036231,2021,NE,1
7122,K.Dugger,00-0036231,2022,NE,1
7123,K.Dugger,00-0036231,2023,NE,2
7124,K.Dugger,00-0036231,2024,NE,3
7125,K.Dugger,00-0036231,2025,PIT,1
7126,K.Dunlap,00-0026370,2016,LAC,4
7127,K.Durden,00-0032931,2018,TEN,1
7128,K.Ealy,00-0031336,2016,CAR,1
7129,K.Eguakun,00-0039442,2025,DET,2
7130,K.Elam,00-0037242,2022,BUF,3
7131,K.Elam,00-0037242,2023,BUF,2
7132,K.Elam,00-0037242,2024,BUF,5
7133,K.Elam,00-0037242,2025,DAL,2
7134,K.Elliss,00-0035316,2021,NO,1
7135,K.Elliss,00-0035316,2023,ATL,2
7136,K.Emanuel,00-0032110,2016,LAC,1
7137,K.Emanuel,00-0032110,2018,LAC,3
7138,K.Enagbare,00-0037083,2022,GB,3
7139,K.Enagbare,00-0037083,2023,GB,6
7140,K.Enagbare,00-0037083,2024,GB,6
7141,K.Enagbare,00-0037083,2025,GB,4
7142,K.Fackrell,00-0032955,2016,GB,3
7143,K.Fackrell,00-0032955,2017,GB,1
7144,K.Fackrell,00-0032955,2018,GB,1
7145,K.Fackrell,00-0032955,2019,GB,1
7146,K.Fackrell,00-0032955,2020,NYG,3
7147,K.Fackrell,00-0032955,2021,LAC,1
7148,K.Fairbairn,00-0032726,2024,HOU,2
7149,K.Fairbairn,00-0032726,2025,HOU,1
7150,K.Fitts,00-0034404,2018,CHI,1
7151,K.Frazier,00-0033048,2016,DAL,1
7152,K.Frazier,00-0033048,2020,MIA,1
7153,K.Fuller,00-0031041,2017,CHI,3
7154,K.Fuller,00-0031041,2018,CHI,3
7155,K.Fuller,00-0031041,2019,CHI,8
7156,K.Fuller,00-0031041,2020,CHI,7
7157,K.Fuller,00-0031041,2021,DEN,5
7158,K.Fuller,00-0031041,2022,BAL,1
7159,K.Fuller,00-0033084,2017,WAS,3
7160,K.Fuller,00-0033084,2018,KC,4
7161,K.Fuller,00-0033084,2019,KC,2
7162,K.Fuller,00-0033084,2020,WAS,4
7163,K.Fuller,00-0033084,2021,WAS,1
7164,K.Fuller,00-0033084,2022,WAS,3
7165,K.Fuller,00-0033084,2023,WAS,1
7166,K.Fuller,00-0033592,2017,HOU,1
7167,K.Fuller,00-0033592,2018,WAS,1
7168,K.Fuller,00-0033592,2021,SEA,1
7169,K.Fulton,00-0036416,2020,TEN,1
7170,K.Fulton,00-0036416,2021,TEN,4
7171,K.Fulton,00-0036416,2022,TEN,2
7172,K.Fulton,00-0036416,2023,TEN,6
7173,K.Fulton,00-0036416,2024,LAC,5
7174,K.Fulton,00-0036416,2025,KC,1
7175,K.Gainwell,00-0036919,2025,PIT,1
7176,K.Givens,00-0035026,2022,SF,2
7177,K.Givens,00-0035026,2023,SF,1
7178,K.Givens,00-0035026,2024,SF,1
7179,K.Golladay,00-0033932,2017,DET,3
7180,K.Golladay,00-0033932,2018,DET,3
7181,K.Golladay,00-0033932,2019,DET,3
7182,K.Golladay,00-0033932,2021,NYG,1
7183,K.Gordon,00-0038111,2022,CHI,7
7184,K.Gordon,00-0038111,2023,CHI,3
7185,K.Gordon,00-0038111,2024,CHI,1
7186,K.Gordon,00-0038111,2025,CHI,1
7187,K.Granson,00-0036876,2023,IND,2
7188,K.Granson,00-0036876,2024,IND,1
7189,K.Green,00-0036983,2021,PIT,6
7190,K.Green,00-0036983,2023,HOU,1
7191,K.Green,00-0037613,2022,HOU,7
7192,K.Grugier-Hill,00-0032437,2016,PHI,1
7193,K.Grugier-Hill,00-0032437,2017,PHI,4
7194,K.Grugier-Hill,00-0032437,2019,PHI,1
7195,K.Grugier-Hill,00-0032437,2020,MIA,2
7196,K.Grugier-Hill,00-0032437,2021,HOU,2
7197,K.Grugier-Hill,00-0032437,2023,CAR,1
7198,K.Hadden,00-0039831,2024,GB,1
7199,K.Hadden,00-0039831,2025,GB,1
7200,K.Hailassie,00-0038523,2023,CLE,1
7201,K.Hall,00-0035542,2021,LAC,2
7202,K.Hamilton,00-0038038,2022,BAL,2
7203,K.Hamilton,00-0038038,2023,BAL,5
7204,K.Hamilton,00-0038038,2024,BAL,2
7205,K.Hamilton,00-0038038,2025,BAL,4
7206,K.Harmon,00-0035297,2019,WAS,3
7207,K.Henry,00-0038581,2023,WAS,1
7208,K.Hergel,00-0039624,2024,NO,1
7209,K.Hill,00-0036669,2021,GB,1
7210,K.Hill Jr.,00-0036382,2020,LAC,1
7211,K.Hinish,00-0037459,2022,HOU,4
7212,K.Hinish,00-0037459,2023,HOU,5
7213,K.Hinton,00-0035864,2021,DEN,1
7214,K.Hinton,00-0036354,2024,ATL,1
7215,K.Hodge,00-0034854,2019,CLE,1
7216,K.Hodge,00-0034854,2020,CLE,1
7217,K.Hodge,00-0034854,2021,DET,1
7218,K.Hodge,00-0034854,2022,ATL,1
7219,K.Hodge,00-0034854,2024,ATL,2
7220,K.Hodge,00-0034854,2025,ATL,1
7221,K.Hogan,00-0032784,2016,CLE,2
7222,K.Hogan,00-0032784,2017,CLE,2
7223,K.Hollman,00-0034990,2020,GB,1
7224,K.Hollman,00-0034990,2023,HOU,2
7225,K.Hollman,00-0034990,2024,BAL,1
7226,K.Hollman,00-0034990,2024,HOU,1
7227,K.Huber,00-0027103,2016,CIN,1
7228,K.Hudson,00-0036343,2020,WAS,4
7229,K.Hudson,00-0036343,2021,WAS,2
7230,K.Hudson,00-0036343,2022,WAS,3
7231,K.Hunt,00-0033923,2017,KC,1
7232,K.Hunt,00-0033923,2018,KC,3
7233,K.Hunt,00-0033923,2022,CLE,1
7234,K.Hunt,00-0033923,2025,KC,2
7235,K.Hyder,00-0030946,2020,SF,1
7236,K.Ingram,00-0037299,2022,ARI,1
7237,K.Ishmael,00-0030427,2016,ATL,1
7238,K.Ishmael,00-0030427,2017,ATL,3
7239,K.Ismael,00-0036342,2021,WAS,1
7240,K.Jackson,00-0027872,2016,HOU,6
7241,K.Jackson,00-0027872,2017,HOU,5
7242,K.Jackson,00-0027872,2018,HOU,6
7243,K.Jackson,00-0027872,2019,DEN,1
7244,K.Jackson,00-0027872,2020,DEN,1
7245,K.Jackson,00-0027872,2022,DEN,1
7246,K.Jackson,00-0027872,2023,DEN,4
7247,K.Jackson,00-0040104,2025,BAL,3
7248,K.Jenkins,00-0039908,2025,CIN,1
7249,K.Johnson,00-0031548,2017,HOU,8
7250,K.Johnson,00-0031548,2018,HOU,1
7251,K.Johnson,00-0031548,2019,BUF,3
7252,K.Johnson,00-0031548,2020,CLE,3
7253,K.Johnson,00-0035287,2019,ARI,1
7254,K.Johnson,00-0037084,2022,PHI,1
7255,K.Johnson,00-0040142,2025,PIT,1
7256,K.Jonathan,00-0037431,2022,BUF,1
7257,K.Joseph,00-0032888,2016,LV,3
7258,K.Joseph,00-0032888,2017,LV,1
7259,K.Joseph,00-0032888,2018,LV,1
7260,K.Joseph,00-0032888,2019,LV,2
7261,K.Joseph,00-0032888,2020,CLE,1
7262,K.Joseph,00-0032888,2021,PIT,1
7263,K.Joseph,00-0036935,2021,DAL,2
7264,K.Joseph,00-0036935,2022,DAL,8
7265,K.Joseph,00-0036935,2024,IND,1
7266,K.Joseph,00-0037667,2022,DET,4
7267,K.Joseph,00-0037667,2023,DET,2
7268,K.Joseph,00-0037667,2024,DET,1
7269,K.Joseph,00-0037667,2025,DET,1
7270,K.Juszczyk,00-0029892,2017,SF,3
7271,K.Juszczyk,00-0029892,2018,SF,4
7272,K.Juszczyk,00-0029892,2019,SF,5
7273,K.Juszczyk,00-0029892,2021,SF,1
7274,K.Juszczyk,00-0029892,2022,SF,1
7275,K.Juszczyk,00-0029892,2023,SF,1
7276,K.Juszczyk,00-0029892,2024,SF,2
7277,K.Kalis,00-0033277,2017,IND,5
7278,K.Kareem,00-0036341,2020,CIN,2
7279,K.Kareem,00-0036341,2021,CIN,2
7280,K.Keke,00-0034984,2020,GB,1
7281,K.Keke,00-0034984,2021,GB,2
7282,K.Kelly,00-0038381,2024,LV,1
7283,K.Kelly,00-0038381,2025,LV,3
7284,K.Kieft,00-0037311,2022,TB,5
7285,K.Kieft,00-0037311,2023,TB,1
7286,K.Kieft,00-0037311,2024,TB,1
7287,K.Kinchens,00-0039834,2024,LA,2
7288,K.Kinchens,00-0039834,2025,LA,1
7289,K.King,00-0033524,2017,GB,1
7290,K.King,00-0033524,2018,GB,2
7291,K.King,00-0033524,2019,GB,2
7292,K.King,00-0033524,2020,GB,6
7293,K.King,00-0033524,2024,ATL,2
7294,K.King,00-0040214,2025,MIN,2
7295,K.Kirkwood,00-0034317,2018,NO,1
7296,K.Kirkwood,00-0034317,2023,NO,1
7297,K.Klug,00-0028080,2016,TEN,2
7298,K.Klug,00-0028080,2017,TEN,1
7299,K.Knowles,00-0040089,2025,KC,3
7300,K.Kohou,00-0037353,2022,MIA,7
7301,K.Kohou,00-0037353,2023,MIA,2
7302,K.Kohou,00-0037353,2024,MIA,4
7303,K.Lambert-Smith,00-0040184,2025,LAC,3
7304,K.Lamm,00-0031921,2018,HOU,4
7305,K.Lamm,00-0031921,2020,CLE,2
7306,K.Lamm,00-0031921,2021,TEN,2
7307,K.Lamm,00-0031921,2024,MIA,1
7308,K.Lassiter,00-0039343,2024,HOU,2
7309,K.Lassiter,00-0039343,2025,HOU,5
7310,K.Lee,00-0031922,2018,BUF,2
7311,K.Leveston,00-0039755,2025,CLE,10
7312,K.Lichtensteiger,00-0026248,2016,WAS,3
7313,K.Long,00-0030441,2016,CHI,2
7314,K.Long,00-0030441,2017,CHI,3
7315,K.Long,00-0030441,2018,CHI,2
7316,K.Long,00-0030441,2019,CHI,1
7317,K.Love,00-0027236,2016,CAR,1
7318,K.Love,00-0027236,2018,CAR,1
7319,K.Mack,00-0031040,2016,LV,2
7320,K.Mack,00-0031040,2017,LV,7
7321,K.Mack,00-0031040,2018,CHI,1
7322,K.Mack,00-0031040,2019,CHI,3
7323,K.Mack,00-0031040,2020,CHI,1
7324,K.Mack,00-0031040,2021,CHI,2
7325,K.Mack,00-0031040,2022,LAC,1
7326,K.Mack,00-0031040,2024,LAC,1
7327,K.Martin,00-0031050,2017,ARI,3
7328,K.Martin,00-0031050,2018,NYG,1
7329,K.Martin,00-0036270,2021,CAR,2
7330,K.Martin,00-0040636,2025,BAL,4
7331,K.Mauga,00-0037383,2024,LV,1
7332,K.McCray,00-0029107,2016,SEA,2
7333,K.McDermott,00-0029879,2018,MIN,1
7334,K.McDermott,00-0034522,2021,JAX,2
7335,K.McDermott,00-0034522,2022,HOU,1
7336,K.McGary,00-0035235,2019,ATL,6
7337,K.McGary,00-0035235,2020,ATL,2
7338,K.McGary,00-0035235,2021,ATL,3
7339,K.McGary,00-0035235,2022,ATL,4
7340,K.McGary,00-0035235,2023,ATL,2
7341,K.McGary,00-0035235,2024,ATL,3
7342,K.McKinstry,00-0039860,2025,NO,4
7343,K.Merriweather,00-0038823,2023,TB,1
7344,K.Merriweather,00-0038823,2025,TB,1
7345,K.Miller,00-0034759,2018,LV,8
7346,K.Miller,00-0034759,2019,LV,3
7347,K.Miller,00-0034759,2020,LV,4
7348,K.Miller,00-0034759,2021,LV,5
7349,K.Miller,00-0034759,2022,LV,5
7350,K.Miller,00-0034759,2023,LV,2
7351,K.Miller,00-0034759,2024,LV,5
7352,K.Minter,00-0030382,2016,ARI,2
7353,K.Minter,00-0030382,2017,CIN,1
7354,K.Minter,00-0030382,2018,TB,1
7355,K.Minter,00-0030382,2019,TB,2
7356,K.Minter,00-0030382,2020,TB,2
7357,K.Minter,00-0030382,2021,TB,2
7358,K.Moore,00-0033393,2017,IND,2
7359,K.Moore,00-0033393,2020,IND,4
7360,K.Moore,00-0033393,2021,IND,1
7361,K.Moore,00-0033393,2022,IND,2
7362,K.Moore,00-0033393,2023,IND,4
7363,K.Moore,00-0033393,2024,IND,1
7364,K.Moore,00-0033393,2025,IND,4
7365,K.Moore II,00-0033393,2018,IND,3
7366,K.Mullings,00-0040205,2025,TEN,2
7367,K.Mumphery,00-0031600,2016,HOU,1
7368,K.Murphy,00-0032433,2017,GB,1
7369,K.Murray,00-0035228,2019,ARI,1
7370,K.Murray,00-0035228,2020,ARI,4
7371,K.Murray,00-0035228,2021,ARI,1
7372,K.Murray,00-0035228,2022,ARI,1
7373,K.Murray,00-0035228,2023,ARI,1
7374,K.Murray,00-0035228,2024,ARI,1
7375,K.Murray,00-0035228,2025,ARI,2
7376,K.Murray,00-0036441,2021,LAC,4
7377,K.Murray,00-0036441,2022,LAC,1
7378,K.Murray,00-0036441,2023,LAC,1
7379,K.Murray,00-0036441,2024,TEN,4
7380,K.Murray,00-0036441,2025,DAL,2
7381,K.Murray Jr.,00-0036441,2020,LAC,1
7382,K.Nacua,00-0033649,2017,CLE,1
7383,K.Neal,00-0032382,2016,ATL,2
7384,K.Neal,00-0032382,2017,ATL,2
7385,K.Neal,00-0032382,2019,ATL,3
7386,K.Neal,00-0032382,2020,ATL,2
7387,K.Neal,00-0032382,2022,TB,4
7388,K.Neal,00-0032382,2023,PIT,1
7389,K.Nelson,00-0028374,2016,SF,1
7390,K.Nixon,00-0035133,2019,LV,3
7391,K.Nixon,00-0035133,2020,LV,1
7392,K.Nixon,00-0035133,2022,GB,2
7393,K.Nixon,00-0035133,2023,GB,4
7394,K.Nixon,00-0035133,2024,GB,10
7395,K.Nixon,00-0035133,2025,GB,11
7396,K.Nwangwu,00-0036842,2024,NYJ,1
7397,K.Oladapo,00-0039818,2025,GB,2
7398,K.Osborn,00-0036345,2021,MIN,3
7399,K.Osborn,00-0036345,2022,MIN,2
7400,K.Osborn,00-0036345,2023,MIN,2
7401,K.Osborn,00-0036345,2024,NE,1
7402,K.Osborn,00-0036345,2024,WAS,1
7403,K.Osemele,00-0029259,2016,LV,7
7404,K.Osemele,00-0029259,2017,LV,4
7405,K.Osemele,00-0029259,2018,LV,4
7406,K.Osemele,00-0029259,2019,NYJ,1
7407,K.Osemele,00-0029259,2020,KC,5
7408,K.Pamphile,00-0031182,2016,TB,3
7409,K.Pamphile,00-0031182,2017,TB,2
7410,K.Pamphile,00-0031182,2018,TEN,2
7411,K.Paye,00-0036479,2022,IND,1
7412,K.Peko,00-0032463,2019,BUF,1
7413,K.Peko,00-0032463,2021,TEN,1
7414,K.Peko,00-0032463,2023,TEN,1
7415,K.Peterson,00-0032848,2017,LA,1
7416,K.Peterson,00-0032848,2020,ARI,2
7417,K.Phillips,00-0035507,2019,NYJ,2
7418,K.Phillips,00-0035507,2020,NYJ,1
7419,K.Pickett,00-0038102,2022,PIT,1
7420,K.Pickett,00-0038102,2023,PIT,1
7421,K.Pierre-Louis,00-0031308,2016,SEA,3
7422,K.Pierre-Louis,00-0031308,2017,KC,3
7423,K.Pierre-Louis,00-0031308,2019,CHI,2
7424,K.Pierre-Louis,00-0031308,2020,WAS,1
7425,K.Pierre-Louis,00-0031308,2021,HOU,1
7426,K.Pierre-Louis,00-0031308,2022,HOU,1
7427,K.Pitts,00-0036970,2021,ATL,2
7428,K.Pitts,00-0036970,2022,ATL,1
7429,K.Pitts,00-0036970,2023,ATL,2
7430,K.Pitts,00-0036970,2024,ATL,4
7431,K.Pitts,00-0036970,2025,ATL,7
7432,K.Rader,00-0034193,2023,TEN,1
7433,K.Raymond,00-0032464,2023,DET,2
7434,K.Raymond,00-0032464,2025,DET,1
7435,K.Reaser,00-0031020,2016,SF,1
7436,K.Reaser,00-0031020,2017,KC,1
7437,K.Ringo,00-0039140,2023,PHI,4
7438,K.Ringo,00-0039140,2024,PHI,3
7439,K.Ringo,00-0039140,2025,PHI,9
7440,K.Robinson,00-0029545,2016,NYG,1
7441,K.Robinson,00-0029545,2017,NYG,1
7442,K.Rudolph,00-0027981,2016,MIN,2
7443,K.Rudolph,00-0027981,2017,MIN,3
7444,K.Rudolph,00-0027981,2018,MIN,4
7445,K.Rudolph,00-0027981,2019,MIN,2
7446,K.Rudolph,00-0027981,2020,MIN,1
7447,K.Rudolph,00-0027981,2021,NYG,1
7448,K.Russell,00-0033091,2017,CIN,1
7449,K.Russell,00-0033091,2018,CIN,1
7450,K.Saunders,00-0035656,2024,NO,1
7451,K.Saunders,00-0035656,2025,NYJ,1
7452,K.Seymour,00-0032942,2016,BUF,1
7453,K.Seymour,00-0032942,2017,CAR,3
7454,K.Seymour,00-0032942,2020,PHI,1
7455,K.Seymour,00-0032942,2021,BAL,2
7456,K.Shakir,00-0037261,2023,BUF,1
7457,K.Shakir,00-0037261,2024,BUF,1
7458,K.Shakir,00-0037261,2025,BUF,2
7459,K.Sheffield,00-0035255,2019,ATL,3
7460,K.Sheffield,00-0035255,2020,ATL,3
7461,K.Short,00-0030448,2016,CAR,2
7462,K.Short,00-0030448,2017,CAR,1
7463,K.Short,00-0030448,2018,CAR,2
7464,K.Short,00-0030448,2020,CAR,1
7465,K.Smith,00-0030968,2016,DAL,1
7466,K.Smith,00-0030968,2017,DAL,2
7467,K.Smith,00-0030968,2018,LV,2
7468,K.Smith,00-0030968,2020,ATL,3
7469,K.Smith,00-0034988,2019,NYG,2
7470,K.Smith,00-0034988,2020,NYG,3
7471,K.Smith,00-0036839,2025,MIA,1
7472,K.Smith,00-0038696,2024,DEN,3
7473,K.Smith,00-0038696,2025,NYJ,1
7474,K.Snyder,00-0031661,2017,DEN,1
7475,K.Stills,00-0030085,2016,MIA,3
7476,K.Stills,00-0030085,2017,MIA,7
7477,K.Stills,00-0030085,2018,MIA,5
7478,K.Street,00-0034320,2020,SF,2
7479,K.Street,00-0034320,2021,SF,2
7480,K.Street,00-0034320,2022,NO,1
7481,K.Street,00-0034320,2023,PHI,1
7482,K.Street,00-0034320,2024,ATL,2
7483,K.Strong,00-0035334,2019,DET,1
7484,K.Strong,00-0035334,2022,TEN,1
7485,K.Strong,00-0035334,2023,ARI,1
7486,K.Suamataia,00-0039844,2024,KC,3
7487,K.Suamataia,00-0039844,2025,KC,5
7488,K.Tandy,00-0029422,2017,TB,1
7489,K.Taylor,00-0036561,2021,CAR,3
7490,K.Taylor,00-0036561,2022,CAR,2
7491,K.Telfort,00-0038471,2024,GB,1
7492,K.Thibodeaux,00-0037611,2022,NYG,3
7493,K.Thibodeaux,00-0037611,2023,NYG,2
7494,K.Thibodeaux,00-0037611,2024,NYG,5
7495,K.Thibodeaux,00-0037611,2025,NYG,2
7496,K.Thomas,00-0036688,2021,LAC,1
7497,K.Thomas,00-0037057,2022,LA,1
7498,K.Thomas,00-0037057,2023,LA,1
7499,K.Thomas,00-0037057,2024,LA,1
7500,K.Thornton,00-0031172,2016,DET,2
7501,K.Toliver,00-0034603,2019,CHI,1
7502,K.Toliver II,00-0034603,2018,CHI,3
7503,K.Toney,00-0036913,2022,KC,1
7504,K.Toney,00-0036913,2023,KC,1
7505,K.Toney,00-0036913,2024,CLE,1
7506,K.Tonga,00-0036909,2021,CHI,2
7507,K.Toomer,00-0029289,2016,LAC,4
7508,K.Toomer,00-0029289,2017,LAC,2
7509,K.Toomer,00-0029289,2018,GB,1
7510,K.Turay,00-0034354,2018,IND,5
7511,K.Turay,00-0034354,2019,IND,1
7512,K.Turay,00-0034354,2020,IND,2
7513,K.Turay,00-0034354,2021,IND,2
7514,K.Turner,00-0039138,2023,LA,2
7515,K.Turner,00-0039138,2024,LA,2
7516,K.Turner,00-0039138,2025,LA,3
7517,K.Turpin,00-0037801,2023,DAL,1
7518,K.Turpin,00-0037801,2024,DAL,2
7519,K.Turpin,00-0037801,2025,DAL,1
7520,K.Vaccaro,00-0030060,2016,NO,3
7521,K.Vaccaro,00-0030060,2017,NO,8
7522,K.Vaccaro,00-0030060,2018,TEN,1
7523,K.Vaccaro,00-0030060,2019,TEN,2
7524,K.Vaccaro,00-0030060,2020,TEN,2
7525,K.Van Noy,00-0031360,2017,NE,2
7526,K.Van Noy,00-0031360,2018,NE,1
7527,K.Van Noy,00-0031360,2019,NE,1
7528,K.Van Noy,00-0031360,2020,MIA,2
7529,K.Van Noy,00-0031360,2021,NE,3
7530,K.Van Noy,00-0031360,2022,LAC,2
7531,K.Van Noy,00-0031360,2023,BAL,2
7532,K.Van Noy,00-0031360,2024,BAL,3
7533,K.Van Noy,00-0031360,2025,BAL,2
7534,K.Vidal,00-0039391,2025,LAC,1
7535,K.Vildor,00-0036307,2020,CHI,3
7536,K.Vildor,00-0036307,2021,CHI,4
7537,K.Vildor,00-0036307,2022,CHI,4
7538,K.Vildor,00-0036307,2023,DET,3
7539,K.Vildor,00-0036307,2024,DET,3
7540,K.Vincent,00-0036662,2021,PHI,1
7541,K.Walker,00-0038134,2022,SEA,1
7542,K.Walker,00-0038134,2023,SEA,2
7543,K.Walker,00-0038134,2025,SEA,1
7544,K.Wallace,00-0036395,2021,PHI,2
7545,K.Wallace,00-0036395,2023,TEN,1
7546,K.Wallace,00-0036395,2025,HOU,2
7547,K.Webster,00-0030523,2016,DEN,4
7548,K.Webster,00-0030523,2017,LA,5
7549,K.Webster,00-0035318,2019,MIA,2
7550,K.Webster,00-0035318,2020,SF,1
7551,K.Welch,00-0036157,2021,BAL,1
7552,K.Welch,00-0036157,2024,BAL,1
7553,K.White,00-0031545,2016,CHI,1
7554,K.White,00-0031545,2018,CHI,1
7555,K.White,00-0034375,2018,LAC,1
7556,K.White,00-0034375,2020,LAC,2
7557,K.White,00-0034375,2021,LAC,3
7558,K.White,00-0034375,2022,PHI,3
7559,K.White,00-0034375,2023,ARI,3
7560,K.White,00-0034375,2025,TEN,1
7561,K.White,00-0039148,2023,NE,1
7562,K.White,00-0039148,2024,NE,4
7563,K.Wiggins,00-0028240,2016,LAC,2
7564,K.Wiggins,00-0028240,2017,LAC,2
7565,K.Wiggins,00-0028240,2018,DET,3
7566,K.Wiggins,00-0028240,2019,DET,2
7567,K.Wilber,00-0029647,2016,DAL,1
7568,K.Wilber,00-0029647,2017,DAL,3
7569,K.Wilber,00-0029647,2018,LV,2
7570,K.Wilber,00-0029647,2019,LV,1
7571,K.Wilber,00-0029647,2020,LV,1
7572,K.Williams,00-0024348,2016,BUF,2
7573,K.Williams,00-0024348,2017,BUF,3
7574,K.Williams,00-0024348,2018,BUF,2
7575,K.Williams,00-0030117,2016,ARI,1
7576,K.Williams,00-0031253,2017,SF,1
7577,K.Williams,00-0031253,2018,SF,5
7578,K.Williams,00-0031253,2019,SF,2
7579,K.Williams,00-0031253,2020,SF,2
7580,K.Williams,00-0031253,2021,SF,3
7581,K.Williams,00-0031253,2022,DEN,3
7582,K.Williams,00-0037840,2023,LA,2
7583,K.Williams,00-0037840,2024,LA,1
7584,K.Willis,00-0035530,2019,IND,1
7585,K.Willis,00-0035530,2020,IND,2
7586,K.Willis,00-0035530,2021,IND,2
7587,K.Wilson,00-0034776,2018,LAC,1
7588,K.Wright,00-0028037,2016,SEA,2
7589,K.Wright,00-0028037,2017,SEA,3
7590,K.Wright,00-0028037,2018,SEA,1
7591,K.Wright,00-0028037,2019,SEA,1
7592,K.Wright,00-0028037,2020,SEA,2
7593,K.Wright,00-0028037,2021,LV,1
7594,K.Wright,00-0029708,2017,CHI,1
7595,K.Wynn,00-0030776,2016,NYG,1
7596,K.Yeboah,00-0036510,2021,NYJ,1
7597,K.Yeboah,00-0036510,2024,NYJ,2
7598,K.Young,00-0034266,2018,BAL,1
7599,K.Young,00-0034266,2021,LA,1
7600,K.Zeitler,00-0029592,2016,CIN,5
7601,K.Zeitler,00-0029592,2017,CLE,3
7602,K.Zeitler,00-0029592,2018,CLE,6
7603,K.Zeitler,00-0029592,2019,NYG,1
7604,K.Zeitler,00-0029592,2020,NYG,4
7605,K.Zeitler,00-0029592,2021,BAL,7
7606,K.Zeitler,00-0029592,2022,BAL,2
7607,K.Zeitler,00-0029592,2023,BAL,3
7608,K.Zeitler,00-0029592,2024,DET,2
7609,K.Zeitler,00-0029592,2025,TEN,4
7610,Ka.Davis,00-0037832,2024,SF,1
7611,Ki.Smith,00-0036839,2023,MIA,1
7612,Ky.Green,00-0037613,2024,HOU,5
7613,L.Alexander,00-0023259,2016,BUF,4
7614,L.Alexander,00-0023259,2017,BUF,4
7615,L.Alexander,00-0023259,2019,BUF,4
7616,L.Barcoo,00-0036101,2020,JAX,1
7617,L.Bell,00-0030496,2016,PIT,5
7618,L.Bell,00-0030496,2017,PIT,2
7619,L.Bell,00-0030496,2020,KC,1
7620,L.Bell,00-0030496,2020,NYJ,1
7621,L.Bellamy,00-0035912,2020,DEN,2
7622,L.Blount,00-0027325,2016,NE,2
7623,L.Blount,00-0027325,2017,PHI,3
7624,L.Blount,00-0027325,2018,DET,1
7625,L.Borom,00-0036905,2021,CHI,3
7626,L.Borom,00-0036905,2022,CHI,4
7627,L.Borom,00-0036905,2023,CHI,4
7628,L.Borom,00-0036905,2024,CHI,2
7629,L.Borom,00-0036905,2025,MIA,5
7630,L.Bowanko,00-0031191,2017,BAL,1
7631,L.Bowanko,00-0031191,2018,WAS,2
7632,L.Cager,00-0036145,2022,NYG,1
7633,L.Cager,00-0036145,2022,NYJ,1
7634,L.Cager,00-0036145,2023,NYG,1
7635,L.Carroo,00-0033060,2017,MIA,2
7636,L.Carter,00-0034360,2018,NYG,1
7637,L.Carter,00-0034360,2019,NYG,2
7638,L.Carter,00-0034360,2020,NYG,1
7639,L.Carter,00-0034360,2021,NYG,2
7640,L.Carter,00-0034360,2022,ATL,1
7641,L.Carter,00-0034360,2024,ATL,2
7642,L.Chenal,00-0037819,2024,KC,1
7643,L.Clark,00-0033065,2016,IND,1
7644,L.Clark,00-0033065,2017,IND,1
7645,L.Clark,00-0033065,2018,IND,4
7646,L.Clark,00-0033065,2020,IND,1
7647,L.Collier,00-0035636,2020,SEA,3
7648,L.Collier,00-0035636,2022,SEA,1
7649,L.Collier,00-0035636,2024,ARI,1
7650,L.Collins,00-0031534,2016,DAL,2
7651,L.Collins,00-0031534,2017,DAL,4
7652,L.Collins,00-0031534,2018,DAL,9
7653,L.Collins,00-0031534,2019,DAL,3
7654,L.Collins,00-0031534,2021,DAL,10
7655,L.Collins,00-0031534,2022,CIN,7
7656,L.Collins,00-0032262,2016,NYG,2
7657,L.Collins,00-0032262,2017,NYG,1
7658,L.Collins,00-0032262,2018,NYG,2
7659,L.Collins,00-0032262,2019,WAS,2
7660,L.Collins,00-0032262,2020,WAS,2
7661,L.Collins,00-0032262,2021,WAS,1
7662,L.Collins,00-0032262,2022,NYG,1
7663,L.Cotton,00-0035117,2023,MIA,4
7664,L.Cushenberry,00-0036391,2020,DEN,2
7665,L.Cushenberry,00-0036391,2021,DEN,6
7666,L.Cushenberry,00-0036391,2022,DEN,4
7667,L.Cushenberry,00-0036391,2023,DEN,5
7668,L.Cushenberry,00-0036391,2024,TEN,2
7669,L.Cushenberry,00-0036391,2025,TEN,3
7670,L.David,00-0029562,2016,TB,1
7671,L.David,00-0029562,2019,TB,1
7672,L.David,00-0029562,2021,TB,2
7673,L.David,00-0029562,2022,TB,2
7674,L.David,00-0029562,2023,TB,2
7675,L.David,00-0029562,2024,TB,2
7676,L.David,00-0029562,2025,TB,2
7677,L.Dickerson,00-0037002,2021,PHI,5
7678,L.Dickerson,00-0037002,2022,PHI,13
7679,L.Dickerson,00-0037002,2023,PHI,7
7680,L.Dickerson,00-0037002,2024,PHI,7
7681,L.Dickerson,00-0037002,2025,PHI,5
7682,L.Donnell,00-0028838,2016,NYG,2
7683,L.Doss,00-0032136,2016,DEN,3
7684,L.Douzable,00-0025942,2016,BUF,1
7685,L.Duvernay-Tardif,00-0031022,2016,KC,4
7686,L.Duvernay-Tardif,00-0031022,2017,KC,5
7687,L.Duvernay-Tardif,00-0031022,2018,KC,4
7688,L.Duvernay-Tardif,00-0031022,2019,KC,4
7689,L.Duvernay-Tardif,00-0031022,2021,NYJ,1
7690,L.Edwards,00-0030488,2016,CAR,1
7691,L.Edwards,00-0032449,2017,NYJ,1
7692,L.Eichenberg,00-0037010,2021,MIA,7
7693,L.Eichenberg,00-0037010,2022,MIA,4
7694,L.Eichenberg,00-0037010,2023,MIA,5
7695,L.Eichenberg,00-0037010,2024,MIA,8
7696,L.Farrell,00-0036887,2021,JAX,1
7697,L.Farrell,00-0036887,2023,JAX,3
7698,L.Farrell,00-0036887,2024,JAX,3
7699,L.Farrell,00-0036887,2025,SF,1
7700,L.Fitzgerald,00-0022921,2016,ARI,1
7701,L.Fitzgerald,00-0022921,2017,ARI,1
7702,L.Fitzgerald,00-0022921,2018,ARI,1
7703,L.Fitzgerald,00-0022921,2019,ARI,2
7704,L.Fitzgerald,00-0022921,2020,ARI,2
7705,L.Floyd,00-0033072,2017,CHI,2
7706,L.Floyd,00-0033072,2018,CHI,3
7707,L.Floyd,00-0033072,2019,CHI,2
7708,L.Floyd,00-0033072,2020,LA,3
7709,L.Floyd,00-0033072,2021,LA,6
7710,L.Floyd,00-0033072,2023,BUF,2
7711,L.Floyd,00-0033072,2024,SF,1
7712,L.Floyd,00-0033072,2025,ATL,2
7713,L.Fort,00-0028932,2018,PIT,1
7714,L.Fort,00-0028932,2019,BAL,4
7715,L.Fortner,00-0037814,2022,JAX,3
7716,L.Fortner,00-0037814,2023,JAX,4
7717,L.Fortner,00-0037814,2025,NO,3
7718,L.Fotu,00-0036371,2020,ARI,3
7719,L.Fotu,00-0036371,2021,ARI,2
7720,L.Fotu,00-0036371,2022,ARI,5
7721,L.Fotu,00-0036371,2023,ARI,1
7722,L.Fournette,00-0033856,2019,JAX,1
7723,L.Fournette,00-0033856,2022,TB,1
7724,L.Gaillard,00-0035536,2020,ARI,2
7725,L.Gifford,00-0035413,2021,DAL,2
7726,L.Goedeke,00-0037835,2022,TB,5
7727,L.Goedeke,00-0037835,2023,TB,10
7728,L.Goedeke,00-0037835,2024,TB,9
7729,L.Goedeke,00-0037835,2025,TB,6
7730,L.Green,00-0029275,2016,PIT,2
7731,L.Guion,00-0026292,2016,GB,4
7732,L.Gunter,00-0031829,2016,GB,5
7733,L.Guy,00-0028171,2016,BAL,4
7734,L.Guy,00-0028171,2017,NE,1
7735,L.Guy,00-0028171,2019,NE,1
7736,L.Guy,00-0028171,2021,NE,1
7737,L.Haggard,00-0038818,2025,TB,2
7738,L.Hall,00-0038127,2022,TB,1
7739,L.Hall,00-0038127,2024,TB,1
7740,L.Hall,00-0038127,2025,TB,4
7741,L.Houston,00-0027657,2017,HOU,2
7742,L.Humphrey,00-0035406,2021,NO,1
7743,L.Humphrey,00-0035406,2022,NE,1
7744,L.Humphrey,00-0035406,2023,DEN,1
7745,L.Humphrey,00-0035406,2024,DEN,3
7746,L.Humphrey,00-0035406,2025,NYG,1
7747,L.Jackson,00-0034796,2018,BAL,1
7748,L.Jackson,00-0034796,2019,BAL,1
7749,L.Jackson,00-0034796,2020,BAL,1
7750,L.Jackson,00-0034796,2022,BAL,1
7751,L.Jackson,00-0034796,2023,BAL,4
7752,L.Jackson,00-0034796,2024,BAL,1
7753,L.Jackson,00-0034796,2025,BAL,1
7754,L.Jackson,00-0036152,2022,CHI,1
7755,L.Jackson,00-0036152,2022,DEN,1
7756,L.Jacobs,00-0034428,2019,JAX,2
7757,L.Joeckel,00-0030545,2016,JAX,3
7758,L.Joeckel,00-0030545,2017,SEA,3
7759,L.Johnson,00-0029087,2016,CAR,1
7760,L.Johnson,00-0029087,2017,BUF,5
7761,L.Johnson,00-0030561,2016,PHI,2
7762,L.Johnson,00-0030561,2017,PHI,10
7763,L.Johnson,00-0030561,2018,PHI,4
7764,L.Johnson,00-0030561,2019,PHI,4
7765,L.Johnson,00-0030561,2020,PHI,2
7766,L.Johnson,00-0030561,2021,PHI,6
7767,L.Johnson,00-0030561,2022,PHI,5
7768,L.Johnson,00-0030561,2023,PHI,4
7769,L.Johnson,00-0030561,2024,PHI,8
7770,L.Johnson,00-0030561,2025,PHI,3
7771,L.Johnson,00-0034520,2018,JAX,1
7772,L.Johnson,00-0035244,2019,HOU,10
7773,L.Johnson,00-0035244,2020,HOU,1
7774,L.Johnson,00-0035244,2021,HOU,4
7775,L.Johnson,00-0035244,2022,TEN,2
7776,L.Johnson,00-0035244,2023,NO,2
7777,L.Johnson,00-0035244,2024,CAR,3
7778,L.Johnson,00-0035244,2025,LV,2
7779,L.Jones,00-0030524,2017,PIT,1
7780,L.Joseph,00-0027885,2016,MIN,2
7781,L.Joseph,00-0027885,2017,MIN,4
7782,L.Joseph,00-0027885,2018,MIN,4
7783,L.Joseph,00-0027885,2019,MIN,3
7784,L.Joseph,00-0027885,2020,LAC,1
7785,L.Joseph,00-0027885,2021,LAC,1
7786,L.Joseph,00-0027885,2022,PHI,1
7787,L.Joseph,00-0027885,2024,DAL,1
7788,L.Joyner,00-0031389,2016,LA,5
7789,L.Joyner,00-0031389,2017,LA,1
7790,L.Joyner,00-0031389,2018,LA,3
7791,L.Joyner,00-0031389,2019,LV,7
7792,L.Joyner,00-0031389,2020,LV,3
7793,L.Joyner,00-0031389,2022,NYJ,3
7794,L.Kendricks,00-0027985,2016,LA,1
7795,L.Kendricks,00-0027985,2017,GB,2
7796,L.Kuechly,00-0029248,2016,CAR,1
7797,L.Kuechly,00-0029248,2017,CAR,2
7798,L.Kuechly,00-0029248,2018,CAR,1
7799,L.Kuechly,00-0029248,2019,CAR,1
7800,L.Ladouceur,00-0023298,2018,DAL,2
7801,L.Latu,00-0039340,2024,IND,1
7802,L.Latu,00-0039340,2025,IND,2
7803,L.Lenoir,00-0033992,2018,DAL,1
7804,L.London,00-0036204,2023,ATL,1
7805,L.London,00-0036204,2025,ATL,1
7806,L.Mack,00-0036205,2021,CHI,1
7807,L.Masterson,00-0037517,2022,LV,1
7808,L.Masterson,00-0037517,2023,LV,1
7809,L.Masterson,00-0037517,2024,LV,1
7810,L.Mauldin,00-0031564,2016,NYJ,1
7811,L.McCaffrey,00-0039355,2025,WAS,1
7812,L.McConkey,00-0039915,2024,LAC,1
7813,L.McConkey,00-0039915,2025,LAC,3
7814,L.McCoy,00-0027029,2016,BUF,1
7815,L.McCoy,00-0027029,2017,BUF,1
7816,L.McCoy,00-0027029,2018,BUF,1
7817,L.McCoy,00-0027029,2019,KC,1
7818,L.McCoy,00-0027029,2020,TB,1
7819,L.McCray,00-0029799,2016,BUF,3
7820,L.McCray,00-0029799,2017,JAX,2
7821,L.McCray,00-0029799,2018,JAX,2
7822,L.McCray,00-0029799,2019,JAX,2
7823,L.McCray,00-0029799,2021,JAX,1
7824,L.McCullough,00-0036082,2022,ATL,1
7825,L.McCullough,00-0036082,2023,ATL,1
7826,L.McFadden,00-0030556,2016,DAL,2
7827,L.McKelvin,00-0026151,2016,PHI,1
7828,L.Miller,00-0029615,2018,HOU,2
7829,L.Murchison,00-0036237,2022,TEN,1
7830,L.Murphy,00-0027089,2017,SF,1
7831,L.Murray,00-0030513,2017,MIN,1
7832,L.Murray,00-0030513,2021,BAL,1
7833,L.Murray,00-0030513,2022,DEN,1
7834,L.Murray,00-0030513,2023,BUF,1
7835,L.Musgrave,00-0039144,2023,GB,1
7836,L.Musgrave,00-0039144,2025,GB,1
7837,L.Niang,00-0036367,2021,KC,4
7838,L.Ogunjobi,00-0033905,2017,CLE,2
7839,L.Ogunjobi,00-0033905,2018,CLE,6
7840,L.Ogunjobi,00-0033905,2019,CLE,4
7841,L.Ogunjobi,00-0033905,2020,CLE,6
7842,L.Ogunjobi,00-0033905,2021,CIN,1
7843,L.Ogunjobi,00-0033905,2023,PIT,1
7844,L.Ogunjobi,00-0033905,2024,PIT,1
7845,L.Ogunjobi,00-0033905,2025,BUF,1
7846,L.Onwuzurike,00-0036954,2024,DET,1
7847,L.Orr,00-0031888,2016,MIA,1
7848,L.Patrick,00-0033082,2017,GB,1
7849,L.Patrick,00-0033082,2018,GB,1
7850,L.Patrick,00-0033082,2020,GB,2
7851,L.Patrick,00-0033082,2021,GB,4
7852,L.Patrick,00-0033082,2023,CHI,7
7853,L.Patrick,00-0033082,2024,NO,7
7854,L.Paulsen,00-0027215,2016,CHI,6
7855,L.Paulsen,00-0027215,2017,SF,2
7856,L.Paulsen,00-0027215,2018,ATL,1
7857,L.Pipkins,00-0033362,2017,GB,2
7858,L.Pitts,00-0032617,2018,BUF,2
7859,L.Ransom,00-0040159,2025,CAR,2
7860,L.Ray,00-0037203,2024,CAR,1
7861,L.Ray,00-0037203,2025,CAR,2
7862,L.Reynolds,00-0029955,2016,ATL,4
7863,L.Reynolds,00-0029955,2017,ATL,4
7864,L.Reynolds,00-0029955,2018,PHI,3
7865,L.Reynolds,00-0029955,2019,CIN,3
7866,L.Reynolds,00-0029955,2020,ATL,1
7867,L.Reynolds,00-0029955,2021,NYJ,1
7868,L.Rhodes,00-0032753,2020,IND,1
7869,L.Rhodes,00-0032753,2022,IND,1
7870,L.Robinson,00-0039887,2024,NE,4
7871,L.Rodriguez,00-0039421,2025,MIN,2
7872,L.Ryan,00-0030411,2016,NE,5
7873,L.Ryan,00-0030411,2017,TEN,6
7874,L.Ryan,00-0030411,2018,TEN,3
7875,L.Ryan,00-0030411,2019,TEN,7
7876,L.Ryan,00-0030411,2020,NYG,1
7877,L.Ryan,00-0030411,2021,NYG,1
7878,L.Ryan,00-0030411,2023,SF,1
7879,L.Schoonmaker,00-0038547,2023,DAL,1
7880,L.Schoonmaker,00-0038547,2024,DAL,3
7881,L.Schoonmaker,00-0038547,2025,DAL,2
7882,L.Shenault,00-0036268,2021,JAX,3
7883,L.Shenault,00-0036268,2022,CAR,1
7884,L.Shenault,00-0036268,2024,SEA,1
7885,L.Shenault Jr.,00-0036268,2020,JAX,2
7886,L.Sims,00-0032783,2016,TEN,1
7887,L.Sims,00-0032783,2017,TEN,3
7888,L.Sims,00-0032783,2018,TEN,1
7889,L.Sims,00-0032783,2019,TEN,2
7890,L.Sims,00-0032783,2020,CIN,3
7891,L.Smith,00-0028097,2016,LV,3
7892,L.Smith,00-0028097,2017,LV,5
7893,L.Smith,00-0028097,2018,LV,3
7894,L.Smith,00-0028097,2019,BUF,8
7895,L.Smith,00-0028097,2021,ATL,4
7896,L.Smith,00-0037308,2022,ARI,2
7897,L.Sneed,00-0036374,2020,KC,4
7898,L.Sneed,00-0036374,2021,KC,10
7899,L.Sneed,00-0036374,2022,KC,6
7900,L.Sneed,00-0036374,2023,KC,12
7901,L.Sneed,00-0036374,2024,TEN,3
7902,L.Sneed,00-0036374,2025,TEN,4
7903,L.Stenberg,00-0036234,2022,DET,3
7904,L.Stephens,00-0034130,2020,SEA,2
7905,L.Stocker,00-0028042,2016,TB,2
7906,L.Stocker,00-0028042,2017,TEN,2
7907,L.Stocker,00-0028042,2020,ATL,2
7908,L.Stocker,00-0028042,2021,MIN,3
7909,L.Taylor,00-0030273,2016,GB,5
7910,L.Taylor,00-0030273,2018,GB,2
7911,L.Taylor,00-0030273,2021,HOU,1
7912,L.Taylor,00-0039289,2024,NYJ,1
7913,L.Thomas,00-0031260,2017,BUF,2
7914,L.Thomas,00-0031260,2018,BUF,4
7915,L.Thomas,00-0031260,2019,DET,3
7916,L.Thomas,00-0031260,2020,WAS,4
7917,L.Thomas,00-0031260,2021,WAS,2
7918,L.Thomas,00-0031260,2022,WAS,3
7919,L.Thomas,00-0031260,2023,WAS,4
7920,L.Timmons,00-0025402,2016,PIT,4
7921,L.Toilolo,00-0030443,2016,ATL,2
7922,L.Toilolo,00-0030443,2017,ATL,2
7923,L.Toilolo,00-0030443,2018,DET,1
7924,L.Toilolo,00-0030443,2019,SF,1
7925,L.Toilolo,00-0030443,2020,NYG,2
7926,L.Tomlinson,00-0032234,2016,DET,3
7927,L.Tomlinson,00-0032234,2017,SF,5
7928,L.Tomlinson,00-0032234,2018,SF,6
7929,L.Tomlinson,00-0032234,2019,SF,4
7930,L.Tomlinson,00-0032234,2020,SF,2
7931,L.Tomlinson,00-0032234,2021,SF,8
7932,L.Tomlinson,00-0032234,2023,NYJ,4
7933,L.Tomlinson,00-0032234,2024,SEA,3
7934,L.Tomlinson,00-0032234,2025,HOU,1
7935,L.Treadwell,00-0032951,2017,MIN,4
7936,L.Treadwell,00-0032951,2018,MIN,1
7937,L.Treadwell,00-0032951,2019,MIN,3
7938,L.Treadwell,00-0032951,2021,JAX,2
7939,L.Tunsil,00-0032380,2016,MIA,7
7940,L.Tunsil,00-0032380,2017,MIA,12
7941,L.Tunsil,00-0032380,2018,MIA,7
7942,L.Tunsil,00-0032380,2019,HOU,17
7943,L.Tunsil,00-0032380,2020,HOU,7
7944,L.Tunsil,00-0032380,2021,HOU,1
7945,L.Tunsil,00-0032380,2022,HOU,10
7946,L.Tunsil,00-0032380,2023,HOU,11
7947,L.Tunsil,00-0032380,2024,HOU,17
7948,L.Tunsil,00-0032380,2025,WAS,5
7949,L.Van Ness,00-0039112,2023,GB,2
7950,L.Van Ness,00-0039112,2024,GB,7
7951,L.Van Ness,00-0039112,2025,GB,2
7952,L.Vander Esch,00-0034674,2018,DAL,2
7953,L.Vander Esch,00-0034674,2020,DAL,2
7954,L.Waddle,00-0029886,2017,NE,1
7955,L.Waddle,00-0029886,2018,NE,2
7956,L.Wallace,00-0034514,2019,BUF,1
7957,L.Wallace,00-0034514,2020,BUF,3
7958,L.Wallace,00-0034514,2021,BUF,8
7959,L.Wallace,00-0034514,2023,PIT,1
7960,L.Walton,00-0031607,2017,PIT,2
7961,L.Warford,00-0030065,2016,DET,3
7962,L.Warford,00-0030065,2017,NO,2
7963,L.Warford,00-0030065,2018,NO,2
7964,L.Warford,00-0030065,2019,NO,4
7965,L.Watson,00-0037591,2024,TEN,7
7966,L.Wattenberg,00-0037278,2024,DEN,3
7967,L.Wattenberg,00-0037278,2025,DEN,5
7968,L.Webb,00-0027060,2016,BAL,1
7969,L.Williams,00-0031933,2016,NYJ,1
7970,L.Williams,00-0031933,2017,NYJ,2
7971,L.Williams,00-0031933,2018,NYJ,5
7972,L.Williams,00-0031933,2019,NYG,1
7973,L.Williams,00-0031933,2019,NYJ,4
7974,L.Williams,00-0031933,2020,NYG,3
7975,L.Williams,00-0031933,2021,NYG,4
7976,L.Williams,00-0031933,2022,NYG,3
7977,L.Williams,00-0031933,2023,NYG,2
7978,L.Williams,00-0031933,2023,SEA,1
7979,L.Williams,00-0031933,2024,SEA,3
7980,L.Williams,00-0031933,2025,SEA,5
7981,L.Willson,00-0030089,2016,SEA,3
7982,L.Willson,00-0030089,2017,SEA,5
7983,L.Willson,00-0030089,2019,SEA,2
7984,L.Wilson,00-0036294,2021,CIN,1
7985,L.Wilson,00-0036294,2023,CIN,1
7986,L.Wypler,00-0038609,2025,CLE,4
7987,L.Young,00-0030675,2016,CAR,1
7988,L.Young,00-0036930,2021,NO,2
7989,L.Young,00-0036930,2022,NO,1
7990,L.Young,00-0036930,2023,NO,1
7991,L.Young,00-0036930,2024,NO,1
7992,LA.Griffin,00-0033926,2018,SEA,6
7993,M.Abernathy,00-0035098,2023,ATL,3
7994,M.Adams,00-0022247,2017,CAR,3
7995,M.Adams,00-0022247,2018,CAR,1
7996,M.Adams,00-0029202,2016,CHI,1
7997,M.Adams,00-0033929,2020,GB,1
7998,M.Adams,00-0033929,2021,PIT,2
7999,M.Adams,00-0033929,2022,PIT,3
8000,M.Adams,00-0033929,2024,PIT,1
8001,M.Adams,00-0034424,2018,IND,3
8002,M.Adams,00-0034424,2020,IND,1
8003,M.Adams,00-0034424,2023,CLE,1
8004,M.Adams,00-0034424,2024,NYG,2
8005,M.Addison,00-0028339,2016,CAR,3
8006,M.Addison,00-0028339,2017,CAR,2
8007,M.Addison,00-0028339,2018,CAR,2
8008,M.Addison,00-0028339,2019,CAR,3
8009,M.Addison,00-0028339,2020,BUF,3
8010,M.Addison,00-0028339,2021,BUF,2
8011,M.Agim,00-0036420,2021,DEN,1
8012,M.Alexander,00-0031393,2016,LA,1
8013,M.Alexander,00-0031393,2018,SEA,1
8014,M.Alexander,00-0031393,2019,BUF,1
8015,M.Alexander,00-0032389,2016,MIN,3
8016,M.Alexander,00-0032389,2017,MIN,3
8017,M.Alexander,00-0032389,2018,MIN,3
8018,M.Alexander,00-0032389,2021,MIN,5
8019,M.Alie-Cox,00-0033217,2018,IND,2
8020,M.Alie-Cox,00-0033217,2020,IND,1
8021,M.Alie-Cox,00-0033217,2021,IND,1
8022,M.Alie-Cox,00-0033217,2022,IND,1
8023,M.Alie-Cox,00-0033217,2024,IND,1
8024,M.Alie-Cox,00-0033217,2025,IND,1
8025,M.Allen,00-0034335,2020,PIT,1
8026,M.Allen,00-0034335,2021,PIT,2
8027,M.Allen,00-0034335,2022,PIT,2
8028,M.Andrews,00-0034753,2018,BAL,4
8029,M.Andrews,00-0034753,2019,BAL,2
8030,M.Andrews,00-0034753,2020,BAL,5
8031,M.Andrews,00-0034753,2021,BAL,2
8032,M.Andrews,00-0034753,2022,BAL,1
8033,M.Andrews,00-0034753,2024,BAL,1
8034,M.Andrews,00-0034753,2025,BAL,5
8035,M.Asiata,00-0028198,2016,MIN,1
8036,M.Ateman,00-0034747,2018,LV,2
8037,M.Badgley,00-0034084,2025,BUF,1
8038,M.Badgley,00-0034084,2025,IND,1
8039,M.Bailey,00-0036314,2020,CIN,1
8040,M.Bailey,00-0036314,2022,CIN,1
8041,M.Bandy,00-0036959,2022,LAC,1
8042,M.Barkley,00-0030533,2016,CHI,2
8043,M.Barron,00-0029670,2016,LA,2
8044,M.Barron,00-0029670,2017,LA,2
8045,M.Barron,00-0029670,2018,LA,4
8046,M.Barron,00-0029670,2019,PIT,3
8047,M.Becton,00-0036284,2020,NYJ,6
8048,M.Becton,00-0036284,2021,NYJ,1
8049,M.Becton,00-0036284,2023,NYJ,12
8050,M.Becton,00-0036284,2024,PHI,5
8051,M.Becton,00-0036284,2025,LAC,5
8052,M.Bell,00-0037561,2023,DAL,2
8053,M.Bell,00-0037561,2024,DAL,2
8054,M.Bell,00-0037561,2025,DAL,6
8055,M.Bennett,00-0026201,2016,NE,5
8056,M.Bennett,00-0026201,2017,GB,3
8057,M.Bennett,00-0026618,2016,SEA,7
8058,M.Bennett,00-0026618,2017,SEA,12
8059,M.Bennett,00-0026618,2018,PHI,5
8060,M.Bennett,00-0026618,2019,DAL,8
8061,M.Bergeron,00-0039048,2023,ATL,4
8062,M.Bergeron,00-0039048,2024,ATL,9
8063,M.Bergeron,00-0039048,2025,ATL,2
8064,M.Blackmon,00-0038565,2025,IND,5
8065,M.Blair,00-0035139,2019,SEA,2
8066,M.Blair,00-0035139,2021,SEA,2
8067,M.Blair,00-0035139,2022,CAR,1
8068,M.Boone,00-0034208,2018,MIN,1
8069,M.Bosher,00-0028130,2016,ATL,1
8070,M.Bosher,00-0028130,2019,ATL,1
8071,M.Boykin,00-0035703,2019,BAL,2
8072,M.Boykin,00-0035703,2020,BAL,1
8073,M.Boykin,00-0035703,2023,PIT,1
8074,M.Breida,00-0033308,2017,SF,2
8075,M.Breida,00-0033308,2022,NYG,2
8076,M.Brockers,00-0029630,2016,LA,2
8077,M.Brockers,00-0029630,2017,LA,1
8078,M.Brockers,00-0029630,2018,LA,3
8079,M.Brockers,00-0029630,2019,LA,3
8080,M.Brockers,00-0029630,2021,DET,2
8081,M.Brown,00-0031806,2016,LA,3
8082,M.Brown,00-0031806,2017,LA,1
8083,M.Brown,00-0031806,2019,LA,2
8084,M.Brown,00-0031806,2020,LA,1
8085,M.Brown,00-0031806,2021,MIA,1
8086,M.Brown,00-0032048,2016,WAS,1
8087,M.Brown,00-0032261,2016,NE,1
8088,M.Brown,00-0032261,2017,NE,3
8089,M.Brown,00-0032261,2018,NE,2
8090,M.Brown,00-0032261,2020,NO,1
8091,M.Brown,00-0035662,2019,BAL,2
8092,M.Brown,00-0035662,2021,BAL,3
8093,M.Brown,00-0035662,2022,ARI,2
8094,M.Brown,00-0035662,2023,ARI,3
8095,M.Brown,00-0035662,2025,KC,1
8096,M.Brown,00-0037313,2023,JAX,1
8097,M.Brown,00-0037313,2024,JAX,7
8098,M.Brown,00-0037313,2025,JAX,2
8099,M.Brown,00-0037493,2023,TEN,1
8100,M.Brown,00-0037493,2025,TEN,1
8101,M.Bryant,00-0031373,2017,PIT,2
8102,M.Bryant,00-0031373,2018,LV,1
8103,M.Bryant,00-0036087,2020,NE,1
8104,M.Bryant,00-0036087,2021,NE,2
8105,M.Bryant,00-0036087,2022,NE,3
8106,M.Bryant,00-0036087,2023,NE,2
8107,M.Burley,00-0029942,2017,HOU,1
8108,M.Burnett,00-0027676,2016,GB,3
8109,M.Burnett,00-0027676,2018,PIT,2
8110,M.Burnett,00-0027676,2019,CLE,1
8111,M.Burton,00-0031595,2017,CHI,2
8112,M.Burton,00-0031595,2021,KC,1
8113,M.Burton,00-0031595,2023,DEN,2
8114,M.Butler,00-0031218,2016,NE,6
8115,M.Butler,00-0031218,2017,NE,4
8116,M.Butler,00-0031218,2018,TEN,5
8117,M.Butler,00-0031218,2019,TEN,6
8118,M.Butler,00-0031218,2020,TEN,2
8119,M.Butler,00-0037280,2024,LV,1
8120,M.Butler,00-0037280,2025,MIA,3
8121,M.Caliendo,00-0037207,2024,KC,1
8122,M.Caliendo,00-0037207,2025,KC,3
8123,M.Callaway,00-0036219,2021,NO,2
8124,M.Canady,00-0032438,2017,BAL,3
8125,M.Canady,00-0032438,2018,BAL,1
8126,M.Canady,00-0032438,2019,BAL,1
8127,M.Canady,00-0032438,2019,NYJ,1
8128,M.Cannon,00-0028076,2016,NE,5
8129,M.Cannon,00-0028076,2017,NE,2
8130,M.Cannon,00-0028076,2018,NE,6
8131,M.Cannon,00-0028076,2019,NE,3
8132,M.Carter,00-0036501,2022,NYJ,3
8133,M.Carter,00-0036501,2023,NYJ,1
8134,M.Carter,00-0036501,2024,NYJ,1
8135,M.Carter,00-0036501,2025,NYJ,1
8136,M.Carter II,00-0036501,2021,NYJ,1
8137,M.Cassel,00-0023662,2016,TEN,1
8138,M.Cassel,00-0023662,2017,TEN,2
8139,M.Christian,00-0032786,2016,LA,1
8140,M.Christian,00-0032786,2017,LA,3
8141,M.Christian,00-0032786,2018,LA,6
8142,M.Christian,00-0032786,2021,CHI,1
8143,M.Claiborne,00-0029676,2016,DAL,7
8144,M.Claiborne,00-0029676,2017,NYJ,7
8145,M.Claiborne,00-0029676,2018,NYJ,6
8146,M.Claiborne,00-0029676,2019,KC,2
8147,M.Clark,00-0033352,2017,GB,1
8148,M.Clemons,00-0038107,2022,NYJ,3
8149,M.Clemons,00-0038107,2023,NYJ,3
8150,M.Clemons,00-0038107,2024,NYJ,2
8151,M.Clemons,00-0038107,2025,NYJ,2
8152,M.Cole,00-0034785,2018,ARI,2
8153,M.Cole,00-0034785,2019,ARI,1
8154,M.Cole,00-0034785,2020,ARI,5
8155,M.Cole,00-0034785,2021,MIN,1
8156,M.Cole,00-0034785,2023,PIT,3
8157,M.Cole,00-0039425,2024,JAX,1
8158,M.Collins,00-0033131,2016,DAL,1
8159,M.Collins,00-0033131,2017,DAL,7
8160,M.Collins,00-0033131,2019,DAL,6
8161,M.Collins,00-0033131,2020,LV,3
8162,M.Collins,00-0033131,2021,HOU,6
8163,M.Collins,00-0033131,2022,HOU,4
8164,M.Collins,00-0033131,2023,HOU,4
8165,M.Collins,00-0033131,2024,SF,3
8166,M.Collins,00-0033131,2025,CLE,2
8167,M.Cooper,00-0030127,2016,ARI,3
8168,M.Cooper,00-0030127,2017,CHI,3
8169,M.Cooper,00-0030127,2018,DET,1
8170,M.Cooper Sr.,00-0030127,2017,CHI,2
8171,M.Copeland,00-0035607,2022,LA,2
8172,M.Cox,00-0027557,2016,BAL,3
8173,M.Cox,00-0027557,2018,BAL,1
8174,M.Cox,00-0027557,2020,BAL,2
8175,M.Cox,00-0027557,2022,TEN,1
8176,M.Crabtree,00-0026986,2016,LV,10
8177,M.Crabtree,00-0026986,2017,LV,4
8178,M.Crabtree,00-0026986,2018,BAL,3
8179,M.Crosby,00-0025580,2016,GB,1
8180,M.Crosby,00-0034973,2019,LV,6
8181,M.Crosby,00-0034973,2020,LV,5
8182,M.Crosby,00-0034973,2021,LV,8
8183,M.Crosby,00-0034973,2022,LV,5
8184,M.Crosby,00-0034973,2023,LV,5
8185,M.Crosby,00-0034973,2024,LV,4
8186,M.Crosby,00-0034973,2025,LV,7
8187,M.Curtis,00-0038914,2024,SEA,1
8188,M.Daniels,00-0029284,2016,GB,6
8189,M.Daniels,00-0029284,2017,GB,5
8190,M.Daniels,00-0029284,2018,GB,1
8191,M.Danna,00-0036378,2022,KC,1
8192,M.Danna,00-0036378,2024,KC,1
8193,M.Dareus,00-0027941,2017,BUF,1
8194,M.Davenport,00-0034344,2018,NO,4
8195,M.Davenport,00-0034344,2019,NO,1
8196,M.Davenport,00-0034344,2020,NO,3
8197,M.Davenport,00-0034344,2021,NO,2
8198,M.Davenport,00-0034344,2022,NO,2
8199,M.Davenport,00-0034344,2024,DET,2
8200,M.Davidson,00-0036291,2021,ATL,1
8201,M.Davis,00-0032063,2020,CAR,1
8202,M.Davis,00-0033697,2017,LAC,1
8203,M.Davis,00-0033697,2018,LAC,5
8204,M.Davis,00-0033697,2019,LAC,6
8205,M.Davis,00-0033697,2020,LAC,2
8206,M.Davis,00-0033697,2021,LAC,5
8207,M.Davis,00-0033697,2022,LAC,3
8208,M.Davis,00-0033697,2023,LAC,4
8209,M.Davis,00-0033697,2024,WAS,3
8210,M.Davis,00-0033697,2025,NO,1
8211,M.Davis,00-0037563,2025,DAL,1
8212,M.Deiter,00-0035686,2019,MIA,3
8213,M.Deiter,00-0035686,2021,MIA,1
8214,M.Deiter,00-0035686,2023,HOU,4
8215,M.Diabate,00-0038711,2024,CLE,4
8216,M.Diabate,00-0038711,2025,CLE,1
8217,M.Dial,00-0039390,2024,NE,2
8218,M.Dickerson,00-0034657,2025,JAX,1
8219,M.Dogbe,00-0035541,2019,ARI,2
8220,M.Dogbe,00-0035541,2022,ARI,1
8221,M.Dunn,00-0033995,2021,CLE,1
8222,M.Dunn,00-0033995,2022,CLE,1
8223,M.Dunn,00-0033995,2023,CLE,2
8224,M.Dunn,00-0033995,2024,CLE,2
8225,M.Dwumfour,00-0036507,2022,HOU,2
8226,M.Edwards,00-0032265,2016,LV,1
8227,M.Edwards,00-0032265,2017,LV,2
8228,M.Edwards,00-0032265,2018,NYG,2
8229,M.Edwards,00-0032265,2019,NO,1
8230,M.Edwards,00-0032265,2020,CHI,1
8231,M.Edwards,00-0032265,2021,CHI,4
8232,M.Edwards,00-0032265,2022,TEN,3
8233,M.Edwards,00-0032265,2023,SEA,3
8234,M.Edwards,00-0032265,2024,HOU,4
8235,M.Edwards,00-0032265,2025,HOU,3
8236,M.Edwards,00-0035681,2021,TB,2
8237,M.Edwards,00-0035681,2023,KC,1
8238,M.Edwards,00-0035681,2025,KC,2
8239,M.Emerson,00-0037250,2022,CLE,6
8240,M.Emerson,00-0037250,2023,CLE,10
8241,M.Emerson,00-0037250,2024,CLE,5
8242,M.Epps,00-0034993,2021,PHI,1
8243,M.Epps,00-0034993,2022,PHI,2
8244,M.Epps,00-0034993,2025,PHI,3
8245,M.Evans,00-0031408,2016,TB,3
8246,M.Evans,00-0031408,2017,TB,4
8247,M.Evans,00-0031408,2018,TB,4
8248,M.Evans,00-0031408,2019,TB,2
8249,M.Evans,00-0031408,2020,TB,4
8250,M.Evans,00-0031408,2021,TB,2
8251,M.Evans,00-0031408,2022,TB,3
8252,M.Evans,00-0031408,2023,TB,4
8253,M.Evans,00-0031408,2025,TB,3
8254,M.Evans,00-0032922,2016,GB,2
8255,M.Evans,00-0032922,2017,GB,4
8256,M.Evans,00-0040187,2025,CAR,4
8257,M.Farley,00-0032496,2016,IND,1
8258,M.Farley,00-0032496,2019,NYJ,1
8259,M.Farley,00-0032496,2020,NYJ,2
8260,M.Farley,00-0032496,2021,TEN,1
8261,M.Farley,00-0032496,2023,CAR,1
8262,M.Farniok,00-0036663,2022,DAL,1
8263,M.Feiler,00-0031142,2019,PIT,3
8264,M.Feiler,00-0031142,2020,PIT,4
8265,M.Feiler,00-0031142,2021,LAC,6
8266,M.Feiler,00-0031142,2022,LAC,5
8267,M.Feiler,00-0031142,2023,TB,2
8268,M.Fitzpatrick,00-0034789,2018,MIA,10
8269,M.Fitzpatrick,00-0034789,2019,PIT,2
8270,M.Fitzpatrick,00-0034789,2020,PIT,3
8271,M.Fitzpatrick,00-0034789,2021,PIT,2
8272,M.Fitzpatrick,00-0034789,2022,PIT,4
8273,M.Fitzpatrick,00-0034789,2023,PIT,3
8274,M.Fitzpatrick,00-0034789,2024,PIT,4
8275,M.Fitzpatrick,00-0034789,2025,MIA,4
8276,M.Flowers,00-0031290,2016,CIN,2
8277,M.Flowers,00-0031290,2017,NE,1
8278,M.Floyd,00-0029638,2016,ARI,5
8279,M.Floyd,00-0029638,2016,NE,1
8280,M.Floyd,00-0029638,2017,MIN,1
8281,M.Floyd,00-0029638,2018,WAS,1
8282,M.Ford,00-0034639,2018,DET,1
8283,M.Ford,00-0034639,2019,DET,2
8284,M.Ford,00-0034639,2020,DET,2
8285,M.Ford,00-0034639,2021,DEN,3
8286,M.Ford,00-0034639,2022,ATL,4
8287,M.Ford,00-0034639,2023,CLE,3
8288,M.Ford,00-0034639,2024,CLE,1
8289,M.Ford,00-0034639,2025,ATL,1
8290,M.Forte,00-0026184,2017,NYJ,1
8291,M.Foster,00-0028022,2016,WAS,2
8292,M.Fox,00-0032671,2021,CAR,1
8293,M.Fox,00-0032671,2022,LAC,1
8294,M.Fox,00-0032671,2023,LAC,1
8295,M.Fraboni,00-0036943,2025,DEN,2
8296,M.Frazier,00-0040193,2025,DET,2
8297,M.Gallup,00-0034764,2018,DAL,1
8298,M.Gallup,00-0034764,2019,DAL,1
8299,M.Gallup,00-0034764,2020,DAL,1
8300,M.Garcia,00-0032132,2016,DEN,3
8301,M.Garcia,00-0032132,2017,DEN,1
8302,M.Garcia,00-0032132,2018,DEN,3
8303,M.Garcia,00-0032132,2021,ARI,2
8304,M.Garcia,00-0032132,2022,ARI,2
8305,M.Garcia,00-0032132,2023,NO,4
8306,M.Garrett,00-0033868,2017,CLE,7
8307,M.Garrett,00-0033868,2018,CLE,9
8308,M.Garrett,00-0033868,2019,CLE,6
8309,M.Garrett,00-0033868,2020,CLE,6
8310,M.Garrett,00-0033868,2021,CLE,2
8311,M.Garrett,00-0033868,2022,CLE,4
8312,M.Garrett,00-0033868,2023,CLE,8
8313,M.Garrett,00-0033868,2024,CLE,5
8314,M.Garrett,00-0033868,2025,CLE,6
8315,M.Gay,00-0035269,2025,WAS,2
8316,M.Gesicki,00-0034829,2019,MIA,1
8317,M.Gesicki,00-0034829,2020,MIA,1
8318,M.Gesicki,00-0034829,2021,MIA,1
8319,M.Gesicki,00-0034829,2022,MIA,1
8320,M.Gesicki,00-0034829,2025,CIN,1
8321,M.Gilbert,00-0028001,2016,PIT,5
8322,M.Gilbert,00-0028001,2017,PIT,1
8323,M.Gilbert,00-0028001,2018,PIT,2
8324,M.Gilchrist,00-0027988,2016,NYJ,1
8325,M.Gilchrist,00-0027988,2017,HOU,3
8326,M.Glennon,00-0030520,2020,JAX,2
8327,M.Glennon,00-0030520,2021,NYG,1
8328,M.Glowinski,00-0031581,2016,SEA,4
8329,M.Glowinski,00-0031581,2017,SEA,1
8330,M.Glowinski,00-0031581,2018,IND,5
8331,M.Glowinski,00-0031581,2019,IND,9
8332,M.Glowinski,00-0031581,2020,IND,2
8333,M.Glowinski,00-0031581,2021,IND,2
8334,M.Glowinski,00-0031581,2022,NYG,3
8335,M.Glowinski,00-0031581,2023,NYG,3
8336,M.Glowinski,00-0031581,2024,IND,1
8337,M.Golden,00-0032127,2016,ARI,5
8338,M.Golden,00-0032127,2017,ARI,3
8339,M.Golden,00-0032127,2018,ARI,3
8340,M.Golden,00-0032127,2019,NYG,6
8341,M.Golden,00-0032127,2020,ARI,2
8342,M.Golden,00-0032127,2020,NYG,1
8343,M.Golden,00-0032127,2021,ARI,2
8344,M.Golden,00-0032127,2022,ARI,3
8345,M.Goncalves,00-0039736,2024,IND,1
8346,M.Goncalves,00-0039736,2025,IND,5
8347,M.Gono,00-0034140,2020,ATL,1
8348,M.Goodwin,00-0030068,2016,BUF,3
8349,M.Goodwin,00-0030068,2017,SF,4
8350,M.Goodwin,00-0030068,2018,SF,1
8351,M.Goodwin,00-0030068,2022,SEA,1
8352,M.Gordon,00-0032144,2017,LAC,2
8353,M.Gordon,00-0032144,2019,LAC,1
8354,M.Gordon,00-0032144,2022,DEN,2
8355,M.Graham,00-0040685,2025,CLE,1
8356,M.Greene,00-0037627,2023,TB,1
8357,M.Haack,00-0033400,2017,MIA,1
8358,M.Hall,00-0033094,2018,ATL,1
8359,M.Harden,00-0039417,2025,CLE,7
8360,M.Hardman,00-0035140,2020,KC,4
8361,M.Hardman,00-0035140,2023,KC,1
8362,M.Hardman,00-0035140,2024,KC,1
8363,M.Harper,00-0036084,2020,NYG,1
8364,M.Harris,00-0032362,2018,WAS,1
8365,M.Harris,00-0034730,2018,SF,2
8366,M.Harris,00-0034730,2019,SF,3
8367,M.Harris,00-0034730,2021,SF,2
8368,M.Harris,00-0034730,2022,NYJ,2
8369,M.Harris,00-0040201,2025,TEN,3
8370,M.Harrison,00-0036280,2020,BAL,1
8371,M.Harrison,00-0036280,2023,BAL,1
8372,M.Harrison,00-0036280,2024,BAL,1
8373,M.Harrison,00-0039849,2024,ARI,2
8374,M.Hartsfield,00-0035950,2020,CAR,1
8375,M.Hartsfield,00-0035950,2021,CAR,1
8376,M.Hartsfield,00-0035950,2022,CAR,2
8377,M.Haynes,00-0034382,2019,CAR,2
8378,M.Haynes,00-0034382,2021,CAR,1
8379,M.Haynes,00-0034382,2022,CAR,1
8380,M.Haynes,00-0034382,2024,CAR,1
8381,M.Heath,00-0038465,2024,GB,1
8382,M.Heath,00-0038465,2025,GB,2
8383,M.Hennessy,00-0036295,2020,ATL,4
8384,M.Hennessy,00-0036295,2021,ATL,4
8385,M.Herring,00-0036682,2023,KC,1
8386,M.Herzlich,00-0028620,2016,NYG,1
8387,M.Hilton,00-0032521,2017,PIT,1
8388,M.Hilton,00-0032521,2018,PIT,3
8389,M.Hilton,00-0032521,2019,PIT,3
8390,M.Hilton,00-0032521,2020,PIT,2
8391,M.Hilton,00-0032521,2021,CIN,2
8392,M.Hilton,00-0032521,2022,CIN,3
8393,M.Hilton,00-0032521,2024,CIN,2
8394,M.Hilton,00-0032521,2025,IND,1
8395,M.Hoecht,00-0035933,2023,LA,2
8396,M.Hoecht,00-0035933,2024,LA,1
8397,M.Hoecht,00-0035933,2025,BUF,1
8398,M.Hollins,00-0033555,2017,PHI,1
8399,M.Hollins,00-0033555,2019,MIA,1
8400,M.Hollins,00-0033555,2019,PHI,3
8401,M.Hollins,00-0033555,2020,MIA,1
8402,M.Hollins,00-0033555,2021,MIA,1
8403,M.Hollins,00-0033555,2022,LV,7
8404,M.Hollins,00-0033555,2023,ATL,1
8405,M.Hollins,00-0033555,2024,BUF,2
8406,M.Hollins,00-0033555,2025,NE,1
8407,M.Hooker,00-0033877,2017,IND,1
8408,M.Hooker,00-0033877,2018,IND,1
8409,M.Hooker,00-0033877,2021,DAL,1
8410,M.Hoomanawanui,00-0027732,2017,NO,4
8411,M.Huff,00-0031059,2016,BAL,2
8412,M.Hughes,00-0034843,2020,MIN,1
8413,M.Hughes,00-0034843,2022,DET,1
8414,M.Hughes,00-0034843,2024,ATL,1
8415,M.Hughes,00-0034843,2025,ATL,2
8416,M.Hull,00-0031719,2016,MIA,1
8417,M.Hull,00-0031719,2017,MIA,2
8418,M.Humphrey,00-0033281,2017,BAL,2
8419,M.Humphrey,00-0033281,2018,BAL,8
8420,M.Humphrey,00-0033281,2019,BAL,9
8421,M.Humphrey,00-0033281,2020,BAL,5
8422,M.Humphrey,00-0033281,2021,BAL,7
8423,M.Humphrey,00-0033281,2022,BAL,3
8424,M.Humphrey,00-0033281,2023,BAL,4
8425,M.Humphrey,00-0033281,2024,BAL,9
8426,M.Humphrey,00-0033281,2025,BAL,3
8427,M.Hunt,00-0030449,2016,CIN,1
8428,M.Hunt,00-0030449,2017,IND,3
8429,M.Hunt,00-0030449,2018,IND,6
8430,M.Hunt,00-0030449,2019,IND,2
8431,M.Hunter,00-0032643,2017,NYG,1
8432,M.Hurst,00-0034746,2018,LV,2
8433,M.Hurst,00-0034746,2019,LV,4
8434,M.Hurst,00-0034746,2023,CLE,3
8435,M.Hurst,00-0034746,2024,CLE,1
8436,M.Hyde,00-0030090,2016,GB,1
8437,M.Hyde,00-0030090,2017,BUF,2
8438,M.Hyde,00-0030090,2018,BUF,1
8439,M.Hyde,00-0030090,2020,BUF,3
8440,M.Ingram,00-0027966,2016,NO,3
8441,M.Ingram,00-0027966,2017,NO,1
8442,M.Ingram,00-0027966,2022,NO,1
8443,M.Ingram,00-0029249,2016,LAC,7
8444,M.Ingram,00-0029249,2017,LAC,7
8445,M.Ingram,00-0029249,2018,LAC,10
8446,M.Ingram,00-0029249,2019,LAC,3
8447,M.Ingram,00-0029249,2020,LAC,1
8448,M.Ingram,00-0029249,2021,KC,1
8449,M.Ingram,00-0029249,2021,PIT,2
8450,M.Ingram,00-0029249,2022,MIA,5
8451,M.Ingram II,00-0027966,2019,BAL,1
8452,M.Ingram III,00-0029249,2020,LAC,1
8453,M.Ioannidis,00-0032781,2016,WAS,1
8454,M.Ioannidis,00-0032781,2018,WAS,3
8455,M.Ioannidis,00-0032781,2019,WAS,3
8456,M.Ioannidis,00-0032781,2020,WAS,1
8457,M.Ioannidis,00-0032781,2021,WAS,2
8458,M.Ioannidis,00-0032781,2022,CAR,3
8459,M.Iupati,00-0027869,2016,ARI,3
8460,M.Iupati,00-0027869,2017,ARI,2
8461,M.Iupati,00-0027869,2018,ARI,2
8462,M.Iupati,00-0027869,2019,SEA,6
8463,M.Iupati,00-0027869,2020,SEA,5
8464,M.Jack,00-0032968,2016,JAX,4
8465,M.Jack,00-0032968,2017,JAX,4
8466,M.Jack,00-0032968,2018,JAX,2
8467,M.Jack,00-0032968,2019,JAX,5
8468,M.Jack,00-0032968,2020,JAX,7
8469,M.Jack,00-0032968,2021,JAX,1
8470,M.Jack,00-0032968,2022,PIT,1
8471,M.Jack,00-0032968,2023,PIT,2
8472,M.Jackson,00-0029568,2016,JAX,4
8473,M.Jackson,00-0029568,2017,JAX,5
8474,M.Jackson,00-0029568,2018,JAX,5
8475,M.Jackson,00-0029568,2020,PHI,8
8476,M.Jackson,00-0029568,2021,CLE,4
8477,M.Jackson,00-0035277,2022,SEA,4
8478,M.Jackson,00-0035277,2024,CAR,5
8479,M.Jackson,00-0035277,2025,CAR,2
8480,M.Jacquet,00-0035998,2020,PHI,1
8481,M.Jefferson,00-0034835,2018,CIN,1
8482,M.Jenkins,00-0026990,2016,PHI,4
8483,M.Jenkins,00-0026990,2017,PHI,1
8484,M.Jenkins,00-0026990,2018,PHI,1
8485,M.Jenkins,00-0026990,2019,PHI,4
8486,M.Jenkins,00-0026990,2020,NO,6
8487,M.Jenkins,00-0026990,2021,NO,2
8488,M.Jerrell,00-0039842,2024,SEA,4
8489,M.Johnson,00-0027044,2016,CIN,4
8490,M.Johnson,00-0027044,2017,CIN,1
8491,M.Johnson,00-0027044,2018,CIN,1
8492,M.Johnson,00-0032980,2018,IND,2
8493,M.Johnson,00-0032980,2019,IND,1
8494,M.Johnson,00-0032980,2021,TEN,1
8495,M.Johnson,00-0032980,2022,NYG,1
8496,M.Jones,00-0029293,2016,DET,1
8497,M.Jones,00-0029293,2017,DET,3
8498,M.Jones,00-0029293,2018,DET,4
8499,M.Jones,00-0029293,2019,DET,1
8500,M.Jones,00-0029293,2020,DET,1
8501,M.Jones,00-0029293,2021,JAX,3
8502,M.Jones,00-0031939,2016,WAS,1
8503,M.Jones,00-0036972,2021,NE,2
8504,M.Jones,00-0036972,2022,NE,4
8505,M.Jones,00-0036972,2024,JAX,2
8506,M.Jones,00-0036972,2025,SF,1
8507,M.Jones,00-0037253,2024,NE,2
8508,M.Jones,00-0037253,2025,NE,1
8509,M.Jones Jr.,00-0029293,2019,DET,1
8510,M.Jordan,00-0032676,2017,CLE,2
8511,M.Jordan,00-0035266,2019,CIN,5
8512,M.Jordan,00-0035266,2020,CIN,1
8513,M.Jordan,00-0035266,2021,CAR,3
8514,M.Jordan,00-0035266,2024,NE,2
8515,M.Jordan,00-0035266,2025,TB,1
8516,M.Judon,00-0032415,2016,BAL,6
8517,M.Judon,00-0032415,2017,BAL,6
8518,M.Judon,00-0032415,2018,BAL,7
8519,M.Judon,00-0032415,2019,BAL,3
8520,M.Judon,00-0032415,2020,BAL,8
8521,M.Judon,00-0032415,2021,NE,6
8522,M.Judon,00-0032415,2022,NE,3
8523,M.Judon,00-0032415,2024,ATL,5
8524,M.Judon,00-0032415,2025,MIA,2
8525,M.Jurgens,00-0039419,2025,MIN,2
8526,M.Kalil,00-0029687,2016,MIN,1
8527,M.Kalil,00-0029687,2017,CAR,7
8528,M.Kemp,00-0033481,2018,KC,1
8529,M.Kemp,00-0033481,2021,KC,1
8530,M.Kendricks,00-0029409,2017,PHI,1
8531,M.Kendricks,00-0029409,2019,SEA,3
8532,M.Killebrew,00-0032399,2017,DET,1
8533,M.Killebrew,00-0032399,2018,DET,2
8534,M.Killebrew,00-0032399,2019,DET,2
8535,M.Killebrew,00-0032399,2021,PIT,2
8536,M.Killebrew,00-0032399,2022,PIT,1
8537,M.Killebrew,00-0032399,2023,PIT,3
8538,M.Killebrew,00-0032399,2024,PIT,1
8539,M.King,00-0029123,2016,LV,3
8540,M.King,00-0029123,2017,LV,1
8541,M.Kinsey,00-0036176,2024,TEN,2
8542,M.Kiser,00-0034806,2018,LA,1
8543,M.Kiser,00-0034806,2020,LA,2
8544,M.Koonce,00-0036989,2022,LV,1
8545,M.Koonce,00-0036989,2025,LV,2
8546,M.Lattimore,00-0033874,2017,NO,6
8547,M.Lattimore,00-0033874,2018,NO,3
8548,M.Lattimore,00-0033874,2019,NO,5
8549,M.Lattimore,00-0033874,2020,NO,8
8550,M.Lattimore,00-0033874,2021,NO,5
8551,M.Lattimore,00-0033874,2022,NO,4
8552,M.Lattimore,00-0033874,2023,NO,4
8553,M.Lattimore,00-0033874,2024,NO,1
8554,M.Lattimore,00-0033874,2024,WAS,6
8555,M.Lattimore,00-0033874,2025,WAS,7
8556,M.Lee,00-0031431,2016,JAX,2
8557,M.Lee,00-0031431,2017,JAX,5
8558,M.Lee,00-0033956,2017,LV,1
8559,M.Lee,00-0033956,2018,LV,4
8560,M.Lee,00-0039426,2024,CIN,1
8561,M.Lengel,00-0031788,2018,CIN,2
8562,M.Lewis,00-0024243,2016,JAX,1
8563,M.Lewis,00-0024243,2017,JAX,5
8564,M.Lewis,00-0024243,2018,GB,2
8565,M.Lewis,00-0024243,2019,GB,1
8566,M.Lewis,00-0024243,2020,GB,3
8567,M.Lewis,00-0024243,2023,CHI,2
8568,M.Lewis,00-0024243,2024,CHI,4
8569,M.Lewis,00-0024243,2025,DEN,2
8570,M.Liufau,00-0039352,2024,DAL,2
8571,M.Liufau,00-0039352,2025,DAL,5
8572,M.Loewen,00-0032883,2019,NO,1
8573,M.Longacre,00-0031814,2016,LA,2
8574,M.Lynch,00-0025399,2017,LV,2
8575,M.Mapu,00-0039054,2023,NE,2
8576,M.Mapu,00-0039054,2024,NE,1
8577,M.Mapu,00-0039054,2025,NE,2
8578,M.Mariota,00-0032268,2016,TEN,3
8579,M.Mariota,00-0032268,2017,TEN,3
8580,M.Mariota,00-0032268,2018,TEN,1
8581,M.Mariota,00-0032268,2019,TEN,2
8582,M.Mariota,00-0032268,2025,WAS,3
8583,M.Martin,00-0031337,2016,SF,1
8584,M.Matavao,00-0040244,2025,NO,1
8585,M.Maye,00-0033892,2017,NYJ,3
8586,M.Maye,00-0033892,2020,NYJ,3
8587,M.Maye,00-0033892,2021,NYJ,2
8588,M.Maye,00-0033892,2022,NO,1
8589,M.Maye,00-0033892,2023,NO,1
8590,M.Mayer,00-0039066,2023,LV,3
8591,M.Mayer,00-0039066,2024,LV,2
8592,M.Mayer,00-0039066,2025,LV,1
8593,M.Mbow,00-0040181,2025,NYG,3
8594,M.McCants,00-0029302,2016,LV,1
8595,M.McCormick,00-0039358,2024,PIT,2
8596,M.McCormick,00-0039358,2025,PIT,1
8597,M.McCrary-Ball,00-0037526,2024,NYJ,1
8598,M.McCrary-Ball,00-0037526,2025,NYJ,1
8599,M.McDowell,00-0034019,2021,CLE,9
8600,M.McFadden,00-0037259,2022,NYG,2
8601,M.McGlinchey,00-0034847,2018,SF,2
8602,M.McGlinchey,00-0034847,2019,SF,7
8603,M.McGlinchey,00-0034847,2020,SF,5
8604,M.McGlinchey,00-0034847,2021,SF,5
8605,M.McGlinchey,00-0034847,2022,SF,8
8606,M.McGlinchey,00-0034847,2023,DEN,7
8607,M.McGlinchey,00-0034847,2024,DEN,5
8608,M.McGlinchey,00-0034847,2025,DEN,6
8609,M.McGloin,00-0030419,2016,LV,1
8610,M.McWilliams,00-0040071,2025,PHI,1
8611,M.Melton,00-0039807,2025,ARI,4
8612,M.Milano,00-0033571,2017,BUF,1
8613,M.Milano,00-0033571,2018,BUF,1
8614,M.Milano,00-0033571,2019,BUF,3
8615,M.Milano,00-0033571,2020,BUF,2
8616,M.Milano,00-0033571,2021,BUF,1
8617,M.Milano,00-0033571,2022,BUF,2
8618,M.Milano,00-0033571,2023,BUF,1
8619,M.Milano,00-0033571,2024,BUF,1
8620,M.Milano,00-0033571,2025,BUF,3
8621,M.Mims,00-0038976,2023,DEN,1
8622,M.Mims,00-0038976,2024,DEN,1
8623,M.Mitchell,00-0027023,2016,PIT,5
8624,M.Mitchell,00-0027023,2017,PIT,1
8625,M.Mitchell,00-0032400,2016,NE,2
8626,M.Mitchell,00-0038114,2022,NYJ,1
8627,M.Mitchell,00-0038114,2023,NYJ,1
8628,M.Mitchell,00-0038114,2024,NYJ,1
8629,M.Mitchell,00-0038114,2025,NYJ,1
8630,M.Moore,00-0025708,2016,MIA,1
8631,M.Moore,00-0040165,2025,NYJ,1
8632,M.Morgan,00-0028443,2016,SEA,1
8633,M.Morris,00-0038591,2025,SEA,1
8634,M.Morse,00-0031936,2016,KC,5
8635,M.Morse,00-0031936,2017,KC,1
8636,M.Morse,00-0031936,2018,KC,4
8637,M.Morse,00-0031936,2019,BUF,3
8638,M.Morse,00-0031936,2020,BUF,5
8639,M.Morse,00-0031936,2021,BUF,3
8640,M.Morse,00-0031936,2022,BUF,2
8641,M.Morse,00-0031936,2023,BUF,4
8642,M.Morse,00-0031936,2024,JAX,3
8643,M.Moses,00-0031330,2016,WAS,7
8644,M.Moses,00-0031330,2017,WAS,5
8645,M.Moses,00-0031330,2018,WAS,14
8646,M.Moses,00-0031330,2019,WAS,9
8647,M.Moses,00-0031330,2020,WAS,6
8648,M.Moses,00-0031330,2021,NYJ,3
8649,M.Moses,00-0031330,2022,BAL,8
8650,M.Moses,00-0031330,2023,BAL,4
8651,M.Moses,00-0031330,2024,NYJ,6
8652,M.Moses,00-0031330,2025,NE,6
8653,M.Murphy,00-0031959,2018,BUF,1
8654,M.Murphy,00-0038546,2023,CIN,1
8655,M.Murphy,00-0038546,2025,CIN,2
8656,M.Nabers,00-0039337,2024,NYG,5
8657,M.Nelson,00-0035328,2020,DET,2
8658,M.Nelson,00-0035328,2022,DET,2
8659,M.Nelson,00-0035328,2023,DET,1
8660,M.Newhouse,00-0027768,2016,NYG,5
8661,M.Newhouse,00-0027768,2017,LV,4
8662,M.Newhouse,00-0027768,2018,BUF,2
8663,M.Newhouse,00-0027768,2018,CAR,2
8664,M.Newhouse,00-0027768,2019,NE,1
8665,M.Newhouse,00-0027768,2020,TEN,1
8666,M.Nicholson,00-0033527,2017,WAS,1
8667,M.Nicholson,00-0033527,2018,WAS,4
8668,M.Nicholson,00-0033527,2019,WAS,4
8669,M.Niese,00-0037385,2024,DET,1
8670,M.Njongmeta,00-0039637,2024,CIN,1
8671,M.Njongmeta,00-0039637,2025,CAR,1
8672,M.Norris,00-0039453,2024,DET,1
8673,M.Nzeocha,00-0031961,2018,SF,4
8674,M.Nzeocha,00-0031961,2019,SF,2
8675,M.Nzeocha,00-0031961,2021,SF,1
8676,M.Oher,00-0026999,2016,CAR,1
8677,M.Ojemudia,00-0036390,2020,DEN,4
8678,M.Ojomo,00-0038412,2024,PHI,5
8679,M.Ojomo,00-0038412,2025,PHI,2
8680,M.Onwenu,00-0036198,2020,NE,1
8681,M.Onwenu,00-0036198,2021,NE,3
8682,M.Onwenu,00-0036198,2022,NE,2
8683,M.Onwenu,00-0036198,2023,NE,4
8684,M.Onwenu,00-0036198,2024,NE,4
8685,M.Onwenu,00-0036198,2025,NE,3
8686,M.Orzech,00-0035118,2025,GB,1
8687,M.Overton,00-0027187,2017,JAX,1
8688,M.Overton,00-0027187,2018,JAX,1
8689,M.Palardy,00-0031363,2017,CAR,1
8690,M.Paradis,00-0031349,2016,DEN,3
8691,M.Paradis,00-0031349,2017,DEN,1
8692,M.Paradis,00-0031349,2018,DEN,2
8693,M.Paradis,00-0031349,2019,CAR,3
8694,M.Paradis,00-0031349,2020,CAR,1
8695,M.Paradis,00-0031349,2021,CAR,1
8696,M.Parsons,00-0036932,2021,DAL,4
8697,M.Parsons,00-0036932,2022,DAL,5
8698,M.Parsons,00-0036932,2023,DAL,6
8699,M.Parsons,00-0036932,2024,DAL,8
8700,M.Parsons,00-0036932,2025,GB,6
8701,M.Peart,00-0036392,2021,NYG,3
8702,M.Peart,00-0036392,2022,NYG,2
8703,M.Peart,00-0036392,2023,NYG,1
8704,M.Peart,00-0036392,2025,DEN,3
8705,M.Penix,00-0039917,2025,ATL,3
8706,M.Pennel,00-0030757,2017,NYJ,4
8707,M.Pennel,00-0030757,2018,NYJ,3
8708,M.Pennel,00-0030757,2021,ATL,2
8709,M.Pennel,00-0030757,2022,CHI,2
8710,M.Pennel,00-0030757,2024,KC,1
8711,M.Person,00-0028177,2017,IND,1
8712,M.Person,00-0028177,2018,SF,5
8713,M.Person,00-0028177,2019,SF,2
8714,M.Peters,00-0032165,2016,KC,5
8715,M.Peters,00-0032165,2017,KC,8
8716,M.Peters,00-0032165,2018,LA,6
8717,M.Peters,00-0032165,2019,BAL,1
8718,M.Peters,00-0032165,2019,LA,1
8719,M.Peters,00-0032165,2020,BAL,6
8720,M.Peters,00-0032165,2022,BAL,7
8721,M.Peters,00-0032165,2023,LV,3
8722,M.Pierce,00-0032574,2016,BAL,1
8723,M.Pierce,00-0032574,2017,BAL,1
8724,M.Pierce,00-0032574,2019,BAL,2
8725,M.Pierce,00-0032574,2023,BAL,1
8726,M.Pittman,00-0036252,2020,IND,8
8727,M.Pittman,00-0036252,2021,IND,4
8728,M.Pittman,00-0036252,2022,IND,1
8729,M.Pittman,00-0036252,2023,IND,8
8730,M.Pittman,00-0036252,2024,IND,4
8731,M.Pittman,00-0036252,2025,IND,2
8732,M.Pouncey,00-0027870,2016,PIT,2
8733,M.Pouncey,00-0027870,2017,PIT,3
8734,M.Pouncey,00-0027870,2018,PIT,5
8735,M.Pouncey,00-0027870,2019,PIT,3
8736,M.Pouncey,00-0027870,2020,PIT,1
8737,M.Pouncey,00-0027953,2016,MIA,1
8738,M.Pouncey,00-0027953,2017,MIA,8
8739,M.Pouncey,00-0027953,2018,LAC,7
8740,M.Prater,00-0023853,2024,ARI,1
8741,M.Prater,00-0023853,2025,BUF,1
8742,M.Pruitt,00-0031585,2019,TEN,2
8743,M.Pruitt,00-0031585,2020,TEN,1
8744,M.Pruitt,00-0031585,2022,ATL,1
8745,M.Pruitt,00-0031585,2023,ATL,3
8746,M.Pryor,00-0034417,2019,PHI,1
8747,M.Pryor,00-0034417,2020,PHI,7
8748,M.Pryor,00-0034417,2021,IND,6
8749,M.Pryor,00-0034417,2022,IND,5
8750,M.Pryor,00-0034417,2023,SF,1
8751,M.Pryor,00-0034417,2024,CHI,4
8752,M.Purcell,00-0029890,2019,DEN,4
8753,M.Purcell,00-0029890,2021,DEN,1
8754,M.Purcell,00-0029890,2022,DEN,2
8755,M.Purcell,00-0029890,2023,DEN,2
8756,M.Rankin,00-0034824,2018,HOU,5
8757,M.Reed,00-0034954,2019,DEN,2
8758,M.Reed,00-0034954,2020,DEN,2
8759,M.Remmers,00-0029164,2016,CAR,11
8760,M.Remmers,00-0029164,2017,MIN,7
8761,M.Remmers,00-0029164,2018,MIN,7
8762,M.Remmers,00-0029164,2019,NYG,5
8763,M.Remmers,00-0029164,2020,KC,5
8764,M.Remmers,00-0029164,2021,KC,1
8765,M.Remmers,00-0029164,2022,NYJ,2
8766,M.Rice,00-0037000,2021,TEN,1
8767,M.Rice,00-0037000,2022,TEN,1
8768,M.Rice,00-0037000,2023,TEN,2
8769,M.Rice,00-0037000,2025,DET,1
8770,M.Rios,00-0033671,2017,DEN,1
8771,M.Rivera,00-0030514,2016,LV,1
8772,M.Roach,00-0035763,2020,NO,2
8773,M.Roach,00-0035763,2021,NO,1
8774,M.Roach,00-0035763,2022,NO,2
8775,M.Roach,00-0035763,2024,DEN,1
8776,M.Roach,00-0035763,2025,DEN,2
8777,M.Roberson,00-0030982,2016,BUF,1
8778,M.Roberts,00-0033559,2018,DET,1
8779,M.Robinson,00-0037316,2023,PIT,2
8780,M.Robinson,00-0037316,2024,PIT,2
8781,M.Robinson,00-0037316,2025,NYJ,2
8782,M.Rudolph,00-0034771,2019,PIT,1
8783,M.Rudolph,00-0034771,2024,TEN,1
8784,M.Ryan,00-0026143,2016,ATL,1
8785,M.Ryan,00-0026143,2017,ATL,2
8786,M.Ryan,00-0026143,2018,ATL,1
8787,M.Ryan,00-0026143,2019,ATL,1
8788,M.Ryan,00-0026143,2020,ATL,2
8789,M.Ryan,00-0026143,2021,ATL,5
8790,M.Ryan,00-0026143,2022,IND,1
8791,M.Sainristil,00-0039898,2024,WAS,4
8792,M.Sainristil,00-0039898,2025,WAS,2
8793,M.Sanders,00-0035243,2019,PHI,1
8794,M.Sanders,00-0035243,2021,PHI,1
8795,M.Sanders,00-0037751,2022,ARI,1
8796,M.Sanu,00-0029632,2016,ATL,2
8797,M.Sanu,00-0029632,2017,ATL,2
8798,M.Sanu,00-0029632,2018,ATL,2
8799,M.Sanu,00-0029632,2020,DET,1
8800,M.Sanu,00-0029632,2021,SF,2
8801,M.Scharping,00-0035245,2019,HOU,5
8802,M.Scharping,00-0035245,2020,HOU,2
8803,M.Scharping,00-0035245,2021,HOU,3
8804,M.Scharping,00-0035245,2022,CIN,2
8805,M.Schofield,00-0031353,2016,DEN,5
8806,M.Schofield,00-0031353,2017,LAC,2
8807,M.Schofield,00-0031353,2018,LAC,1
8808,M.Schofield,00-0031353,2019,LAC,1
8809,M.Schofield,00-0031353,2020,CAR,2
8810,M.Schofield,00-0031353,2021,LAC,2
8811,M.Schofield,00-0031353,2022,CHI,2
8812,M.Schreck,00-0033798,2018,CIN,1
8813,M.Schwartz,00-0029253,2016,KC,7
8814,M.Schwartz,00-0029253,2017,KC,4
8815,M.Schwartz,00-0029253,2018,KC,4
8816,M.Schwartz,00-0029253,2019,KC,5
8817,M.Schwartz,00-0029253,2020,KC,1
8818,M.Sigle,00-0040185,2025,SF,4
8819,M.Skura,00-0032575,2018,BAL,4
8820,M.Skura,00-0032575,2019,BAL,2
8821,M.Skura,00-0032575,2020,BAL,3
8822,M.Skura,00-0032575,2021,NYG,4
8823,M.Skura,00-0032575,2022,LA,2
8824,M.Slater,00-0026293,2016,NE,1
8825,M.Slater,00-0026293,2019,NE,2
8826,M.Slater,00-0026293,2020,NE,1
8827,M.Slater,00-0026293,2021,NE,1
8828,M.Slater,00-0026293,2023,NE,2
8829,M.Slauson,00-0026500,2016,LAC,1
8830,M.Slauson,00-0026500,2017,LAC,2
8831,M.Slauson,00-0026500,2018,IND,1
8832,M.Smith,00-0028180,2016,LV,7
8833,M.Smith,00-0028180,2018,SF,2
8834,M.Smith,00-0028180,2021,CLE,2
8835,M.Smith,00-0031371,2016,PHI,2
8836,M.Smith,00-0033415,2017,MIA,2
8837,M.Smith,00-0038545,2024,DAL,2
8838,M.Smith,00-0039889,2025,JAX,4
8839,M.Sokol,00-0035436,2020,LAC,1
8840,M.Spaight,00-0031945,2016,WAS,2
8841,M.Spaight,00-0031945,2017,WAS,1
8842,M.Spaight,00-0031945,2018,MIA,1
8843,M.Stafford,00-0026498,2016,DET,5
8844,M.Stafford,00-0026498,2017,DET,1
8845,M.Stafford,00-0026498,2020,DET,2
8846,M.Stafford,00-0026498,2021,LA,2
8847,M.Stafford,00-0026498,2022,LA,1
8848,M.Stafford,00-0026498,2023,LA,3
8849,M.Stafford,00-0026498,2024,LA,1
8850,M.Stafford,00-0026498,2025,LA,1
8851,M.Starks,00-0040688,2025,BAL,1
8852,M.Stewart,00-0034355,2019,TB,1
8853,M.Stewart,00-0034355,2021,CLE,3
8854,M.Stewart,00-0034355,2023,HOU,1
8855,M.Stewart,00-0034355,2024,HOU,5
8856,M.Stewart,00-0034355,2025,HOU,1
8857,M.Stewart Jr.,00-0034355,2020,CLE,3
8858,M.Strachan,00-0036482,2022,IND,1
8859,M.Sweat,00-0035647,2019,WAS,3
8860,M.Sweat,00-0035647,2020,WAS,10
8861,M.Sweat,00-0035647,2021,WAS,2
8862,M.Sweat,00-0035647,2022,WAS,4
8863,M.Sweat,00-0035647,2023,WAS,1
8864,M.Sweat,00-0035647,2024,CHI,4
8865,M.Sweat,00-0035647,2025,CHI,1
8866,M.Taylor,00-0035480,2021,GB,1
8867,M.Taylor,00-0040736,2025,NYJ,2
8868,M.Te'o,00-0030278,2017,NO,1
8869,M.Tell III,00-0035534,2019,IND,2
8870,M.Thomas,00-0028908,2016,MIA,3
8871,M.Thomas,00-0028908,2017,MIA,1
8872,M.Thomas,00-0028908,2018,NYG,2
8873,M.Thomas,00-0028908,2019,NYG,4
8874,M.Thomas,00-0028908,2020,HOU,1
8875,M.Thomas,00-0032765,2016,NO,1
8876,M.Thomas,00-0032765,2017,NO,2
8877,M.Thomas,00-0032765,2018,NO,3
8878,M.Thomas,00-0032765,2019,NO,6
8879,M.Thomas,00-0032765,2022,NO,1
8880,M.Thomas,00-0032765,2023,NO,1
8881,M.Thomas,00-0033114,2016,LA,1
8882,M.Thomas,00-0033114,2017,LA,2
8883,M.Thomas,00-0033114,2019,LA,2
8884,M.Thomas,00-0033114,2020,CIN,2
8885,M.Thomas,00-0033114,2021,CIN,1
8886,M.Thomas,00-0034341,2018,PIT,1
8887,M.Tinsley,00-0038839,2025,CIN,1
8888,M.Tobin,00-0030149,2016,PHI,1
8889,M.Tobin,00-0030149,2017,SEA,2
8890,M.Trubisky,00-0033869,2017,CHI,6
8891,M.Trubisky,00-0033869,2018,CHI,2
8892,M.Turner,00-0034867,2018,SEA,1
8893,M.Turner,00-0034867,2019,SEA,1
8894,M.Unger,00-0027025,2016,NO,1
8895,M.Unger,00-0027025,2018,NO,1
8896,M.Valdes-Scantling,00-0034272,2019,GB,1
8897,M.Valdes-Scantling,00-0034272,2020,GB,3
8898,M.Valdes-Scantling,00-0034272,2022,KC,1
8899,M.Valdes-Scantling,00-0034272,2023,KC,2
8900,M.Valdes-Scantling,00-0034272,2025,PIT,1
8901,M.Waletzko,00-0037266,2024,DAL,1
8902,M.Walker,00-0035374,2019,JAX,1
8903,M.Walker,00-0036300,2020,ATL,1
8904,M.Walker,00-0036300,2023,PIT,1
8905,M.Wallace,00-0026901,2016,BAL,2
8906,M.Wallace,00-0026901,2017,BAL,1
8907,M.Walton,00-0034679,2018,CIN,1
8908,M.Washington,00-0039880,2024,MIA,1
8909,M.Washington,00-0039880,2025,MIA,2
8910,M.Watson,00-0030579,2016,LV,5
8911,M.Watson,00-0030579,2017,DEN,2
8912,M.Watts,00-0038958,2023,TB,1
8913,M.Wax,00-0040460,2025,LAC,2
8914,M.Webb,00-0036665,2021,LAC,1
8915,M.Wheaton,00-0030460,2017,CHI,1
8916,M.Wilcox,00-0035771,2023,CIN,2
8917,M.Wilhoite,00-0028836,2017,SEA,3
8918,M.Wilkerson,00-0027968,2016,NYJ,3
8919,M.Wilkerson,00-0027968,2017,NYJ,4
8920,M.Wilkerson,00-0027968,2018,GB,1
8921,M.Williams,00-0031151,2016,NYJ,1
8922,M.Williams,00-0031151,2017,HOU,3
8923,M.Williams,00-0031151,2018,TB,1
8924,M.Williams,00-0031558,2016,BAL,1
8925,M.Williams,00-0031558,2017,BAL,1
8926,M.Williams,00-0031558,2018,BAL,3
8927,M.Williams,00-0031558,2019,ARI,2
8928,M.Williams,00-0031558,2020,ARI,1
8929,M.Williams,00-0031558,2021,ARI,1
8930,M.Williams,00-0031558,2022,ARI,1
8931,M.Williams,00-0033536,2018,LAC,1
8932,M.Williams,00-0033536,2019,LAC,2
8933,M.Williams,00-0033536,2020,LAC,2
8934,M.Williams,00-0033536,2021,LAC,1
8935,M.Williams,00-0033536,2024,PIT,1
8936,M.Williams,00-0033894,2017,NO,2
8937,M.Williams,00-0033894,2018,NO,1
8938,M.Williams,00-0033894,2019,NO,2
8939,M.Williams,00-0033894,2020,NO,3
8940,M.Williams,00-0033894,2023,BAL,2
8941,M.Williams,00-0033894,2024,BAL,1
8942,M.Williams,00-0036916,2021,PHI,3
8943,M.Williams,00-0036916,2023,PHI,1
8944,M.Williams,00-0036916,2024,PHI,4
8945,M.Williams,00-0040660,2025,SF,2
8946,M.Wilson,00-0035144,2019,CLE,2
8947,M.Wilson,00-0035144,2020,CLE,1
8948,M.Wilson,00-0035144,2022,NE,2
8949,M.Wilson,00-0035144,2023,NE,1
8950,M.Wilson,00-0036884,2021,ARI,6
8951,M.Wilson,00-0036884,2022,ARI,4
8952,M.Wilson,00-0036884,2024,CIN,2
8953,M.Wilson,00-0036884,2024,NE,2
8954,M.Wilson,00-0038559,2025,ARI,1
8955,M.Wingo,00-0039396,2025,DET,1
8956,M.Wishnowsky,00-0034941,2019,SF,1
8957,M.Wishnowsky,00-0034941,2023,SF,1
8958,M.Woods,00-0037300,2024,CLE,1
8959,M.Wright,00-0035189,2024,TEN,1
8960,M.Yanda,00-0025473,2016,BAL,3
8961,M.Yanda,00-0025473,2018,BAL,2
8962,M.Yanda,00-0025473,2019,BAL,1
8963,Ma.Wilson,00-0035144,2024,ARI,1
8964,Ma.Wilson,00-0035144,2025,ARI,1
8965,Ma.Wilson,00-0036884,2023,ARI,4
8966,Mi.Carter,00-0036924,2021,NYJ,2
8967,Mi.Carter,00-0036924,2022,NYJ,1
8968,Mi.Carter,00-0036924,2023,NYJ,2
8969,Mi.Thomas,00-0033114,2022,CIN,1
8970,Mi.Wilson,00-0038559,2023,ARI,2
8971,Mi.Wilson,00-0038559,2024,ARI,4
8972,N.Adderley,00-0035677,2020,LAC,2
8973,N.Adderley,00-0035677,2021,LAC,1
8974,N.Adkins,00-0038783,2023,DEN,1
8975,N.Adkins,00-0038783,2024,DEN,1
8976,N.Agholor,00-0031549,2018,PHI,2
8977,N.Agholor,00-0031549,2024,BAL,1
8978,N.Allegretti,00-0035149,2020,KC,4
8979,N.Allegretti,00-0035149,2022,KC,1
8980,N.Allegretti,00-0035149,2024,WAS,6
8981,N.Allegretti,00-0035149,2025,WAS,3
8982,N.Bawden,00-0034433,2019,DET,1
8983,N.Bawden,00-0034433,2021,NYJ,1
8984,N.Bawden,00-0034433,2023,NYJ,2
8985,N.Bellore,00-0028292,2016,SF,1
8986,N.Bellore,00-0028292,2018,DET,1
8987,N.Bellore,00-0028292,2019,SEA,1
8988,N.Bellore,00-0028292,2020,SEA,1
8989,N.Bellore,00-0028292,2024,WAS,1
8990,N.Berhe,00-0031070,2017,NYG,1
8991,N.Berhe,00-0031070,2018,PIT,1
8992,N.Bolton,00-0036621,2022,KC,3
8993,N.Bolton,00-0036621,2023,KC,1
8994,N.Bolton,00-0036621,2024,KC,3
8995,N.Bolton,00-0036621,2025,KC,1
8996,N.Bonitto,00-0037249,2022,DEN,1
8997,N.Bonitto,00-0037249,2023,DEN,1
8998,N.Bonitto,00-0037249,2024,DEN,5
8999,N.Bonitto,00-0037249,2025,DEN,8
9000,N.Bosa,00-0035717,2019,SF,3
9001,N.Bosa,00-0035717,2022,SF,5
9002,N.Bosa,00-0035717,2023,SF,6
9003,N.Bosa,00-0035717,2024,SF,3
9004,N.Bowman,00-0027894,2016,SF,1
9005,N.Bowman,00-0027894,2017,LV,3
9006,N.Boyle,00-0031598,2016,BAL,2
9007,N.Boyle,00-0031598,2017,BAL,5
9008,N.Boyle,00-0031598,2018,BAL,4
9009,N.Boyle,00-0031598,2019,BAL,7
9010,N.Boyle,00-0031598,2020,BAL,2
9011,N.Bradham,00-0029272,2016,PHI,3
9012,N.Bradham,00-0029272,2017,PHI,5
9013,N.Bradham,00-0029272,2018,PHI,3
9014,N.Brooks,00-0035485,2019,MIA,2
9015,N.Brooks,00-0035485,2020,BAL,1
9016,N.Brooks,00-0038966,2024,ATL,2
9017,N.Brown,00-0033591,2018,DAL,4
9018,N.Brown,00-0033591,2021,DAL,1
9019,N.Brown,00-0033591,2022,DAL,2
9020,N.Brown,00-0033591,2023,HOU,1
9021,N.Brown,00-0033591,2025,WAS,1
9022,N.Capi,00-0031982,2017,NYG,1
9023,N.Carroll,00-0027744,2016,PHI,8
9024,N.Chubb,00-0034791,2018,CLE,1
9025,N.Chubb,00-0034791,2019,CLE,1
9026,N.Collins,00-0036554,2021,HOU,1
9027,N.Collins,00-0036554,2024,HOU,2
9028,N.Collins,00-0036554,2025,HOU,2
9029,N.Cross,00-0037616,2022,IND,2
9030,N.Cross,00-0037616,2023,IND,1
9031,N.Cross,00-0037616,2024,IND,2
9032,N.Cross,00-0037616,2025,IND,2
9033,N.Davis,00-0035649,2019,TEN,8
9034,N.Davis,00-0035649,2020,TEN,6
9035,N.Davis,00-0035649,2021,TEN,3
9036,N.Davis,00-0035649,2022,TEN,2
9037,N.Davis,00-0035649,2023,CHI,1
9038,N.Davis,00-0035649,2024,CHI,2
9039,N.Dawkins,00-0035549,2019,TB,2
9040,N.Dean,00-0037615,2023,PHI,1
9041,N.Dean,00-0037615,2024,PHI,1
9042,N.Dean,00-0037615,2025,PHI,2
9043,N.Dzubnar,00-0032081,2017,LAC,2
9044,N.Dzubnar,00-0032081,2018,LAC,3
9045,N.Dzubnar,00-0032081,2019,LAC,1
9046,N.Dzubnar,00-0032081,2020,TEN,2
9047,N.Dzubnar,00-0032081,2021,TEN,3
9048,N.Easton,00-0031765,2016,MIN,1
9049,N.Easton,00-0031765,2017,MIN,7
9050,N.Easton,00-0031765,2019,NO,2
9051,N.Easton,00-0031765,2020,NO,1
9052,N.Ebner,00-0029570,2016,NE,1
9053,N.Ebner,00-0029570,2017,NE,1
9054,N.Ebner,00-0029570,2018,NE,1
9055,N.Ebner,00-0029570,2019,NE,1
9056,N.Emmanwori,00-0040733,2025,SEA,2
9057,N.Fairley,00-0027951,2016,NO,4
9058,N.Fant,00-0035644,2019,DEN,8
9059,N.Fant,00-0035644,2020,DEN,4
9060,N.Fant,00-0035644,2021,DEN,8
9061,N.Fant,00-0035644,2022,SEA,2
9062,N.Fant,00-0035644,2023,SEA,3
9063,N.Fant,00-0035644,2025,CIN,3
9064,N.Farrell,00-0038093,2024,MIA,1
9065,N.Foles,00-0029567,2017,PHI,1
9066,N.Foles,00-0029567,2019,JAX,1
9067,N.Foles,00-0029567,2020,CHI,1
9068,N.Gallimore,00-0036366,2021,DAL,1
9069,N.Gallimore,00-0036366,2022,DAL,1
9070,N.Gallimore,00-0036366,2023,DAL,1
9071,N.Gallimore,00-0036366,2025,IND,1
9072,N.Gates,00-0034445,2020,NYG,4
9073,N.Gates,00-0034445,2022,NYG,3
9074,N.Gates,00-0034445,2023,WAS,3
9075,N.Gates,00-0034445,2024,PHI,1
9076,N.Gerry,00-0033577,2018,PHI,1
9077,N.Gerry,00-0033577,2020,PHI,1
9078,N.Goode,00-0029418,2016,PHI,3
9079,N.Goode,00-0029418,2017,PHI,4
9080,N.Goode,00-0029418,2018,IND,2
9081,N.Gray,00-0036637,2022,KC,2
9082,N.Gray,00-0036637,2024,KC,2
9083,N.Gray,00-0036637,2025,KC,2
9084,N.Grigsby,00-0032674,2016,LA,2
9085,N.Grigsby,00-0032674,2017,NE,1
9086,N.Grigsby,00-0032674,2018,DET,1
9087,N.Hairston,00-0033568,2017,IND,2
9088,N.Hairston,00-0033568,2018,IND,1
9089,N.Hairston,00-0033568,2019,NYJ,3
9090,N.Hairston,00-0033568,2020,NYJ,2
9091,N.Hairston,00-0033568,2021,DEN,1
9092,N.Hampton,00-0039076,2023,LA,1
9093,N.Harris,00-0036236,2020,CLE,1
9094,N.Harris,00-0036236,2021,CLE,1
9095,N.Harris,00-0036236,2023,CLE,1
9096,N.Harris,00-0036236,2024,CLE,1
9097,N.Harris,00-0036893,2022,PIT,1
9098,N.Harris,00-0036893,2024,PIT,1
9099,N.Harry,00-0035624,2020,NE,3
9100,N.Herbig,00-0035383,2020,PHI,6
9101,N.Herbig,00-0035383,2021,PHI,3
9102,N.Herbig,00-0035383,2022,NYJ,3
9103,N.Herbig,00-0038577,2025,PIT,5
9104,N.Hewitt,00-0031740,2016,MIA,3
9105,N.Hewitt,00-0031740,2017,MIA,1
9106,N.Hewitt,00-0031740,2019,NYJ,2
9107,N.Hewitt,00-0031740,2021,HOU,1
9108,N.Hewitt,00-0031740,2023,HOU,2
9109,N.Hewitt,00-0031740,2024,HOU,1
9110,N.Hewitt,00-0031740,2025,NYG,1
9111,N.Hines,00-0034367,2018,IND,1
9112,N.Hines,00-0034367,2020,IND,1
9113,N.Hobbs,00-0036871,2021,LV,4
9114,N.Hobbs,00-0036871,2022,LV,4
9115,N.Hobbs,00-0036871,2023,LV,3
9116,N.Hobbs,00-0036871,2025,GB,2
9117,N.Igbinoghene,00-0036287,2020,MIA,1
9118,N.Igbinoghene,00-0036287,2021,MIA,1
9119,N.Igbinoghene,00-0036287,2022,MIA,3
9120,N.Igbinoghene,00-0036287,2024,WAS,8
9121,N.Igbinoghene,00-0036287,2025,WAS,4
9122,N.Jamerson,00-0034398,2018,HOU,1
9123,N.Jamerson,00-0034398,2019,CAR,1
9124,N.Jamerson,00-0034398,2020,CAR,4
9125,N.Jensen,00-0038775,2023,CAR,1
9126,N.Johnson,00-0037198,2024,KC,1
9127,N.Jones,00-0033934,2017,SEA,1
9128,N.Jones,00-0033934,2018,SEA,2
9129,N.Jones,00-0036695,2021,TEN,1
9130,N.Jones,00-0036695,2023,ARI,2
9131,N.Jones,00-0036695,2025,HOU,1
9132,N.Jones,00-0036695,2025,LAC,2
9133,N.Jones,00-0038986,2023,KC,1
9134,N.Jones,00-0038986,2025,NYG,1
9135,N.Kallerup,00-0040058,2025,SEA,2
9136,N.Keizer,00-0034192,2020,KC,1
9137,N.Kwiatkoski,00-0032773,2017,CHI,1
9138,N.Kwiatkoski,00-0032773,2018,CHI,1
9139,N.Kwiatkoski,00-0032773,2019,CHI,1
9140,N.Kwiatkoski,00-0032773,2020,LV,3
9141,N.Landman,00-0037587,2023,ATL,1
9142,N.Landman,00-0037587,2024,ATL,1
9143,N.Landman,00-0037587,2025,LA,1
9144,N.Lawson,00-0031176,2016,DET,6
9145,N.Lawson,00-0031176,2017,DET,7
9146,N.Lawson,00-0031176,2018,DET,11
9147,N.Lawson,00-0031176,2019,LV,7
9148,N.Lawson,00-0031176,2020,LV,5
9149,N.Lawson,00-0031176,2021,JAX,2
9150,N.Leverett,00-0036105,2021,TB,1
9151,N.Leverett,00-0036105,2022,TB,2
9152,N.Leverett,00-0036105,2023,TB,1
9153,N.Leverett,00-0036105,2024,NE,2
9154,N.Madubuike,00-0036130,2024,BAL,6
9155,N.Madubuike,00-0036130,2025,BAL,1
9156,N.Marshall,00-0031733,2016,NYJ,1
9157,N.Martin,00-0032969,2017,HOU,3
9158,N.Martin,00-0032969,2018,HOU,2
9159,N.Martin,00-0032969,2019,HOU,3
9160,N.Martin,00-0032969,2020,HOU,4
9161,N.Martin,00-0032969,2021,LV,1
9162,N.Martin,00-0032969,2022,WAS,3
9163,N.McCloud,00-0036589,2022,NYG,3
9164,N.McCloud,00-0036589,2024,SF,1
9165,N.McCloud,00-0036589,2025,CHI,4
9166,N.Moore,00-0035408,2021,BAL,2
9167,N.Moore,00-0035408,2024,BAL,1
9168,N.Morrow,00-0033445,2017,LV,4
9169,N.Morrow,00-0033445,2019,LV,2
9170,N.Morrow,00-0033445,2020,LV,3
9171,N.Morrow,00-0033445,2023,PHI,2
9172,N.Mullens,00-0033319,2020,SF,1
9173,N.Mullens,00-0033319,2023,MIN,1
9174,N.Muti,00-0036399,2022,DEN,1
9175,N.Needham,00-0035346,2019,MIA,6
9176,N.Needham,00-0035346,2020,MIA,6
9177,N.Needham,00-0035346,2021,MIA,1
9178,N.Needham,00-0035346,2022,MIA,1
9179,N.Needham,00-0035346,2023,MIA,1
9180,N.Nelson,00-0034767,2018,LV,2
9181,N.Niemann,00-0036648,2021,LAC,2
9182,N.O'Leary,00-0032117,2016,BUF,1
9183,N.O'Leary,00-0032117,2017,BUF,2
9184,N.Orchard,00-0031556,2016,CLE,1
9185,N.Orchard,00-0031556,2017,CLE,2
9186,N.Orchard,00-0031556,2018,BUF,1
9187,N.Orchard,00-0031556,2021,WAS,1
9188,N.Palmer,00-0030104,2016,TEN,1
9189,N.Patrick,00-0035615,2019,LA,1
9190,N.Patrick,00-0035615,2020,LA,1
9191,N.Paul,00-0028093,2016,WAS,1
9192,N.Paul,00-0028093,2017,WAS,2
9193,N.Perry,00-0029408,2016,GB,3
9194,N.Perry,00-0029408,2017,GB,2
9195,N.Perry,00-0029408,2018,GB,1
9196,N.Peterman,00-0033958,2017,BUF,1
9197,N.Peterman,00-0033958,2018,BUF,1
9198,N.Petit-Frere,00-0037754,2022,TEN,8
9199,N.Petit-Frere,00-0037754,2023,TEN,2
9200,N.Petit-Frere,00-0037754,2024,TEN,8
9201,N.Pritchett,00-0039795,2024,SEA,1
9202,N.Pritchett,00-0039795,2025,SEA,1
9203,N.Remigio,00-0038519,2025,KC,1
9204,N.Robey,00-0030041,2017,LA,3
9205,N.Robey,00-0030041,2018,LA,3
9206,N.Robey,00-0030041,2019,LA,2
9207,N.Robey,00-0030041,2020,PHI,3
9208,N.Robey,00-0030041,2021,DET,1
9209,N.Robey-Coleman,00-0030041,2016,BUF,3
9210,N.Scott,00-0035669,2021,LA,3
9211,N.Scott,00-0035669,2023,CIN,1
9212,N.Scott,00-0035669,2024,CAR,1
9213,N.Scott,00-0035669,2025,CAR,4
9214,N.Sewell,00-0037544,2024,NO,1
9215,N.Sewell,00-0037544,2025,NO,1
9216,N.Sewell,00-0038390,2024,CHI,1
9217,N.Sewell,00-0038390,2025,CHI,3
9218,N.Shepherd,00-0034760,2018,NYJ,1
9219,N.Shepherd,00-0034760,2019,NYJ,1
9220,N.Shepherd,00-0034760,2020,NYJ,2
9221,N.Shepherd,00-0034760,2021,NYJ,7
9222,N.Shepherd,00-0034760,2022,NYJ,2
9223,N.Shepherd,00-0034760,2023,NO,2
9224,N.Shepherd,00-0034760,2024,NO,2
9225,N.Shepherd,00-0034760,2025,NO,3
9226,N.Silvera,00-0038634,2024,LV,1
9227,N.Smith,00-0039013,2023,PHI,2
9228,N.Smith,00-0039013,2024,PHI,2
9229,N.Smith,00-0039013,2025,PHI,2
9230,N.Solder,00-0027955,2016,NE,5
9231,N.Solder,00-0027955,2017,NE,9
9232,N.Solder,00-0027955,2018,NYG,4
9233,N.Solder,00-0027955,2019,NYG,4
9234,N.Solder,00-0027955,2021,NYG,4
9235,N.Spence,00-0032952,2016,TB,1
9236,N.Spence,00-0032952,2018,TB,1
9237,N.Sterling,00-0032120,2016,JAX,3
9238,N.Sterling,00-0032120,2017,NYJ,1
9239,N.Sterling,00-0032120,2018,NYJ,1
9240,N.Stupar,00-0029629,2016,NO,3
9241,N.Stupar,00-0029629,2018,NYG,3
9242,N.Sudfeld,00-0032792,2017,PHI,1
9243,N.Suh,00-0027855,2016,MIA,8
9244,N.Suh,00-0027855,2017,MIA,7
9245,N.Suh,00-0027855,2018,LA,7
9246,N.Suh,00-0027855,2019,TB,5
9247,N.Suh,00-0027855,2020,TB,8
9248,N.Suh,00-0027855,2021,TB,4
9249,N.Suh,00-0027855,2022,PHI,1
9250,N.Sundberg,00-0026714,2017,WAS,1
9251,N.Sundberg,00-0026714,2018,WAS,3
9252,N.Sundberg,00-0026714,2019,WAS,1
9253,N.Thomas,00-0039422,2025,DAL,4
9254,N.Thompson,00-0038811,2023,MIN,2
9255,N.Thorpe,00-0029329,2016,SEA,1
9256,N.Thorpe,00-0029329,2018,SEA,2
9257,N.Thorpe,00-0029329,2019,SEA,1
9258,N.Thurman,00-0034723,2023,CAR,1
9259,N.Thurman,00-0034723,2024,CAR,1
9260,N.Togiai,00-0036005,2021,PHI,1
9261,N.Vannett,00-0032394,2018,SEA,5
9262,N.Vannett,00-0032394,2019,PIT,2
9263,N.Vannett,00-0032394,2020,DEN,2
9264,N.Vannett,00-0032394,2021,NO,1
9265,N.Vannett,00-0032394,2024,TEN,2
9266,N.Vigil,00-0032892,2017,CIN,2
9267,N.Vigil,00-0032892,2019,CIN,2
9268,N.Vigil,00-0032892,2024,DAL,1
9269,N.Webster,00-0035621,2020,LA,1
9270,N.Westbrook,00-0036182,2020,TEN,1
9271,N.Westbrook-Ikhine,00-0036182,2020,TEN,1
9272,N.Westbrook-Ikhine,00-0036182,2021,TEN,1
9273,N.Westbrook-Ikhine,00-0036182,2022,TEN,2
9274,N.Westbrook-Ikhine,00-0036182,2023,TEN,2
9275,N.Westbrook-Ikhine,00-0036182,2024,TEN,3
9276,N.Westbrook-Ikhine,00-0036182,2025,MIA,1
9277,N.Wiggins,00-0039232,2024,BAL,9
9278,N.Wiggins,00-0039232,2025,BAL,5
9279,N.Williams,00-0030500,2019,CHI,2
9280,N.Williams,00-0030500,2020,DET,1
9281,N.Williams,00-0040670,2025,KC,6
9282,N.Wright,00-0036986,2021,DAL,4
9283,N.Wright,00-0036986,2022,DAL,2
9284,N.Wright,00-0036986,2023,DAL,2
9285,N.Wright,00-0036986,2025,CHI,6
9286,Ni.Herbig,00-0038577,2024,PIT,2
9287,O.Aboushi,00-0030083,2016,HOU,1
9288,O.Aboushi,00-0030083,2017,SEA,4
9289,O.Aboushi,00-0030083,2018,ARI,3
9290,O.Aboushi,00-0030083,2019,DET,1
9291,O.Aboushi,00-0030083,2020,DET,3
9292,O.Aboushi,00-0030083,2021,LAC,2
9293,O.Aboushi,00-0030083,2022,LA,1
9294,O.Adeniyi,00-0034204,2019,PIT,2
9295,O.Adeniyi,00-0034204,2020,PIT,2
9296,O.Adeniyi,00-0034204,2021,TEN,3
9297,O.Adeniyi,00-0034204,2022,TEN,1
9298,O.Beckham,00-0031235,2016,NYG,5
9299,O.Beckham,00-0031235,2017,NYG,3
9300,O.Beckham,00-0031235,2018,NYG,2
9301,O.Beckham,00-0031235,2019,CLE,5
9302,O.Beckham,00-0031235,2020,CLE,2
9303,O.Beckham,00-0031235,2023,BAL,2
9304,O.Brown,00-0034752,2019,BAL,2
9305,O.Brown,00-0034752,2020,BAL,5
9306,O.Brown,00-0034752,2021,KC,4
9307,O.Brown,00-0034752,2022,KC,6
9308,O.Brown,00-0034752,2023,CIN,4
9309,O.Brown,00-0034752,2024,CIN,8
9310,O.Brown,00-0034752,2025,CIN,10
9311,O.Brown Jr.,00-0034752,2018,BAL,4
9312,O.Burks,00-0034754,2021,GB,1
9313,O.Burks,00-0034754,2024,PHI,2
9314,O.Burks,00-0034754,2025,CIN,1
9315,O.Charles,00-0029414,2016,DET,1
9316,O.Charles,00-0029414,2017,KC,1
9317,O.Charles,00-0029414,2018,CLE,3
9318,O.Darkwa,00-0030860,2016,NYG,1
9319,O.Fashanu,00-0039790,2024,NYJ,7
9320,O.Fashanu,00-0039790,2025,NYJ,3
9321,O.Franklin,00-0027984,2016,LAC,3
9322,O.Gadsden,00-0040189,2025,LAC,2
9323,O.Gordon,00-0040198,2025,MIA,1
9324,O.Howard,00-0033879,2017,TB,2
9325,O.Howard,00-0033879,2018,TB,1
9326,O.Howard,00-0033879,2019,TB,5
9327,O.Howard,00-0033879,2020,TB,1
9328,O.Howard,00-0033879,2021,TB,2
9329,O.Johnson,00-0035006,2019,MIN,1
9330,O.Johnson,00-0035006,2020,MIN,2
9331,O.Melifonwu,00-0033900,2018,NE,1
9332,O.Odighizuwa,00-0031562,2016,NYG,3
9333,O.Odighizuwa,00-0036942,2021,DAL,3
9334,O.Odighizuwa,00-0036942,2022,DAL,2
9335,O.Odighizuwa,00-0036942,2023,DAL,2
9336,O.Odighizuwa,00-0036942,2024,DAL,2
9337,O.Odighizuwa,00-0036942,2025,DAL,3
9338,O.Ogbonnia,00-0037270,2024,LAC,4
9339,O.Ogbonnia,00-0037270,2025,LAC,1
9340,O.Okoronkwo,00-0034807,2019,LA,3
9341,O.Okoronkwo,00-0034807,2021,LA,1
9342,O.Okoronkwo,00-0034807,2022,HOU,3
9343,O.Okoronkwo,00-0034807,2023,CLE,1
9344,O.Okoronkwo,00-0034807,2024,CLE,3
9345,O.Oluwatimi,00-0038593,2023,SEA,1
9346,O.Oluwatimi,00-0038593,2024,SEA,2
9347,O.Oluwatimi,00-0038593,2025,SEA,1
9348,O.Oweh,00-0036940,2021,BAL,4
9349,O.Oweh,00-0036940,2022,BAL,1
9350,O.Oweh,00-0036940,2023,BAL,3
9351,O.Oweh,00-0036940,2024,BAL,8
9352,O.Oweh,00-0036940,2025,LAC,1
9353,O.Pappoe,00-0038600,2023,ARI,2
9354,O.Pappoe,00-0038600,2025,ARI,1
9355,O.Pierre,00-0031914,2017,ARI,1
9356,O.Reese,00-0038853,2024,TEN,2
9357,O.Scandrick,00-0026283,2016,DAL,4
9358,O.Scandrick,00-0026283,2017,DAL,3
9359,O.Scandrick,00-0026283,2018,KC,8
9360,O.Speights,00-0039774,2024,LA,2
9361,O.Speights,00-0039774,2025,LA,2
9362,O.Torrence,00-0038548,2023,BUF,5
9363,O.Torrence,00-0038548,2024,BUF,6
9364,O.Torrence,00-0038548,2025,BUF,1
9365,O.Trapilo,00-0040740,2025,CHI,2
9366,O.Udoh,00-0034994,2019,MIN,2
9367,O.Udoh,00-0034994,2021,MIN,13
9368,O.Udoh,00-0034994,2022,MIN,1
9369,O.Udoh,00-0034994,2024,NO,3
9370,O.Udoh,00-0034994,2025,TEN,4
9371,O.Vernon,00-0029693,2016,NYG,5
9372,O.Vernon,00-0029693,2017,NYG,3
9373,O.Vernon,00-0029693,2018,NYG,4
9374,O.Vernon,00-0029693,2020,CLE,5
9375,O.Ximines,00-0035708,2019,NYG,1
9376,O.Ximines,00-0035708,2021,NYG,1
9377,O.Ximines,00-0035708,2022,NYG,2
9378,O.Zaccheaus,00-0035208,2019,ATL,1
9379,O.Zaccheaus,00-0035208,2020,ATL,2
9380,O.Zaccheaus,00-0035208,2022,ATL,1
9381,O.Zaccheaus,00-0035208,2024,WAS,3
9382,O.Zaccheaus,00-0035208,2025,CHI,1
9383,P.Adebo,00-0036937,2021,NO,6
9384,P.Adebo,00-0036937,2022,NO,7
9385,P.Adebo,00-0036937,2023,NO,7
9386,P.Adebo,00-0036937,2024,NO,7
9387,P.Adebo,00-0036937,2025,NYG,3
9388,P.Amukamara,00-0027957,2016,JAX,3
9389,P.Amukamara,00-0027957,2017,CHI,7
9390,P.Amukamara,00-0027957,2018,CHI,8
9391,P.Amukamara,00-0027957,2019,CHI,3
9392,P.Barber,00-0032741,2016,TB,3
9393,P.Barber,00-0032741,2017,TB,2
9394,P.Barber,00-0032741,2018,TB,1
9395,P.Brown,00-0031171,2017,BUF,1
9396,P.Brown,00-0033439,2019,CLE,3
9397,P.Brown,00-0033439,2020,HOU,6
9398,P.Brown,00-0033439,2021,HOU,9
9399,P.Brown,00-0033439,2022,CLE,1
9400,P.Brown,00-0033439,2024,SEA,5
9401,P.Brown,00-0033439,2025,ARI,3
9402,P.Bryant,00-0040134,2025,DEN,5
9403,P.Butler,00-0038100,2022,WAS,2
9404,P.Butler,00-0038100,2025,WAS,2
9405,P.Campbell,00-0035639,2019,IND,2
9406,P.Campbell,00-0035639,2020,IND,1
9407,P.Campbell,00-0035639,2022,IND,2
9408,P.Campbell,00-0035639,2023,NYG,1
9409,P.Chung,00-0027010,2017,NE,4
9410,P.Chung,00-0027010,2018,NE,3
9411,P.Cooper,00-0033111,2017,LA,2
9412,P.Cooper,00-0033111,2022,ARI,1
9413,P.Cox,00-0027737,2016,TEN,4
9414,P.Desir,00-0031331,2017,IND,2
9415,P.Desir,00-0031331,2018,IND,1
9416,P.Desir,00-0031331,2019,IND,1
9417,P.Desir,00-0031331,2020,NYJ,4
9418,P.DiMarco,00-0028581,2016,ATL,1
9419,P.DiMarco,00-0028581,2018,BUF,1
9420,P.Dorsett,00-0032208,2017,NE,1
9421,P.Dorsett,00-0032208,2018,NE,1
9422,P.Dorsett,00-0032208,2022,HOU,1
9423,P.Durham,00-0039050,2024,TB,2
9424,P.Durham,00-0039050,2025,TB,3
9425,P.Ehinger,00-0032771,2017,KC,1
9426,P.Ehinger,00-0032771,2019,BAL,1
9427,P.Ehinger,00-0032771,2021,DET,1
9428,P.Elflein,00-0033909,2017,MIN,1
9429,P.Elflein,00-0033909,2018,MIN,4
9430,P.Elflein,00-0033909,2019,MIN,6
9431,P.Elflein,00-0033909,2020,MIN,1
9432,P.Elflein,00-0033909,2020,NYJ,1
9433,P.Elflein,00-0033909,2021,CAR,2
9434,P.Ford,00-0034234,2019,SEA,1
9435,P.Ford,00-0034234,2020,SEA,1
9436,P.Freiermuth,00-0036894,2022,PIT,3
9437,P.Freiermuth,00-0036894,2023,PIT,3
9438,P.Freiermuth,00-0036894,2024,PIT,1
9439,P.Freiermuth,00-0036894,2025,PIT,2
9440,P.Gaines,00-0031015,2016,KC,5
9441,P.Gaines,00-0031015,2017,KC,4
9442,P.Gaines,00-0031015,2018,BUF,3
9443,P.Gaines,00-0031015,2019,HOU,4
9444,P.Garcon,00-0026345,2016,WAS,3
9445,P.Garcon,00-0026345,2017,SF,1
9446,P.Gustin,00-0035404,2019,CLE,1
9447,P.Gustin,00-0035404,2020,CLE,2
9448,P.Hall,00-0034262,2018,LV,2
9449,P.Hart,00-0035022,2020,SEA,1
9450,P.Hart,00-0035022,2021,SEA,1
9451,P.Haynes,00-0035141,2022,SEA,4
9452,P.Haynes,00-0035141,2023,SEA,4
9453,P.Hendershot,00-0037569,2022,DAL,5
9454,P.Hendershot,00-0037569,2023,DAL,2
9455,P.Hesse,00-0035572,2021,ATL,2
9456,P.Hesse,00-0035572,2022,ATL,5
9457,P.Hoskins,00-0036576,2021,CAR,1
9458,P.Hoskins,00-0036576,2022,CAR,1
9459,P.Johnson,00-0036922,2023,PHI,1
9460,P.Johnson,00-0036922,2025,PHI,1
9461,P.Johnson,00-0038540,2023,ARI,7
9462,P.Johnson,00-0038540,2024,ARI,6
9463,P.Johnson,00-0038540,2025,ARI,6
9464,P.Jones,00-0037007,2021,MIN,2
9465,P.Jones,00-0037007,2023,MIN,2
9466,P.Jules,00-0039632,2025,CIN,3
9467,P.Kalambayi,00-0034421,2018,HOU,2
9468,P.Kalambayi,00-0034421,2019,HOU,1
9469,P.Kruger,00-0027033,2016,NO,2
9470,P.Laird,00-0035342,2020,MIA,1
9471,P.Lindsay,00-0034109,2018,DEN,1
9472,P.Lindsay,00-0034109,2021,HOU,1
9473,P.Locke,00-0035227,2020,DEN,3
9474,P.Locke,00-0035227,2021,DEN,1
9475,P.Locke,00-0035227,2022,DEN,1
9476,P.Locke,00-0035227,2023,DEN,2
9477,P.Locke,00-0035227,2024,DEN,1
9478,P.Locke,00-0035227,2025,DEN,1
9479,P.Lynch,00-0033108,2017,DEN,1
9480,P.Mafah,00-0040021,2025,DAL,2
9481,P.Mahomes,00-0033873,2018,KC,5
9482,P.Mahomes,00-0033873,2019,KC,1
9483,P.Mahomes,00-0033873,2021,KC,4
9484,P.Mahomes,00-0033873,2023,KC,4
9485,P.Mahomes,00-0033873,2025,KC,3
9486,P.Mathis,00-0038099,2024,WAS,1
9487,P.McAfee,00-0027145,2016,IND,2
9488,P.McMorris,00-0039881,2024,MIA,1
9489,P.McPhee,00-0028103,2016,CHI,1
9490,P.McPhee,00-0028103,2018,WAS,2
9491,P.McPhee,00-0028103,2019,BAL,4
9492,P.McPhee,00-0028103,2020,BAL,2
9493,P.McPhee,00-0028103,2021,BAL,1
9494,P.Mekari,00-0035112,2019,BAL,1
9495,P.Mekari,00-0035112,2020,BAL,3
9496,P.Mekari,00-0035112,2021,BAL,3
9497,P.Mekari,00-0035112,2022,BAL,2
9498,P.Mekari,00-0035112,2023,BAL,2
9499,P.Mekari,00-0035112,2024,BAL,11
9500,P.Mekari,00-0035112,2025,JAX,8
9501,P.Morris,00-0034118,2019,DEN,1
9502,P.Mustipher,00-0038795,2025,ARI,2
9503,P.Nacua,00-0039075,2023,LA,5
9504,P.Nacua,00-0039075,2024,LA,2
9505,P.Nacua,00-0039075,2025,LA,1
9506,P.Nickerson,00-0034274,2018,NYJ,2
9507,P.Nickerson,00-0034274,2019,JAX,1
9508,P.Nickerson,00-0034274,2023,MIA,2
9509,P.Nickerson,00-0034274,2025,PHI,1
9510,P.O'Connor,00-0033595,2021,TB,1
9511,P.O'Connor,00-0033595,2024,DET,3
9512,P.O'Donnell,00-0031079,2016,CHI,1
9513,P.O'Donnell,00-0031079,2017,CHI,1
9514,P.O'Donnell,00-0031079,2018,CHI,1
9515,P.O'Donnell,00-0031079,2019,CHI,1
9516,P.Omameh,00-0029889,2016,JAX,2
9517,P.Omameh,00-0029889,2017,JAX,2
9518,P.Omameh,00-0029889,2018,JAX,2
9519,P.Omameh,00-0029889,2019,NO,1
9520,P.Onwuasor,00-0032573,2016,BAL,1
9521,P.Onwuasor,00-0032573,2017,BAL,1
9522,P.Onwuasor,00-0032573,2018,BAL,4
9523,P.Onwuasor,00-0032573,2019,BAL,1
9524,P.Onwuasor,00-0032573,2021,LV,1
9525,P.Paul,00-0039899,2024,MIA,2
9526,P.Paul,00-0039899,2025,MIA,8
9527,P.Perkins,00-0032417,2016,NYG,3
9528,P.Peterson,00-0027943,2016,ARI,10
9529,P.Peterson,00-0027943,2017,ARI,7
9530,P.Peterson,00-0027943,2018,ARI,5
9531,P.Peterson,00-0027943,2019,ARI,4
9532,P.Peterson,00-0027943,2020,ARI,10
9533,P.Peterson,00-0027943,2021,MIN,3
9534,P.Peterson,00-0027943,2022,MIN,7
9535,P.Peterson,00-0027943,2023,PIT,6
9536,P.Posluszny,00-0025421,2017,JAX,1
9537,P.Queen,00-0036323,2020,BAL,1
9538,P.Queen,00-0036323,2021,BAL,1
9539,P.Queen,00-0036323,2022,BAL,3
9540,P.Queen,00-0036323,2023,BAL,1
9541,P.Queen,00-0036323,2024,PIT,1
9542,P.Queen,00-0036323,2025,PIT,1
9543,P.Ricard,00-0033376,2018,BAL,1
9544,P.Ricard,00-0033376,2019,BAL,1
9545,P.Ricard,00-0033376,2020,BAL,2
9546,P.Ricard,00-0033376,2021,BAL,1
9547,P.Ricard,00-0033376,2022,BAL,3
9548,P.Ricard,00-0033376,2023,BAL,2
9549,P.Ricard,00-0033376,2024,BAL,3
9550,P.Ricard,00-0033376,2025,BAL,1
9551,P.Richardson,00-0031257,2016,SEA,1
9552,P.Rivers,00-0022942,2016,LAC,5
9553,P.Rivers,00-0022942,2017,LAC,13
9554,P.Rivers,00-0022942,2019,LAC,3
9555,P.Rivers,00-0022942,2020,IND,1
9556,P.Rivers,00-0022942,2025,IND,1
9557,P.Robinson,00-0027882,2016,IND,4
9558,P.Robinson,00-0027882,2017,PHI,4
9559,P.Robinson,00-0027882,2018,NO,1
9560,P.Robinson,00-0027882,2020,NO,2
9561,P.Scales,00-0028284,2016,CHI,1
9562,P.Scales,00-0028284,2021,CHI,1
9563,P.Scales,00-0028284,2022,CHI,1
9564,P.Sewell,00-0036880,2021,DET,8
9565,P.Sewell,00-0036880,2022,DET,8
9566,P.Sewell,00-0036880,2023,DET,6
9567,P.Sewell,00-0036880,2024,DET,5
9568,P.Sewell,00-0036880,2025,DET,2
9569,P.Sims,00-0026217,2016,CIN,3
9570,P.Sims,00-0026217,2017,CIN,1
9571,P.Skoronski,00-0039034,2023,TEN,1
9572,P.Skoronski,00-0039034,2024,TEN,6
9573,P.Skoronski,00-0039034,2025,TEN,3
9574,P.Smith,00-0031935,2016,WAS,1
9575,P.Smith,00-0031935,2017,WAS,3
9576,P.Smith,00-0031935,2018,WAS,3
9577,P.Smith,00-0031935,2019,GB,3
9578,P.Smith,00-0031935,2020,GB,5
9579,P.Smith,00-0031935,2021,GB,1
9580,P.Smith,00-0031935,2022,GB,1
9581,P.Smith,00-0031935,2023,GB,1
9582,P.Smith,00-0031935,2024,GB,2
9583,P.Soliai,00-0025495,2016,CAR,1
9584,P.Strong,00-0038098,2022,NE,2
9585,P.Strong,00-0038098,2024,CLE,1
9586,P.Supernaw,00-0028987,2016,TEN,2
9587,P.Supernaw,00-0028987,2017,TEN,3
9588,P.Surtain,00-0036874,2021,DEN,2
9589,P.Surtain,00-0036874,2022,DEN,3
9590,P.Surtain,00-0036874,2023,DEN,6
9591,P.Surtain,00-0036874,2024,DEN,10
9592,P.Surtain,00-0036874,2025,DEN,9
9593,P.Taylor,00-0035973,2021,GB,1
9594,P.Thompson,00-0028846,2016,JAX,3
9595,P.Thompson,00-0028846,2017,JAX,2
9596,P.Turner,00-0036926,2021,NO,2
9597,P.Turner,00-0036926,2022,NO,1
9598,P.Turner,00-0036926,2024,NO,4
9599,P.Walker,00-0033275,2023,CLE,1
9600,P.Werner,00-0036927,2021,NO,1
9601,P.Werner,00-0036927,2022,NO,1
9602,P.Werner,00-0036927,2023,NO,3
9603,P.Wheeler,00-0026233,2016,ATL,3
9604,P.Williams,00-0032059,2016,NO,1
9605,P.Williams,00-0032059,2017,NO,6
9606,P.Williams,00-0032059,2018,NO,7
9607,P.Williams,00-0032059,2019,NO,5
9608,P.Williams,00-0032059,2020,NO,1
9609,P.Williams,00-0035350,2019,MIA,2
9610,P.Wilson,00-0039741,2025,PIT,3
9611,P.Winfrey,00-0038126,2023,NYJ,1
9612,P.Worrilow,00-0029792,2016,ATL,4
9613,P.Worrilow,00-0029792,2017,DET,1
9614,Q.Bailey,00-0034929,2022,DEN,1
9615,Q.Bailey,00-0034929,2023,DEN,1
9616,Q.Bell,00-0035000,2024,MIA,2
9617,Q.Bell,00-0035000,2025,MIA,1
9618,Q.Bohanna,00-0036649,2022,DAL,1
9619,Q.Bohanna,00-0036649,2023,DET,1
9620,Q.Cephus,00-0036277,2021,DET,1
9621,Q.Demps,00-0026257,2016,HOU,1
9622,Q.Diggs,00-0031608,2016,DET,1
9623,Q.Diggs,00-0031608,2017,DET,6
9624,Q.Diggs,00-0031608,2018,DET,5
9625,Q.Diggs,00-0031608,2019,SEA,1
9626,Q.Diggs,00-0031608,2020,SEA,2
9627,Q.Diggs,00-0031608,2021,SEA,1
9628,Q.Diggs,00-0031608,2022,SEA,2
9629,Q.Diggs,00-0031608,2023,SEA,2
9630,Q.Dunbar,00-0032007,2016,WAS,4
9631,Q.Dunbar,00-0032007,2017,WAS,3
9632,Q.Dunbar,00-0032007,2018,WAS,2
9633,Q.Dunbar,00-0032007,2019,WAS,1
9634,Q.Dunbar,00-0032007,2020,SEA,2
9635,Q.Enunwa,00-0031023,2018,NYJ,2
9636,Q.Enunwa,00-0031023,2019,NYJ,1
9637,Q.Ewers,00-0040234,2025,MIA,1
9638,Q.Jefferson,00-0032416,2017,SEA,2
9639,Q.Jefferson,00-0032416,2018,SEA,6
9640,Q.Jefferson,00-0032416,2019,SEA,1
9641,Q.Jefferson,00-0032416,2020,BUF,4
9642,Q.Jefferson,00-0032416,2021,LV,1
9643,Q.Jefferson,00-0032416,2023,NYJ,2
9644,Q.Jefferson,00-0032416,2024,BUF,1
9645,Q.Johnston,00-0038544,2024,LAC,1
9646,Q.Johnston,00-0038544,2025,LAC,1
9647,Q.Lake,00-0037841,2023,LA,3
9648,Q.Lake,00-0037841,2024,LA,6
9649,Q.Lake,00-0037841,2025,LA,4
9650,Q.Martin,00-0039149,2025,WAS,2
9651,Q.Meeks,00-0034523,2018,JAX,2
9652,Q.Meeks,00-0034523,2020,LAC,1
9653,Q.Meinerz,00-0037001,2021,DEN,2
9654,Q.Meinerz,00-0037001,2022,DEN,2
9655,Q.Meinerz,00-0037001,2023,DEN,4
9656,Q.Meinerz,00-0037001,2024,DEN,4
9657,Q.Meinerz,00-0037001,2025,DEN,1
9658,Q.Mitchell,00-0039888,2024,PHI,2
9659,Q.Mitchell,00-0039888,2025,PHI,6
9660,Q.Morris,00-0036590,2022,BUF,3
9661,Q.Morris,00-0036590,2024,BUF,3
9662,Q.Nelson,00-0034342,2018,IND,9
9663,Q.Nelson,00-0034342,2019,IND,3
9664,Q.Nelson,00-0034342,2020,IND,6
9665,Q.Nelson,00-0034342,2021,IND,4
9666,Q.Nelson,00-0034342,2022,IND,4
9667,Q.Nelson,00-0034342,2023,IND,6
9668,Q.Nelson,00-0034342,2024,IND,11
9669,Q.Nelson,00-0034342,2025,IND,2
9670,Q.Ollison,00-0035273,2019,ATL,1
9671,Q.Patton,00-0030450,2016,SF,1
9672,Q.Riley,00-0040166,2025,NO,2
9673,Q.Robinson,00-0040168,2025,DEN,1
9674,Q.Rollins,00-0031937,2017,GB,1
9675,Q.Spain,00-0032043,2016,TEN,8
9676,Q.Spain,00-0032043,2017,TEN,3
9677,Q.Spain,00-0032043,2018,TEN,5
9678,Q.Spain,00-0032043,2019,BUF,2
9679,Q.Spain,00-0032043,2020,BUF,1
9680,Q.Spain,00-0032043,2020,CIN,2
9681,Q.Spain,00-0032043,2021,CIN,4
9682,Q.Stiggers,00-0039789,2024,NYJ,2
9683,Q.Stiggers,00-0039789,2025,NYJ,4
9684,Q.Walker,00-0037074,2022,GB,4
9685,Q.Walker,00-0037074,2023,GB,3
9686,Q.Walker,00-0037074,2024,GB,1
9687,Q.Walker,00-0037074,2025,GB,1
9688,Q.Watkins,00-0036271,2021,PHI,2
9689,Q.Watkins,00-0036271,2022,PHI,1
9690,Q.Williams,00-0035680,2025,NYJ,1
9691,Q.Williams,00-0035718,2019,NYJ,1
9692,Q.Williams,00-0035718,2020,NYJ,6
9693,Q.Williams,00-0035718,2021,NYJ,5
9694,Q.Williams,00-0035718,2023,NYJ,3
9695,Q.Williams,00-0035718,2024,NYJ,4
9696,Q.Williams,00-0035718,2025,DAL,1
9697,Q.Williams,00-0035718,2025,NYJ,3
9698,Q.Wilson,00-0033544,2017,IND,3
9699,Q.Wilson,00-0033544,2018,IND,4
9700,Q.Wilson,00-0033544,2019,IND,4
9701,Qi.Williams,00-0035680,2024,NYJ,2
9702,Qu.Williams,00-0035680,2021,NYJ,1
9703,Qu.Williams,00-0035680,2022,NYJ,2
9704,Qu.Williams,00-0035680,2023,NYJ,4
9705,Qu.Williams,00-0035680,2025,NYJ,1
9706,R. Ford,00-0033792,2017,ARI,1
9707,R.Alford,00-0030528,2016,ATL,12
9708,R.Alford,00-0030528,2017,ATL,7
9709,R.Alford,00-0030528,2018,ATL,8
9710,R.Alford,00-0030528,2021,ARI,3
9711,R.Allen,00-0029984,2016,NE,1
9712,R.Allen,00-0029984,2017,NE,2
9713,R.Allen,00-0029984,2018,NE,1
9714,R.Allen,00-0031181,2016,ATL,1
9715,R.Allen,00-0031181,2017,ATL,4
9716,R.Allen,00-0031181,2019,ATL,2
9717,R.Allen,00-0031181,2020,ATL,1
9718,R.Allen,00-0031181,2021,CIN,2
9719,R.Anderson,00-0032688,2016,NYJ,1
9720,R.Anderson,00-0032688,2017,NYJ,2
9721,R.Anderson,00-0032688,2018,NYJ,4
9722,R.Anderson,00-0032688,2020,CAR,2
9723,R.Anderson,00-0032688,2022,ARI,1
9724,R.Anderson,00-0033525,2017,WAS,3
9725,R.Anderson,00-0033525,2019,WAS,6
9726,R.Armstead,00-0035268,2019,JAX,2
9727,R.Armstead,00-0035268,2021,JAX,1
9728,R.Armstrong,00-0030050,2017,SF,4
9729,R.Armstrong,00-0030050,2019,DAL,1
9730,R.Armstrong,00-0030050,2020,SEA,1
9731,R.Ash,00-0031981,2017,DAL,2
9732,R.Ayers Jr.,00-0026994,2017,TB,4
9733,R.Bateman,00-0036550,2021,BAL,2
9734,R.Bateman,00-0036550,2024,BAL,1
9735,R.Bateman,00-0036550,2025,BAL,1
9736,R.Bates,00-0035382,2019,BUF,1
9737,R.Bates,00-0035382,2020,BUF,1
9738,R.Bates,00-0035382,2021,BUF,1
9739,R.Bates,00-0035382,2022,BUF,3
9740,R.Bell,00-0038647,2023,SF,2
9741,R.Blacklock,00-0036289,2020,HOU,2
9742,R.Blacklock,00-0036289,2021,HOU,4
9743,R.Blackshear,00-0037429,2022,CAR,1
9744,R.Blair,00-0032413,2016,SF,1
9745,R.Blair,00-0032413,2018,SF,1
9746,R.Blair,00-0032413,2021,NYJ,1
9747,R.Blair III,00-0032413,2019,SF,1
9748,R.Blankenship,00-0037130,2022,PHI,2
9749,R.Blankenship,00-0037130,2023,PHI,1
9750,R.Blankenship,00-0037130,2024,PHI,3
9751,R.Blankenship,00-0037130,2025,PHI,2
9752,R.Blanton,00-0029575,2016,BUF,2
9753,R.Bodine,00-0031306,2016,CIN,2
9754,R.Bodine,00-0031306,2017,CIN,2
9755,R.Bodine,00-0031306,2018,BUF,3
9756,R.Brooks,00-0029280,2016,PHI,1
9757,R.Bush,00-0027195,2017,NO,2
9758,R.Bush,00-0027195,2018,BUF,1
9759,R.Carter,00-0036029,2021,HOU,1
9760,R.Chosen,00-0032688,2023,MIA,1
9761,R.Clady,00-0026152,2016,NYJ,5
9762,R.Cobb,00-0028002,2017,GB,2
9763,R.Cobb,00-0028002,2019,DAL,2
9764,R.Cobb,00-0028002,2021,GB,1
9765,R.Cockrell,00-0031016,2016,PIT,6
9766,R.Cockrell,00-0031016,2017,NYG,5
9767,R.Cockrell,00-0031016,2019,CAR,6
9768,R.Cockrell,00-0031016,2020,TB,1
9769,R.Cockrell,00-0031016,2021,TB,3
9770,R.Coward,00-0033631,2019,CHI,4
9771,R.Coward,00-0033631,2020,CHI,2
9772,R.Daniel,00-0031878,2018,BAL,1
9773,R.Darby,00-0032195,2016,BUF,5
9774,R.Darby,00-0032195,2017,PHI,3
9775,R.Darby,00-0032195,2020,WAS,1
9776,R.Darby,00-0032195,2021,DEN,3
9777,R.Darby,00-0032195,2022,DEN,1
9778,R.Darby,00-0032195,2023,BAL,1
9779,R.Darby,00-0032195,2024,JAX,2
9780,R.Davis,00-0029053,2016,DAL,1
9781,R.Davis,00-0036213,2020,MIA,1
9782,R.Davis,00-0036213,2021,MIA,3
9783,R.Davis,00-0036213,2022,MIA,2
9784,R.Davis,00-0036213,2024,IND,3
9785,R.Davis,00-0039875,2024,BUF,1
9786,R.Dixon,00-0032943,2017,DEN,2
9787,R.Doubs,00-0037816,2024,GB,3
9788,R.Doubs,00-0037816,2025,GB,1
9789,R.Douglas,00-0033551,2017,PHI,3
9790,R.Douglas,00-0033551,2018,PHI,4
9791,R.Douglas,00-0033551,2019,PHI,7
9792,R.Douglas,00-0033551,2020,CAR,5
9793,R.Douglas,00-0033551,2021,GB,4
9794,R.Douglas,00-0033551,2022,GB,8
9795,R.Douglas,00-0033551,2023,BUF,3
9796,R.Douglas,00-0033551,2023,GB,4
9797,R.Douglas,00-0033551,2024,BUF,6
9798,R.Douglas,00-0033551,2025,MIA,4
9799,R.Dowdle,00-0036139,2022,DAL,1
9800,R.Dowdle,00-0036139,2025,CAR,3
9801,R.Dwelley,00-0034073,2020,SF,7
9802,R.Dwelley,00-0034073,2021,SF,3
9803,R.Dwelley,00-0034073,2024,ATL,2
9804,R.Ellison,00-0029587,2016,MIN,3
9805,R.Ellison,00-0029587,2018,NYG,1
9806,R.Ellison,00-0029587,2019,NYG,1
9807,R.Evans,00-0034743,2019,TEN,4
9808,R.Evans,00-0034743,2020,TEN,7
9809,R.Evans,00-0034743,2021,TEN,1
9810,R.Evans,00-0034743,2022,ATL,2
9811,R.Evans,00-0034743,2023,DAL,2
9812,R.Fenton,00-0035147,2019,KC,1
9813,R.Fenton,00-0035147,2020,KC,1
9814,R.Fenton,00-0035147,2021,KC,5
9815,R.Fenton,00-0035147,2022,KC,2
9816,R.Ferguson,00-0032497,2017,BUF,1
9817,R.Ferguson,00-0032497,2019,BUF,1
9818,R.Ferguson,00-0032497,2022,BUF,1
9819,R.Ferguson,00-0032497,2025,BUF,2
9820,R.Fitzgerald,00-0040279,2025,CAR,2
9821,R.Fitzpatrick,00-0023682,2016,NYJ,5
9822,R.Fitzpatrick,00-0023682,2017,TB,3
9823,R.Fitzpatrick,00-0023682,2018,TB,1
9824,R.Fitzpatrick,00-0023682,2020,MIA,1
9825,R.Flournoy,00-0039410,2025,DAL,2
9826,R.Ford,00-0033792,2018,ARI,2
9827,R.Ford,00-0033792,2019,PHI,4
9828,R.Ford,00-0033792,2020,PHI,1
9829,R.Ford,00-0033792,2022,GB,2
9830,R.Ford,00-0033792,2023,GB,3
9831,R.Foster,00-0026561,2016,PIT,2
9832,R.Foster,00-0026561,2018,PIT,3
9833,R.Foster,00-0033887,2018,SF,2
9834,R.Foster,00-0034510,2018,BUF,3
9835,R.Foster,00-0034510,2019,BUF,1
9836,R.Gage,00-0034411,2018,ATL,4
9837,R.Gage,00-0034411,2019,ATL,6
9838,R.Gage,00-0034411,2020,ATL,1
9839,R.Gage,00-0034411,2021,ATL,1
9840,R.Gary,00-0034967,2019,GB,1
9841,R.Gary,00-0034967,2020,GB,1
9842,R.Gary,00-0034967,2021,GB,1
9843,R.Gary,00-0034967,2022,GB,2
9844,R.Gary,00-0034967,2023,GB,5
9845,R.Gary,00-0034967,2024,GB,1
9846,R.Gary,00-0034967,2025,GB,1
9847,R.Gathers,00-0033054,2018,DAL,1
9848,R.Gilliam,00-0036187,2022,BUF,1
9849,R.Gilliam,00-0036187,2023,BUF,2
9850,R.Gilliam,00-0036187,2024,BUF,3
9851,R.Glasgow,00-0033786,2017,CIN,1
9852,R.Grant,00-0031068,2016,WAS,1
9853,R.Grant,00-0031068,2018,IND,2
9854,R.Grant,00-0031068,2019,LV,1
9855,R.Grant,00-0036961,2021,ATL,1
9856,R.Grant,00-0036961,2022,ATL,1
9857,R.Grant,00-0036961,2024,ATL,1
9858,R.Grant,00-0036961,2025,NE,1
9859,R.Green,00-0034831,2019,SEA,1
9860,R.Green,00-0034831,2021,SEA,3
9861,R.Green,00-0034831,2023,CHI,1
9862,R.Green,00-0039345,2024,SF,3
9863,R.Green,00-0039345,2025,SF,3
9864,R.Greene,00-0032170,2018,JAX,1
9865,R.Greene,00-0034179,2018,GB,1
9866,R.Gregory,00-0032197,2016,DAL,1
9867,R.Gregory,00-0032197,2018,DAL,9
9868,R.Gregory,00-0032197,2020,DAL,5
9869,R.Gregory,00-0032197,2021,DAL,7
9870,R.Gregory,00-0032197,2022,DEN,4
9871,R.Gregory,00-0032197,2023,DEN,2
9872,R.Gregory,00-0032197,2023,SF,1
9873,R.Griffin,00-0030108,2016,HOU,3
9874,R.Griffin,00-0030108,2017,HOU,3
9875,R.Griffin,00-0030108,2018,HOU,4
9876,R.Griffin,00-0030108,2019,NYJ,4
9877,R.Griffin,00-0030108,2020,NYJ,4
9878,R.Griffin,00-0030108,2021,NYJ,4
9879,R.Griffin,00-0030108,2022,CHI,3
9880,R.Gronkowski,00-0027656,2016,NE,5
9881,R.Gronkowski,00-0027656,2017,NE,9
9882,R.Gronkowski,00-0027656,2018,NE,5
9883,R.Gronkowski,00-0027656,2020,TB,2
9884,R.Gronkowski,00-0027656,2021,TB,5
9885,R.Groy,00-0031128,2018,BUF,1
9886,R.Groy,00-0031128,2019,LAC,1
9887,R.Groy,00-0031128,2020,LAC,1
9888,R.Gunter,00-0032131,2017,ARI,3
9889,R.Gunter,00-0032131,2018,ARI,2
9890,R.Gunter,00-0032131,2019,ARI,4
9891,R.Hainsey,00-0036985,2022,TB,1
9892,R.Hainsey,00-0036985,2023,TB,7
9893,R.Hainsey,00-0036985,2025,JAX,5
9894,R.Harper,00-0024258,2016,NO,3
9895,R.Harrison,00-0034779,2018,JAX,5
9896,R.Harrison,00-0034779,2019,JAX,5
9897,R.Harrison,00-0034779,2021,CLE,1
9898,R.Harrison,00-0034779,2022,CLE,2
9899,R.Harrison,00-0034779,2023,IND,1
9900,R.Harrison,00-0034779,2025,ATL,1
9901,R.Harrison Jr.,00-0034779,2020,CLE,1
9902,R.Harvey,00-0040730,2025,DEN,1
9903,R.Havenstein,00-0032242,2016,LA,4
9904,R.Havenstein,00-0032242,2017,LA,7
9905,R.Havenstein,00-0032242,2018,LA,3
9906,R.Havenstein,00-0032242,2019,LA,8
9907,R.Havenstein,00-0032242,2020,LA,3
9908,R.Havenstein,00-0032242,2021,LA,2
9909,R.Havenstein,00-0032242,2022,LA,5
9910,R.Havenstein,00-0032242,2023,LA,3
9911,R.Havenstein,00-0032242,2024,LA,5
9912,R.Havenstein,00-0032242,2025,LA,1
9913,R.Hewitt,00-0030780,2017,CIN,1
9914,R.Hickman,00-0038715,2023,CLE,1
9915,R.Higgins,00-0032977,2016,CLE,1
9916,R.Higgins,00-0032977,2017,CLE,2
9917,R.Higgins,00-0032977,2018,CLE,2
9918,R.Higgins,00-0032977,2019,CLE,1
9919,R.Higgins,00-0032977,2020,CLE,1
9920,R.Higgins,00-0032977,2021,CLE,1
9921,R.Hill,00-0032520,2017,MIN,4
9922,R.Hill,00-0032520,2018,MIN,3
9923,R.Hill,00-0032520,2020,MIN,1
9924,R.Hill,00-0032520,2021,MIN,3
9925,R.Hudson,00-0027993,2016,LV,7
9926,R.Hudson,00-0027993,2017,LV,3
9927,R.Hudson,00-0027993,2018,LV,1
9928,R.Hudson,00-0027993,2019,LV,3
9929,R.Hudson,00-0027993,2022,ARI,2
9930,R.Humber,00-0026672,2017,BUF,1
9931,R.Hunt,00-0036325,2020,MIA,5
9932,R.Hunt,00-0036325,2021,MIA,6
9933,R.Hunt,00-0036325,2022,MIA,10
9934,R.Hunt,00-0036325,2023,MIA,1
9935,R.Hunt,00-0036325,2024,CAR,5
9936,R.Hyppolite,00-0040167,2025,CHI,2
9937,R.Incognito,00-0023516,2016,BUF,7
9938,R.Incognito,00-0023516,2017,BUF,6
9939,R.Incognito,00-0023516,2019,LV,6
9940,R.Izzo,00-0034439,2019,NE,4
9941,R.Jackson,00-0034088,2020,CLE,1
9942,R.Jackson,00-0034088,2021,BAL,2
9943,R.James,00-0034286,2019,SF,1
9944,R.James,00-0034286,2020,SF,2
9945,R.James,00-0034286,2022,NYG,2
9946,R.Jarrett,00-0038821,2024,TB,1
9947,R.Jean Francois,00-0026502,2017,GB,1
9948,R.Jean Francois,00-0026502,2018,DET,2
9949,R.Jenkins,00-0033941,2017,LAC,5
9950,R.Jenkins,00-0033941,2018,LAC,2
9951,R.Jenkins,00-0033941,2019,LAC,2
9952,R.Jenkins,00-0033941,2020,LAC,1
9953,R.Jenkins,00-0033941,2021,JAX,6
9954,R.Jenkins,00-0033941,2023,JAX,1
9955,R.Jenkins,00-0033941,2025,CLE,2
9956,R.Jensen,00-0029895,2016,BAL,2
9957,R.Jensen,00-0029895,2017,BAL,2
9958,R.Jensen,00-0029895,2018,TB,11
9959,R.Jensen,00-0029895,2019,TB,3
9960,R.Jensen,00-0029895,2020,TB,4
9961,R.Jensen,00-0029895,2021,TB,4
9962,R.Jensen,00-0029895,2022,TB,1
9963,R.Johnson,00-0033569,2019,HOU,2
9964,R.Johnson,00-0033569,2020,HOU,2
9965,R.Johnson,00-0039021,2025,CHI,1
9966,R.Jones,00-0027762,2017,MIA,4
9967,R.Jones,00-0034816,2019,TB,1
9968,R.Jones,00-0034816,2021,TB,1
9969,R.Jones,00-0036596,2022,MIA,4
9970,R.Jones,00-0036596,2023,MIA,4
9971,R.Jones,00-0036596,2024,MIA,7
9972,R.Kalil,00-0025446,2016,CAR,3
9973,R.Kalil,00-0025446,2018,CAR,2
9974,R.Kalil,00-0025446,2019,NYJ,3
9975,R.Kelley,00-0032371,2016,WAS,1
9976,R.Kelley,00-0032371,2018,WAS,1
9977,R.Kelly,00-0032383,2016,IND,3
9978,R.Kelly,00-0032383,2018,IND,3
9979,R.Kelly,00-0032383,2019,IND,6
9980,R.Kelly,00-0032383,2020,IND,1
9981,R.Kelly,00-0032383,2021,IND,4
9982,R.Kelly,00-0032383,2022,IND,2
9983,R.Kelly,00-0032383,2023,IND,1
9984,R.Kelly,00-0032383,2024,IND,1
9985,R.Kelly,00-0032383,2025,MIN,1
9986,R.Kerrigan,00-0027954,2016,WAS,2
9987,R.Kerrigan,00-0027954,2017,WAS,1
9988,R.Kerrigan,00-0027954,2018,WAS,1
9989,R.Kerrigan,00-0027954,2019,WAS,1
9990,R.Kerrigan,00-0027954,2020,WAS,2
9991,R.Lane,00-0040213,2025,JAX,3
9992,R.Lawrence,00-0036373,2021,ARI,1
9993,R.Layne,00-0037468,2023,LAC,1
9994,R.Layne,00-0037468,2024,NYG,1
9995,R.LeCounte,00-0036641,2022,CLE,1
9996,R.Leary,00-0029010,2016,DAL,4
9997,R.Leary,00-0029010,2017,DEN,6
9998,R.Leary,00-0029010,2018,DEN,2
9999,R.Leary,00-0029010,2019,DEN,7
10000,R.Lewis,00-0032659,2016,NYG,1
10001,R.Lewis,00-0032659,2017,NYG,4
10002,R.Lewis,00-0033608,2019,MIA,3
10003,R.Lewis,00-0033608,2019,PHI,1
10004,R.Lewis,00-0033608,2020,NYG,1
10005,R.Lopez,00-0036568,2022,HOU,1
10006,R.Lopez,00-0036568,2023,ARI,1
10007,R.Lopez,00-0036568,2024,ARI,1
10008,R.Lopez,00-0036568,2025,DET,2
10009,R.Louis,00-0033079,2016,CLE,2
10010,R.Louis,00-0033079,2017,CLE,2
10011,R.Lovato,00-0031911,2021,PHI,1
10012,R.Lovato,00-0031911,2022,PHI,1
10013,R.Lovato,00-0031911,2024,PHI,3
10014,R.Matiscik,00-0035827,2021,JAX,2
10015,R.Matiscik,00-0035827,2022,JAX,1
10016,R.Matthews,00-0029580,2016,TEN,1
10017,R.Maualuga,00-0027014,2017,MIA,1
10018,R.McCarron,00-0033773,2018,NE,1
10019,R.McClain,00-0027840,2016,CAR,2
10020,R.McClain,00-0027840,2016,LAC,1
10021,R.McClain,00-0027840,2017,TB,4
10022,R.McCloud,00-0034407,2021,PIT,2
10023,R.McCloud,00-0034407,2024,ATL,3
10024,R.McCloud,00-0034407,2025,ATL,1
10025,R.McCloud,00-0034407,2025,NYG,1
10026,R.McCollum,00-0036783,2021,DET,1
10027,R.McCollum,00-0036783,2024,PIT,2
10028,R.McCreary,00-0038125,2022,TEN,5
10029,R.McCreary,00-0038125,2023,TEN,5
10030,R.McCreary,00-0038125,2024,TEN,2
10031,R.McCreary,00-0038125,2025,LA,1
10032,R.McCreary,00-0038125,2025,TEN,1
10033,R.McLeod,00-0028899,2016,PHI,3
10034,R.McLeod,00-0028899,2017,PHI,1
10035,R.McLeod,00-0028899,2019,PHI,1
10036,R.McLeod,00-0028899,2020,PHI,1
10037,R.McLeod,00-0028899,2021,PHI,1
10038,R.McLeod,00-0028899,2022,IND,2
10039,R.McMath,00-0036652,2021,TEN,1
10040,R.McMillan,00-0033461,2018,MIA,1
10041,R.McMillan,00-0033461,2019,MIA,1
10042,R.McMillan,00-0033461,2020,LV,1
10043,R.McMillan,00-0033461,2022,NE,2
10044,R.Melvin,00-0029901,2016,IND,3
10045,R.Melvin,00-0029901,2017,IND,4
10046,R.Melvin,00-0029901,2018,LV,3
10047,R.Melvin,00-0029901,2019,DET,3
10048,R.Melvin,00-0029901,2021,CAR,1
10049,R.Miles,00-0030170,2016,NYJ,1
10050,R.Miles,00-0030170,2017,NYJ,2
10051,R.Miller,00-0038824,2024,TB,1
10052,R.Miller,00-0038824,2025,TB,1
10053,R.Moore,00-0036936,2021,ARI,1
10054,R.Moss,00-0038552,2023,DEN,2
10055,R.Moss,00-0038552,2024,DEN,5
10056,R.Moss,00-0038552,2025,DEN,9
10057,R.Mostert,00-0031687,2019,SF,2
10058,R.Mostert,00-0031687,2023,MIA,1
10059,R.Murphy,00-0031629,2017,NYG,1
10060,R.Nall,00-0034597,2019,CHI,1
10061,R.Nall,00-0034597,2020,CHI,1
10062,R.Nall,00-0034597,2021,CHI,1
10063,R.Neal,00-0034527,2020,SEA,2
10064,R.Neal,00-0034527,2023,TB,1
10065,R.Nelson,00-0025408,2017,LV,1
10066,R.Nelson,00-0031232,2016,HOU,4
10067,R.Neuzil,00-0036833,2024,ATL,6
10068,R.Neuzil,00-0036833,2025,ATL,3
10069,R.Newman,00-0036631,2021,GB,4
10070,R.Newman,00-0036631,2022,GB,3
10071,R.Newman,00-0036631,2023,GB,2
10072,R.Nix,00-0030741,2016,PIT,2
10073,R.Nix,00-0030741,2017,PIT,5
10074,R.Nix,00-0030741,2018,PIT,4
10075,R.Nkemdiche,00-0032761,2016,ARI,1
10076,R.Nkemdiche,00-0032761,2017,ARI,4
10077,R.Nkemdiche,00-0032761,2018,ARI,2
10078,R.Nkemdiche,00-0032761,2021,SEA,1
10079,R.Nunez-Roches,00-0031957,2016,KC,1
10080,R.Nunez-Roches,00-0031957,2018,TB,1
10081,R.Nunez-Roches,00-0031957,2019,TB,4
10082,R.Nunez-Roches,00-0031957,2020,TB,3
10083,R.Nunez-Roches,00-0031957,2022,TB,3
10084,R.Nunez-Roches,00-0031957,2024,NYG,1
10085,R.Nunez-Roches,00-0031957,2025,NYG,1
10086,R.Odhiambo,00-0032397,2017,SEA,1
10087,R.Odunze,00-0039919,2024,CHI,1
10088,R.Odunze,00-0039919,2025,CHI,3
10089,R.Okung,00-0027859,2016,DEN,9
10090,R.Okung,00-0027859,2017,LAC,4
10091,R.Okung,00-0027859,2018,LAC,6
10092,R.Okung,00-0027859,2019,LAC,5
10093,R.Okung,00-0027859,2020,CAR,2
10094,R.Okwara,00-0032655,2018,DET,2
10095,R.Okwara,00-0032655,2020,DET,5
10096,R.Orhorhoro,00-0039733,2025,ATL,2
10097,R.Ortiz,00-0033374,2019,NO,1
10098,R.Ouzts,00-0040649,2025,SEA,2
10099,R.Parker,00-0028445,2016,KC,1
10100,R.Parker,00-0028445,2017,KC,2
10101,R.Parker,00-0028445,2018,KC,2
10102,R.Patterson,00-0036816,2025,MIA,2
10103,R.Payton,00-0039620,2024,NO,2
10104,R.Payton,00-0039620,2025,NYG,2
10105,R.Pearsall,00-0039916,2024,SF,1
10106,R.Pearsall,00-0039916,2025,SF,1
10107,R.Penny,00-0034750,2021,SEA,1
10108,R.Penny,00-0034750,2023,PHI,1
10109,R.Perkins,00-0036978,2023,DEN,1
10110,R.Quigley,00-0029493,2016,ARI,1
10111,R.Quinn,00-0027952,2016,LA,1
10112,R.Quinn,00-0027952,2017,LA,5
10113,R.Quinn,00-0027952,2018,MIA,3
10114,R.Quinn,00-0027952,2019,DAL,3
10115,R.Quinn,00-0027952,2020,CHI,3
10116,R.Quinn,00-0027952,2021,CHI,4
10117,R.Quinn,00-0027952,2022,CHI,1
10118,R.Quinn,00-0027952,2022,PHI,1
10119,R.Ragland,00-0033058,2020,DET,1
10120,R.Ramczyk,00-0033888,2017,NO,4
10121,R.Ramczyk,00-0033888,2018,NO,3
10122,R.Ramczyk,00-0033888,2019,NO,4
10123,R.Ramczyk,00-0033888,2020,NO,5
10124,R.Ramczyk,00-0033888,2022,NO,4
10125,R.Ramczyk,00-0033888,2023,NO,3
10126,R.Ramsey,00-0035085,2020,GB,2
10127,R.Rehkow,00-0039323,2025,CIN,1
10128,R.Reiff,00-0029672,2016,DET,3
10129,R.Reiff,00-0029672,2017,MIN,4
10130,R.Reiff,00-0029672,2018,MIN,3
10131,R.Reiff,00-0029672,2019,MIN,8
10132,R.Reiff,00-0029672,2020,MIN,1
10133,R.Reiff,00-0029672,2021,CIN,1
10134,R.Reiff,00-0029672,2022,CHI,2
10135,R.Rice,00-0039067,2023,KC,2
10136,R.Rice,00-0039067,2025,KC,2
10137,R.Ridley,00-0035590,2019,CHI,1
10138,R.Robertson-Harris,00-0032667,2017,CHI,2
10139,R.Robertson-Harris,00-0032667,2018,CHI,1
10140,R.Robertson-Harris,00-0032667,2019,CHI,1
10141,R.Robertson-Harris,00-0032667,2020,CHI,1
10142,R.Robertson-Harris,00-0032667,2021,JAX,3
10143,R.Robertson-Harris,00-0032667,2022,JAX,4
10144,R.Robertson-Harris,00-0032667,2023,JAX,1
10145,R.Robertson-Harris,00-0032667,2024,SEA,1
10146,R.Robertson-Harris,00-0032667,2025,NYG,2
10147,R.Robinson,00-0032410,2016,SF,7
10148,R.Robinson,00-0032410,2017,SF,8
10149,R.Robinson,00-0032410,2021,TB,1
10150,R.Rochell,00-0036904,2021,LA,1
10151,R.Rochell,00-0036904,2022,LA,2
10152,R.Rochell,00-0036904,2024,GB,2
10153,R.Rochell,00-0036904,2025,CAR,1
10154,R.Rodgers,00-0031384,2016,GB,1
10155,R.Rodgers,00-0031384,2017,GB,2
10156,R.Rodgers,00-0031384,2018,PHI,1
10157,R.Rosengarten,00-0039233,2024,BAL,4
10158,R.Rosengarten,00-0039233,2025,BAL,4
10159,R.Russell,00-0031948,2017,TB,2
10160,R.Saffold,00-0027648,2016,LA,3
10161,R.Saffold,00-0027648,2017,LA,2
10162,R.Saffold,00-0027648,2018,LA,7
10163,R.Saffold,00-0027648,2019,TEN,2
10164,R.Saffold,00-0027648,2020,TEN,1
10165,R.Saffold,00-0027648,2021,TEN,5
10166,R.Saffold,00-0027648,2022,BUF,7
10167,R.Saffold III,00-0027648,2020,TEN,2
10168,R.Sanchez,00-0033269,2025,IND,1
10169,R.Schraeder,00-0029786,2016,ATL,10
10170,R.Schraeder,00-0029786,2017,ATL,3
10171,R.Schraeder,00-0029786,2018,ATL,9
10172,R.Scott,00-0032621,2017,MIA,1
10173,R.Seals-Jones,00-0033611,2017,ARI,2
10174,R.Seals-Jones,00-0033611,2018,ARI,3
10175,R.Seals-Jones,00-0033611,2020,KC,1
10176,R.Seals-Jones,00-0033611,2021,WAS,4
10177,R.Shaheed,00-0037545,2023,NO,3
10178,R.Shaheed,00-0037545,2024,NO,1
10179,R.Shaheed,00-0037545,2025,NO,2
10180,R.Shazier,00-0031365,2016,PIT,4
10181,R.Shazier,00-0031365,2017,PIT,1
10182,R.Shepard,00-0030147,2016,TB,1
10183,R.Shepard,00-0030147,2017,CAR,3
10184,R.Shepard,00-0030147,2018,NYG,2
10185,R.Sherman,00-0028092,2016,SEA,8
10186,R.Sherman,00-0028092,2017,SEA,3
10187,R.Sherman,00-0028092,2018,SF,3
10188,R.Sherman,00-0028092,2019,SF,7
10189,R.Sherman,00-0028092,2020,SF,1
10190,R.Sherman,00-0028092,2021,TB,2
10191,R.Slater,00-0037009,2021,LAC,6
10192,R.Slater,00-0037009,2022,LAC,1
10193,R.Slater,00-0037009,2023,LAC,7
10194,R.Slater,00-0037009,2024,LAC,3
10195,R.Smith,00-0031900,2016,DAL,3
10196,R.Smith,00-0031900,2017,DAL,1
10197,R.Smith,00-0031900,2018,DAL,2
10198,R.Smith,00-0032772,2016,TB,1
10199,R.Smith,00-0032772,2017,TB,3
10200,R.Smith,00-0032772,2018,TB,3
10201,R.Smith,00-0032772,2019,TB,1
10202,R.Smith,00-0032772,2020,TB,1
10203,R.Smith,00-0034874,2018,CHI,3
10204,R.Smith,00-0034874,2019,CHI,2
10205,R.Smith,00-0034874,2020,CHI,1
10206,R.Smith,00-0034874,2021,CHI,4
10207,R.Smith,00-0034874,2023,BAL,3
10208,R.Smith,00-0034874,2024,BAL,1
10209,R.Smith,00-0034874,2025,BAL,2
10210,R.Spillane,00-0034720,2019,PIT,2
10211,R.Spillane,00-0034720,2020,PIT,1
10212,R.Spillane,00-0034720,2021,PIT,1
10213,R.Spillane,00-0034720,2022,PIT,2
10214,R.Spillane,00-0034720,2023,LV,1
10215,R.Spillane,00-0034720,2024,LV,1
10216,R.Stanley,00-0032965,2016,BAL,7
10217,R.Stanley,00-0032965,2017,BAL,5
10218,R.Stanley,00-0032965,2018,BAL,8
10219,R.Stanley,00-0032965,2019,BAL,4
10220,R.Stanley,00-0032965,2020,BAL,3
10221,R.Stanley,00-0032965,2022,BAL,1
10222,R.Stanley,00-0032965,2023,BAL,12
10223,R.Stanley,00-0032965,2024,BAL,13
10224,R.Stanley,00-0032965,2025,BAL,5
10225,R.Stevenson,00-0036875,2024,NE,3
10226,R.Steward,00-0039465,2025,DAL,4
10227,R.Streater,00-0029129,2016,SF,1
10228,R.Tannehill,00-0029701,2016,MIA,3
10229,R.Tannehill,00-0029701,2020,TEN,1
10230,R.Tannehill,00-0029701,2021,TEN,1
10231,R.Tannehill,00-0029701,2022,TEN,1
10232,R.Teamer,00-0035437,2019,LAC,1
10233,R.Teamer,00-0035437,2021,LV,2
10234,R.Teamer,00-0035437,2022,LV,5
10235,R.Teamer,00-0035437,2024,NO,2
10236,R.Telfer,00-0031533,2016,CLE,1
10237,R.Telfer,00-0031533,2017,CLE,1
10238,R.Therezie,00-0031680,2016,ATL,2
10239,R.Thomas,00-0037323,2022,IND,1
10240,R.Thomas,00-0037323,2024,IND,1
10241,R.Tonyan,00-0033757,2018,GB,2
10242,R.Tonyan,00-0033757,2019,GB,3
10243,R.Tonyan,00-0033757,2020,GB,5
10244,R.Tonyan,00-0033757,2021,GB,1
10245,R.Tonyan,00-0033757,2022,GB,2
10246,R.Travis,00-0032319,2016,KC,1
10247,R.Travis,00-0032319,2017,KC,1
10248,R.Van Demark,00-0037404,2025,BUF,3
10249,R.Wagner,00-0029893,2016,BAL,3
10250,R.Wagner,00-0029893,2017,DET,3
10251,R.Wagner,00-0029893,2018,DET,4
10252,R.Wagner,00-0029893,2019,DET,3
10253,R.Wagner,00-0029893,2020,GB,1
10254,R.Walker,00-0037196,2023,GB,6
10255,R.Walker,00-0037196,2024,GB,9
10256,R.Walker,00-0037196,2025,GB,9
10257,R.Weaver,00-0036938,2022,TEN,2
10258,R.Webb,00-0037185,2022,NE,1
10259,R.White,00-0037256,2023,TB,2
10260,R.Wildgoose,00-0036573,2022,WAS,7
10261,R.Williams,00-0036007,2020,PHI,1
10262,R.Williams,00-0036570,2021,NYG,1
10263,R.Williams,00-0036570,2022,NYG,1
10264,R.Wilson,00-0029263,2016,SEA,2
10265,R.Wilson,00-0029263,2017,SEA,7
10266,R.Wilson,00-0029263,2018,SEA,1
10267,R.Wilson,00-0029263,2020,SEA,4
10268,R.Wilson,00-0029263,2022,DEN,1
10269,R.Wilson,00-0029263,2023,DEN,1
10270,R.Wilson,00-0029263,2024,PIT,1
10271,R.Wilson,00-0029263,2025,NYG,1
10272,R.Wilson,00-0031943,2016,KC,1
10273,R.Wilson,00-0031943,2018,LA,1
10274,R.Windsor,00-0036227,2020,IND,1
10275,R.Woods,00-0030431,2016,BUF,3
10276,R.Woods,00-0030431,2017,LA,5
10277,R.Woods,00-0030431,2018,LA,5
10278,R.Woods,00-0030431,2019,LA,4
10279,R.Woods,00-0030431,2020,LA,4
10280,R.Woods,00-0030431,2022,TEN,1
10281,R.Woods,00-0030431,2023,HOU,2
10282,R.Woods,00-0030431,2024,HOU,1
10283,R.Ya-Sin,00-0035637,2019,IND,8
10284,R.Ya-Sin,00-0035637,2020,IND,6
10285,R.Ya-Sin,00-0035637,2021,IND,2
10286,R.Ya-Sin,00-0035637,2022,LV,3
10287,R.Ya-Sin,00-0035637,2023,BAL,3
10288,R.Ya-Sin,00-0035637,2024,SF,3
10289,R.Ya-Sin,00-0035637,2025,DET,7
10290,R.Yeast,00-0037844,2022,LA,3
10291,R.Yeast,00-0037844,2023,LA,2
10292,Ra.Robinson,00-0032410,2020,DAL,2
10293,Ro.Anderson,00-0032688,2019,NYJ,3
10294,S.Acho,00-0028041,2016,CHI,1
10295,S.Ahmed,00-0036020,2020,MIA,1
10296,S.Anderson,00-0032725,2017,HOU,1
10297,S.Anderson,00-0032725,2021,LAC,2
10298,S.Anderson,00-0038645,2024,PIT,2
10299,S.Anderson,00-0038645,2025,PIT,2
10300,S.Anthony,00-0032102,2016,NO,1
10301,S.Anthony,00-0032102,2017,MIA,1
10302,S.Anthony,00-0032102,2018,MIA,1
10303,S.Avila,00-0039058,2023,LA,2
10304,S.Avila,00-0039058,2024,LA,2
10305,S.Avila,00-0039058,2025,LA,1
10306,S.Barkley,00-0034844,2018,NYG,1
10307,S.Barkley,00-0034844,2023,NYG,1
10308,S.Barkley,00-0034844,2024,PHI,1
10309,S.Barkley,00-0034844,2025,PHI,1
10310,S.Barrett,00-0031101,2016,DEN,2
10311,S.Barrett,00-0031101,2018,DEN,2
10312,S.Barrett,00-0031101,2019,TB,10
10313,S.Barrett,00-0031101,2020,TB,7
10314,S.Barrett,00-0031101,2021,TB,6
10315,S.Barrett,00-0031101,2022,TB,1
10316,S.Barrett,00-0031101,2023,TB,5
10317,S.Barrington,00-0030119,2016,NO,1
10318,S.Beal,00-0034839,2019,NYG,3
10319,S.Bozeman,00-0039313,2025,NYG,1
10320,S.Bradford,00-0027854,2016,MIN,8
10321,S.Bradley,00-0036401,2020,PHI,1
10322,S.Bradley,00-0036401,2022,PHI,1
10323,S.Brown,00-0036976,2021,BUF,7
10324,S.Brown,00-0036976,2022,BUF,6
10325,S.Brown,00-0036976,2023,BUF,7
10326,S.Brown,00-0036976,2024,BUF,14
10327,S.Brown,00-0036976,2025,BUF,4
10328,S.Brown,00-0039002,2024,PHI,4
10329,S.Brown,00-0039002,2025,PHI,4
10330,S.Bunting,00-0035239,2019,TB,3
10331,S.Burford,00-0037829,2022,SF,5
10332,S.Burford,00-0037829,2023,SF,8
10333,S.Burford,00-0037829,2025,SF,1
10334,S.Calhoun,00-0033122,2016,LV,3
10335,S.Calhoun,00-0033122,2017,LV,4
10336,S.Calhoun,00-0033122,2018,LV,1
10337,S.Calhoun,00-0033122,2019,NE,4
10338,S.Carter,00-0036147,2023,TEN,1
10339,S.Castro,00-0040527,2025,PIT,1
10340,S.Chandler,00-0034496,2018,NYG,2
10341,S.Chandler,00-0034496,2019,NYG,1
10342,S.Chandler,00-0034496,2021,CAR,4
10343,S.Chandler,00-0034496,2022,CAR,1
10344,S.Charles,00-0030132,2016,DET,2
10345,S.Charles,00-0036334,2021,WAS,4
10346,S.Charles,00-0036334,2022,WAS,1
10347,S.Charles,00-0036334,2023,WAS,2
10348,S.Coates,00-0032166,2016,PIT,4
10349,S.Coates,00-0032166,2017,CLE,3
10350,S.Coates,00-0032166,2018,HOU,1
10351,S.Coleman,00-0033097,2017,CLE,10
10352,S.Cosmi,00-0036618,2021,WAS,3
10353,S.Cosmi,00-0036618,2022,WAS,3
10354,S.Cosmi,00-0036618,2023,WAS,4
10355,S.Cosmi,00-0036618,2024,WAS,11
10356,S.Cosmi,00-0036618,2025,WAS,1
10357,S.Cravens,00-0032767,2016,WAS,2
10358,S.Cravens,00-0032767,2018,DEN,3
10359,S.Culkin,00-0033696,2018,LAC,1
10360,S.Daly,00-0034067,2021,DET,1
10361,S.Daly,00-0034067,2022,DET,1
10362,S.Daly,00-0034067,2023,DET,1
10363,S.Daly,00-0034067,2024,CHI,2
10364,S.Darnold,00-0034869,2019,NYJ,2
10365,S.Darnold,00-0034869,2021,CAR,2
10366,S.Darnold,00-0034869,2022,CAR,1
10367,S.Darnold,00-0034869,2024,MIN,4
10368,S.Darnold,00-0034869,2025,SEA,1
10369,S.Davis,00-0033053,2016,PIT,3
10370,S.Davis,00-0033053,2017,PIT,5
10371,S.Davis,00-0033053,2018,PIT,2
10372,S.Davis,00-0033053,2019,PIT,1
10373,S.Day,00-0033010,2016,JAX,1
10374,S.Day,00-0033010,2017,JAX,1
10375,S.Day,00-0033010,2019,SF,1
10376,S.Day,00-0033010,2021,CLE,1
10377,S.Day,00-0033010,2025,WAS,1
10378,S.DeValve,00-0033080,2016,CLE,1
10379,S.DeValve,00-0033080,2017,CLE,4
10380,S.DeValve,00-0033080,2018,CLE,1
10381,S.Dennis,00-0039049,2023,TB,3
10382,S.Dennis,00-0039049,2024,TB,2
10383,S.Diggs,00-0031588,2016,MIN,3
10384,S.Diggs,00-0031588,2017,MIN,3
10385,S.Diggs,00-0031588,2018,MIN,5
10386,S.Diggs,00-0031588,2019,MIN,4
10387,S.Diggs,00-0031588,2020,BUF,4
10388,S.Diggs,00-0031588,2021,BUF,2
10389,S.Diggs,00-0031588,2022,BUF,3
10390,S.Diggs,00-0031588,2023,BUF,3
10391,S.Diggs,00-0031588,2024,HOU,2
10392,S.Diggs,00-0031588,2025,NE,4
10393,S.Dolac,00-0040613,2025,LA,2
10394,S.Draughn,00-0028202,2016,SF,1
10395,S.Duck,00-0039481,2024,MIA,2
10396,S.Ebukam,00-0033945,2017,LA,3
10397,S.Ebukam,00-0033945,2018,LA,3
10398,S.Ebukam,00-0033945,2019,LA,1
10399,S.Ebukam,00-0033945,2021,SF,1
10400,S.Ebukam,00-0033945,2022,SF,2
10401,S.Ebukam,00-0033945,2023,IND,2
10402,S.Ebukam,00-0033945,2025,IND,1
10403,S.Eguavoen,00-0034902,2023,NYJ,1
10404,S.Eguavoen,00-0034902,2024,NYJ,1
10405,S.Fehoko,00-0036646,2022,DAL,1
10406,S.Forsythe,00-0036653,2022,SEA,2
10407,S.Forsythe,00-0036653,2023,SEA,2
10408,S.Forsythe,00-0036653,2024,SEA,2
10409,S.Forsythe,00-0036653,2025,LV,4
10410,S.Franklin,00-0036037,2020,CAR,2
10411,S.Franklin,00-0036037,2022,CAR,4
10412,S.Franklin,00-0036037,2023,CAR,4
10413,S.Franklin,00-0036037,2024,CAR,4
10414,S.Franklin,00-0036037,2025,BUF,4
10415,S.Gibson,00-0033573,2017,PHI,1
10416,S.Gibson,00-0033573,2018,PHI,1
10417,S.Gilmore,00-0029542,2016,BUF,8
10418,S.Gilmore,00-0029542,2017,NE,7
10419,S.Gilmore,00-0029542,2018,NE,7
10420,S.Gilmore,00-0029542,2019,NE,5
10421,S.Gilmore,00-0029542,2020,NE,5
10422,S.Gilmore,00-0029542,2021,CAR,2
10423,S.Gilmore,00-0029542,2022,IND,4
10424,S.Gilmore,00-0029542,2023,DAL,4
10425,S.Gilmore,00-0029542,2024,MIN,5
10426,S.Gostkowski,00-0024333,2016,NE,1
10427,S.Griffin,00-0033926,2017,SEA,7
10428,S.Griffin,00-0033926,2020,SEA,1
10429,S.Griffin,00-0033926,2021,JAX,3
10430,S.Griffin,00-0033926,2022,JAX,3
10431,S.Griffin,00-0033926,2023,HOU,5
10432,S.Griffin,00-0033926,2024,MIN,1
10433,S.Hamilton,00-0034336,2018,WAS,1
10434,S.Hamilton,00-0034336,2019,WAS,1
10435,S.Hamilton,00-0034336,2020,WAS,1
10436,S.Hampton,00-0035288,2019,NO,1
10437,S.Harlow,00-0033511,2021,ARI,4
10438,S.Harlow,00-0033511,2023,NYG,1
10439,S.Harris,00-0031270,2017,DEN,1
10440,S.Harris,00-0031270,2018,DEN,1
10441,S.Harris,00-0031270,2019,DEN,1
10442,S.Harris,00-0031270,2020,DEN,2
10443,S.Harris,00-0031270,2021,DEN,2
10444,S.Harris,00-0031270,2023,CLE,3
10445,S.Harris,00-0031270,2024,CLE,1
10446,S.Harris,00-0031270,2025,CLE,3
10447,S.Hauschka,00-0025944,2017,BUF,1
10448,S.Henderson,00-0031029,2019,HOU,1
10449,S.Howell,00-0037077,2023,WAS,2
10450,S.Hubbard,00-0034834,2018,CIN,1
10451,S.Hubbard,00-0034834,2019,CIN,2
10452,S.Hubbard,00-0034834,2020,CIN,1
10453,S.Hubbard,00-0034834,2021,CIN,1
10454,S.Hubbard,00-0034834,2022,CIN,1
10455,S.Hubbard,00-0034834,2023,CIN,3
10456,S.Ika,00-0038561,2023,CLE,2
10457,S.James,00-0040011,2025,DAL,2
10458,S.Jean-Charles,00-0036645,2023,SF,2
10459,S.Johnson,00-0028943,2016,PIT,1
10460,S.Jones,00-0033543,2018,PHI,2
10461,S.Jones,00-0033543,2019,PHI,2
10462,S.Jones,00-0033543,2021,SEA,2
10463,S.Jones,00-0033543,2022,SEA,1
10464,S.Joseph,00-0034810,2019,LA,4
10465,S.Joseph,00-0034810,2021,LA,1
10466,S.Joseph,00-0034810,2022,LAC,1
10467,S.Joseph,00-0034810,2023,LAC,1
10468,S.Joseph,00-0034810,2024,TEN,1
10469,S.Joseph,00-0034810,2025,TEN,1
10470,S.Kamara,00-0036705,2023,CLE,1
10471,S.Kane,00-0039235,2024,BAL,1
10472,S.Kelemete,00-0029546,2016,NO,4
10473,S.Kelemete,00-0029546,2017,NO,5
10474,S.Kelemete,00-0029546,2018,HOU,2
10475,S.Kelemete,00-0029546,2020,HOU,1
10476,S.Kelemete,00-0029546,2021,LAC,2
10477,S.Kindley,00-0036131,2020,MIA,4
10478,S.Kindley,00-0036131,2021,MIA,1
10479,S.Koch,00-0024417,2016,BAL,1
10480,S.Koch,00-0024417,2017,BAL,1
10481,S.LaPorta,00-0039065,2023,DET,1
10482,S.LaPorta,00-0039065,2024,DET,2
10483,S.LaPorta,00-0039065,2025,DET,1
10484,S.Laumea,00-0039799,2024,SEA,3
10485,S.Lauvao,00-0027694,2016,WAS,5
10486,S.Lauvao,00-0027694,2017,WAS,1
10487,S.Lauvao,00-0027694,2018,WAS,2
10488,S.Lawson,00-0033096,2016,BUF,2
10489,S.Lawson,00-0033096,2017,BUF,2
10490,S.Lawson,00-0033096,2019,BUF,3
10491,S.Lawson,00-0033096,2020,MIA,2
10492,S.Lawson,00-0033096,2021,NYJ,5
10493,S.Lawson,00-0033096,2022,BUF,3
10494,S.Lawson,00-0033096,2023,BUF,2
10495,S.Lechler,00-0019714,2016,HOU,1
10496,S.Lechler,00-0019714,2017,HOU,1
10497,S.Lee,00-0027663,2017,DAL,1
10498,S.Lemieux,00-0036397,2020,NYG,1
10499,S.Long,00-0031047,2016,WAS,1
10500,S.Long,00-0031047,2018,NYJ,4
10501,S.Longa,00-0032470,2019,DET,1
10502,S.Lotulelei,00-0030455,2016,CAR,1
10503,S.Lotulelei,00-0030455,2017,CAR,2
10504,S.Lotulelei,00-0030455,2018,BUF,1
10505,S.Lotulelei,00-0030455,2021,BUF,1
10506,S.Luani,00-0033970,2017,LV,1
10507,S.Mannion,00-0032245,2017,LA,1
10508,S.Marks,00-0027038,2016,JAX,4
10509,S.Martin,00-0030092,2016,DET,1
10510,S.Martin,00-0030092,2017,DET,1
10511,S.Mason,00-0031580,2016,NE,3
10512,S.Mason,00-0031580,2017,NE,1
10513,S.Mason,00-0031580,2018,NE,2
10514,S.Mason,00-0031580,2019,NE,5
10515,S.Mason,00-0031580,2020,NE,1
10516,S.Mason,00-0031580,2021,NE,4
10517,S.Mason,00-0031580,2022,TB,2
10518,S.Mason,00-0031580,2023,HOU,8
10519,S.Mason,00-0031580,2024,HOU,4
10520,S.Matlock,00-0038614,2024,LAC,2
10521,S.McClellin,00-0029250,2016,NE,1
10522,S.McClure,00-0032350,2017,WAS,1
10523,S.McGee,00-0030515,2016,LV,1
10524,S.McGee,00-0030515,2017,WAS,1
10525,S.McGrath,00-0029391,2016,LAC,4
10526,S.McGrath,00-0029391,2017,LAC,1
10527,S.McKeon,00-0036032,2023,DAL,3
10528,S.McLendon,00-0026564,2016,NYJ,1
10529,S.McLendon,00-0026564,2017,NYJ,2
10530,S.McLendon,00-0026564,2018,NYJ,2
10531,S.McLendon,00-0026564,2019,NYJ,4
10532,S.McLendon,00-0026564,2020,NYJ,1
10533,S.McLendon,00-0026564,2020,TB,1
10534,S.McManis,00-0027743,2016,CHI,1
10535,S.McManis,00-0027743,2017,CHI,2
10536,S.McManis,00-0027743,2018,CHI,1
10537,S.McManis,00-0027743,2020,CHI,1
10538,S.Means,00-0030387,2018,ATL,1
10539,S.Means,00-0030387,2020,ATL,4
10540,S.Means,00-0030387,2021,ATL,1
10541,S.Michel,00-0034845,2018,NE,1
10542,S.Michel,00-0034845,2021,LA,1
10543,S.Michel,00-0034845,2022,LAC,1
10544,S.Miller,00-0035298,2021,TB,1
10545,S.Miller,00-0035298,2022,TB,1
10546,S.Miller,00-0035298,2024,PIT,1
10547,S.Mitchell,00-0034081,2019,HOU,1
10548,S.Mitchell,00-0034081,2020,HOU,1
10549,S.Moore,00-0028767,2016,NO,5
10550,S.Moore,00-0028767,2017,NO,3
10551,S.Moore,00-0030529,2016,ARI,1
10552,S.Moore,00-0034090,2018,IND,1
10553,S.Morgan,00-0035399,2019,CIN,1
10554,S.Morgan,00-0035399,2021,CIN,1
10555,S.Morgan,00-0035399,2022,CIN,1
10556,S.Morgan,00-0035399,2023,CIN,1
10557,S.Murphy-Bunting,00-0035239,2020,TB,6
10558,S.Murphy-Bunting,00-0035239,2021,TB,2
10559,S.Murphy-Bunting,00-0035239,2022,TB,1
10560,S.Murphy-Bunting,00-0035239,2023,TEN,10
10561,S.Murphy-Bunting,00-0035239,2024,ARI,7
10562,S.Mustipher,00-0035062,2021,CHI,4
10563,S.Mustipher,00-0035062,2022,CHI,3
10564,S.Mustipher,00-0035062,2023,BAL,1
10565,S.Mustipher,00-0035062,2024,LAC,2
10566,S.Neal,00-0034391,2018,BUF,1
10567,S.Neal,00-0034391,2019,BUF,3
10568,S.Neal,00-0034391,2020,BUF,3
10569,S.Neal,00-0034391,2021,BUF,6
10570,S.Neal,00-0034391,2022,BUF,3
10571,S.Neal,00-0034391,2023,BUF,3
10572,S.Neal,00-0034391,2024,MIA,6
10573,S.Neal,00-0034391,2025,SF,1
10574,S.Neasman,00-0032592,2017,ATL,2
10575,S.Neasman,00-0032592,2018,ATL,1
10576,S.Neasman,00-0032592,2019,ATL,1
10577,S.Nelson,00-0032150,2016,KC,4
10578,S.Nelson,00-0032150,2017,KC,2
10579,S.Nelson,00-0032150,2018,KC,9
10580,S.Nelson,00-0032150,2019,PIT,2
10581,S.Nelson,00-0032150,2020,PIT,3
10582,S.Nelson,00-0032150,2021,PHI,5
10583,S.Nelson,00-0032150,2022,HOU,1
10584,S.Nelson,00-0032150,2023,HOU,3
10585,S.Norton,00-0033752,2021,LAC,3
10586,S.Norton,00-0033752,2022,LAC,2
10587,S.Norton,00-0033752,2023,ATL,1
10588,S.Norton,00-0033752,2024,ATL,1
10589,S.Okuayinonu,00-0037602,2022,TEN,2
10590,S.Okuayinonu,00-0037602,2024,SF,3
10591,S.Okuayinonu,00-0037602,2025,SF,1
10592,S.Olonilua,00-0036033,2020,DAL,1
10593,S.Olubi,00-0037527,2025,IND,1
10594,S.Paea,00-0027991,2016,CLE,1
10595,S.Parker,00-0034736,2019,MIA,2
10596,S.Paysinger,00-0028368,2016,MIA,1
10597,S.Pulley,00-0032911,2016,LAC,2
10598,S.Pulley,00-0032911,2017,LAC,1
10599,S.Pulley,00-0032911,2018,NYG,2
10600,S.Pulley,00-0032911,2019,NYG,1
10601,S.Quarterman,00-0036235,2020,JAX,1
10602,S.Quessenberry,00-0034392,2019,LAC,2
10603,S.Quessenberry,00-0034392,2021,LAC,1
10604,S.Quessenberry,00-0034392,2022,HOU,2
10605,S.Rankins,00-0032759,2016,NO,1
10606,S.Rankins,00-0032759,2017,NO,2
10607,S.Rankins,00-0032759,2019,NO,1
10608,S.Rankins,00-0032759,2020,NO,2
10609,S.Rankins,00-0032759,2021,NYJ,1
10610,S.Rattler,00-0039376,2025,NO,2
10611,S.Ray,00-0032221,2016,DEN,1
10612,S.Ray,00-0032221,2017,DEN,4
10613,S.Redwine,00-0034977,2019,CLE,1
10614,S.Redwine,00-0034977,2020,CLE,2
10615,S.Revel,00-0040008,2025,DAL,4
10616,S.Rhyan,00-0037076,2023,GB,1
10617,S.Rhyan,00-0037076,2024,GB,7
10618,S.Rhyan,00-0037076,2025,GB,3
10619,S.Richardson,00-0030573,2016,NYJ,6
10620,S.Richardson,00-0030573,2017,SEA,4
10621,S.Richardson,00-0030573,2018,MIN,4
10622,S.Richardson,00-0030573,2019,CLE,6
10623,S.Richardson,00-0030573,2020,CLE,1
10624,S.Richardson,00-0030573,2021,MIN,4
10625,S.Ridley,00-0028011,2016,ATL,1
10626,S.Ridley,00-0028011,2018,PIT,1
10627,S.Roberts,00-0031166,2016,LV,5
10628,S.Roberts,00-0031166,2017,LV,6
10629,S.Roberts,00-0031166,2018,LV,5
10630,S.Roberts,00-0031166,2019,BAL,1
10631,S.Roberts,00-0031166,2020,CAR,1
10632,S.Roberts,00-0037298,2023,NE,1
10633,S.Samuels,00-0035970,2020,GB,1
10634,S.Sanders,00-0040668,2025,CLE,4
10635,S.Shepard,00-0032385,2017,NYG,2
10636,S.Shepard,00-0032385,2018,NYG,3
10637,S.Shepard,00-0032385,2019,NYG,1
10638,S.Shepard,00-0032385,2020,NYG,2
10639,S.Shepard,00-0032385,2021,NYG,2
10640,S.Shepard,00-0032385,2022,NYG,1
10641,S.Shepard,00-0032385,2024,TB,6
10642,S.Shepard,00-0032385,2025,TB,2
10643,S.Shields,00-0027440,2018,LA,3
10644,S.Shrader,00-0039576,2025,IND,1
10645,S.Simonson,00-0031167,2018,NYG,6
10646,S.Simonson,00-0031167,2019,NYG,1
10647,S.Sims,00-0034928,2019,WAS,2
10648,S.Sims,00-0034928,2022,PIT,1
10649,S.Sims,00-0034928,2024,HOU,1
10650,S.Smartt,00-0037475,2023,LAC,3
10651,S.Smartt,00-0037475,2024,LAC,1
10652,S.Smith,00-0020337,2016,BAL,5
10653,S.Smith,00-0027037,2016,LV,3
10654,S.Smith,00-0027037,2017,LV,2
10655,S.Smith,00-0035370,2020,DAL,1
10656,S.Smith,00-0035370,2021,DET,1
10657,S.Smith,00-0036572,2022,CAR,2
10658,S.Sow,00-0038569,2023,NE,1
10659,S.Sow,00-0038569,2024,NE,1
10660,S.Stephen,00-0031242,2016,MIN,1
10661,S.Stephen,00-0031242,2017,MIN,2
10662,S.Stephen,00-0031242,2018,SEA,1
10663,S.Stephen,00-0031242,2019,MIN,3
10664,S.Sullivan,00-0036438,2022,CAR,1
10665,S.Takitaki,00-0035646,2019,CLE,1
10666,S.Takitaki,00-0035646,2022,CLE,1
10667,S.Takitaki,00-0035646,2024,NE,1
10668,S.Takitaki,00-0035646,2025,MIN,1
10669,S.Terrell,00-0029958,2016,SEA,2
10670,S.Tevi,00-0033578,2017,LAC,2
10671,S.Tevi,00-0033578,2018,LAC,4
10672,S.Tevi,00-0033578,2019,LAC,3
10673,S.Tevi,00-0033578,2020,LAC,5
10674,S.Thomas,00-0030412,2016,PIT,1
10675,S.Thomas,00-0030412,2018,DEN,1
10676,S.Thomas,00-0033870,2017,SF,6
10677,S.Thomas,00-0033870,2018,SF,2
10678,S.Thomas,00-0033870,2019,SF,5
10679,S.Thomas,00-0033870,2021,LV,4
10680,S.Thomas,00-0033870,2022,NYJ,1
10681,S.Thomas,00-0033870,2023,NYJ,3
10682,S.Thomas,00-0033870,2024,NYJ,4
10683,S.Thomas,00-0033870,2025,DAL,3
10684,S.Thomas,00-0034276,2019,WAS,1
10685,S.Thomas,00-0038663,2023,ARI,3
10686,S.Thomas,00-0038663,2024,ARI,2
10687,S.Thomas-Oliver,00-0036315,2020,CAR,1
10688,S.Thomas-Oliver,00-0036315,2021,CAR,1
10689,S.Thompson,00-0031550,2016,CAR,1
10690,S.Thompson,00-0031550,2017,CAR,1
10691,S.Thompson,00-0031550,2018,CAR,1
10692,S.Thompson,00-0031550,2019,CAR,1
10693,S.Thompson,00-0031550,2020,CAR,1
10694,S.Thompson,00-0031550,2021,CAR,1
10695,S.Thompson,00-0031550,2024,CAR,1
10696,S.Thompson,00-0031550,2025,BUF,2
10697,S.Toney,00-0036666,2022,WAS,1
10698,S.Toure,00-0037098,2022,GB,1
10699,S.Toure,00-0037098,2023,GB,1
10700,S.Tucker,00-0038951,2025,TB,1
10701,S.Tuitt,00-0031412,2016,PIT,3
10702,S.Tuitt,00-0031412,2017,PIT,1
10703,S.Tuitt,00-0031412,2018,PIT,3
10704,S.Tuitt,00-0031412,2019,PIT,1
10705,S.Tuttle,00-0035409,2022,NO,4
10706,S.Tuttle,00-0035409,2023,CAR,1
10707,S.Tuttle,00-0035409,2024,CAR,1
10708,S.Van Pran-Granger,00-0039876,2025,BUF,1
10709,S.Wade,00-0036559,2023,NE,1
10710,S.Ware,00-0030414,2016,KC,1
10711,S.Ware,00-0030414,2018,KC,1
10712,S.Watkins,00-0031325,2016,BUF,1
10713,S.Watkins,00-0031325,2017,LA,1
10714,S.Watkins,00-0031325,2018,KC,2
10715,S.Watkins,00-0031325,2019,KC,1
10716,S.Watkins,00-0031325,2020,KC,2
10717,S.Weatherford,00-0037406,2022,CHI,2
10718,S.Weatherly,00-0032448,2017,MIN,2
10719,S.Weatherly,00-0032448,2018,MIN,3
10720,S.Weatherly,00-0032448,2019,MIN,3
10721,S.Weatherly,00-0032448,2021,DEN,1
10722,S.Webb,00-0037516,2022,LV,3
10723,S.Webb,00-0037516,2025,CLE,2
10724,S.Williams,00-0030471,2016,CIN,2
10725,S.Williams,00-0030471,2017,CIN,2
10726,S.Williams,00-0030471,2018,CIN,5
10727,S.Williams,00-0030471,2021,ATL,1
10728,S.Williams,00-0030577,2016,DEN,3
10729,S.Williams,00-0030577,2018,MIA,1
10730,S.Williams,00-0037665,2022,DAL,4
10731,S.Williams,00-0037665,2023,DAL,8
10732,S.Williams,00-0037665,2025,DAL,4
10733,S.Wisniewski,00-0027986,2016,PHI,1
10734,S.Wisniewski,00-0027986,2017,PHI,1
10735,S.Wisniewski,00-0027986,2018,PHI,3
10736,S.Wisniewski,00-0027986,2020,KC,1
10737,S.Womack,00-0037830,2022,SF,2
10738,S.Womack,00-0037830,2023,SF,1
10739,S.Wright,00-0028027,2016,BAL,3
10740,S.Wright,00-0028027,2017,BUF,1
10741,S.Wright,00-0028027,2018,HOU,2
10742,S.Young,00-0027778,2017,MIA,4
10743,S.Young,00-0027778,2018,MIA,3
10744,S.Young,00-0027778,2020,LV,2
10745,S.Zylstra,00-0036534,2021,DET,1
10746,S.Zylstra,00-0036534,2022,DET,1
10747,S.Zylstra,00-0036534,2025,DET,1
10748,Sl.Griffin,00-0033926,2019,SEA,1
10749,Sq.Griffin,00-0033926,2019,SEA,1
10750,Sq.Griffin,00-0033926,2020,SEA,1
10751,T.Adams,00-0037155,2023,NYJ,2
10752,T.Adams,00-0037155,2024,NYJ,4
10753,T.Adams,00-0037155,2025,NYJ,2
10754,T.Alualu,00-0027862,2016,JAX,3
10755,T.Alualu,00-0027862,2019,PIT,1
10756,T.Alualu,00-0027862,2020,PIT,2
10757,T.Alualu,00-0027862,2022,PIT,2
10758,T.Amos,00-0040731,2025,WAS,1
10759,T.Anchrum,00-0036437,2023,LA,1
10760,T.Andersen,00-0037810,2022,ATL,1
10761,T.Andersen,00-0037810,2023,ATL,1
10762,T.Anderson,00-0037752,2023,CIN,2
10763,T.Anderson,00-0037752,2024,CIN,2
10764,T.Anderson,00-0037752,2025,CIN,1
10765,T.Apke,00-0034334,2020,WAS,1
10766,T.Apke,00-0034334,2021,WAS,2
10767,T.Armstead,00-0030067,2017,NO,3
10768,T.Armstead,00-0030067,2018,NO,2
10769,T.Armstead,00-0030067,2019,NO,6
10770,T.Armstead,00-0030067,2020,NO,3
10771,T.Armstead,00-0030067,2021,NO,3
10772,T.Armstead,00-0030067,2022,MIA,5
10773,T.Armstead,00-0030067,2023,MIA,3
10774,T.Armstead,00-0030067,2024,MIA,3
10775,T.Arnold,00-0039903,2024,DET,11
10776,T.Arnold,00-0039903,2025,DET,3
10777,T.Atwell,00-0036849,2024,LA,1
10778,T.Austin,00-0030525,2016,LA,2
10779,T.Austin,00-0030525,2019,DAL,3
10780,T.Avery,00-0037593,2022,TEN,4
10781,T.Avery,00-0037593,2023,TEN,5
10782,T.Avery,00-0037593,2024,TEN,2
10783,T.Avery,00-0037593,2025,CLE,1
10784,T.Badie,00-0037085,2025,DEN,2
10785,T.Barnes,00-0028274,2016,LA,2
10786,T.Basham,00-0033917,2017,IND,1
10787,T.Basham,00-0033917,2018,NYJ,1
10788,T.Basham,00-0033917,2019,NYJ,2
10789,T.Basham,00-0033917,2020,NYJ,3
10790,T.Basham,00-0033917,2021,DAL,3
10791,T.Basham,00-0033917,2022,DAL,1
10792,T.Bass,00-0036162,2024,BUF,2
10793,T.Bass,00-0038731,2023,DAL,1
10794,T.Bass,00-0038731,2024,DAL,2
10795,T.Bass,00-0038731,2025,DAL,2
10796,T.Batty,00-0040492,2025,MIN,2
10797,T.Benedet,00-0039459,2025,CHI,7
10798,T.Benjamin,00-0029269,2019,LAC,1
10799,T.Benjamin,00-0029269,2021,SF,1
10800,T.Benson,00-0034930,2022,DET,1
10801,T.Bergstrom,00-0029699,2017,BAL,1
10802,T.Bergstrom,00-0029699,2017,WAS,1
10803,T.Bernard,00-0037254,2023,BUF,3
10804,T.Bernard,00-0037254,2024,BUF,1
10805,T.Bernard,00-0037254,2025,BUF,1
10806,T.Bethune,00-0039435,2024,SF,1
10807,T.Bethune,00-0039435,2025,SF,4
10808,T.Biadasz,00-0036376,2020,DAL,2
10809,T.Biadasz,00-0036376,2021,DAL,9
10810,T.Biadasz,00-0036376,2022,DAL,5
10811,T.Biadasz,00-0036376,2023,DAL,3
10812,T.Biadasz,00-0036376,2024,WAS,3
10813,T.Biadasz,00-0036376,2025,WAS,2
10814,T.Bigsby,00-0038555,2023,JAX,1
10815,T.Bigsby,00-0038555,2024,JAX,1
10816,T.Bohanon,00-0030112,2017,JAX,1
10817,T.Bohanon,00-0030112,2018,JAX,1
10818,T.Bonds,00-0035137,2020,BAL,1
10819,T.Booker,00-0037262,2022,HOU,1
10820,T.Booker,00-0037262,2025,LV,4
10821,T.Booker,00-0040007,2025,DAL,5
10822,T.Bortolini,00-0039744,2025,IND,2
10823,T.Boston,00-0031261,2017,LAC,2
10824,T.Boston,00-0031261,2018,ARI,5
10825,T.Boston,00-0031261,2019,CAR,5
10826,T.Bowser,00-0033283,2017,BAL,3
10827,T.Bowser,00-0033283,2018,BAL,2
10828,T.Bowser,00-0033283,2019,BAL,2
10829,T.Bowser,00-0033283,2020,BAL,1
10830,T.Bowser,00-0033283,2021,BAL,1
10831,T.Bowser,00-0033283,2022,BAL,1
10832,T.Bowser,00-0033283,2024,MIA,1
10833,T.Boyd,00-0033009,2016,CIN,1
10834,T.Boyd,00-0033009,2018,CIN,2
10835,T.Boyd,00-0033009,2020,CIN,2
10836,T.Boyd,00-0033009,2021,CIN,2
10837,T.Boyd,00-0033009,2023,CIN,2
10838,T.Boyle,00-0034177,2021,DET,1
10839,T.Brady,00-0019596,2016,NE,2
10840,T.Brady,00-0019596,2017,NE,2
10841,T.Brady,00-0019596,2018,NE,1
10842,T.Brady,00-0019596,2019,NE,4
10843,T.Brady,00-0019596,2020,TB,4
10844,T.Brady,00-0019596,2021,TB,1
10845,T.Brady,00-0019596,2022,TB,2
10846,T.Branch,00-0026240,2016,ARI,1
10847,T.Bridges,00-0040251,2025,DAL,1
10848,T.Bridgewater,00-0031237,2019,NO,1
10849,T.Bridgewater,00-0031237,2020,CAR,2
10850,T.Bridgewater,00-0031237,2021,DEN,3
10851,T.Bridgewater,00-0031237,2022,MIA,3
10852,T.Brock,00-0027375,2016,SF,4
10853,T.Brock,00-0027375,2017,MIN,5
10854,T.Brock,00-0027375,2018,DEN,2
10855,T.Brock,00-0027375,2019,ARI,1
10856,T.Brock,00-0027375,2019,TEN,3
10857,T.Brock,00-0027375,2020,DET,1
10858,T.Brock Sr.,00-0027375,2019,ARI,1
10859,T.Brooks,00-0031338,2018,NYJ,1
10860,T.Brooks,00-0031338,2019,NE,2
10861,T.Brooks,00-0031338,2020,NE,2
10862,T.Brooks,00-0031338,2021,HOU,1
10863,T.Brooks,00-0040208,2025,CIN,1
10864,T.Brown,00-0032071,2016,SF,11
10865,T.Brown,00-0032071,2017,SF,7
10866,T.Brown,00-0032071,2018,NE,5
10867,T.Brown,00-0032071,2019,LV,4
10868,T.Brown,00-0032071,2020,LV,1
10869,T.Brown,00-0032071,2021,NE,1
10870,T.Brown,00-0032071,2022,NE,9
10871,T.Brown,00-0032071,2023,NE,1
10872,T.Brown,00-0032071,2024,CIN,1
10873,T.Brown,00-0032071,2025,HOU,6
10874,T.Brown,00-0034540,2018,GB,5
10875,T.Brown,00-0034540,2019,GB,5
10876,T.Brown,00-0034540,2020,CIN,1
10877,T.Brown,00-0034540,2022,IND,1
10878,T.Brown,00-0034540,2023,IND,1
10879,T.Brown,00-0036885,2021,SEA,1
10880,T.Brown,00-0036885,2022,SEA,1
10881,T.Brown,00-0036885,2023,SEA,8
10882,T.Brown,00-0036885,2024,SEA,5
10883,T.Brown,00-0036885,2025,LA,1
10884,T.Bryan,00-0034842,2018,JAX,1
10885,T.Bryan,00-0034842,2019,JAX,2
10886,T.Bryan,00-0034842,2020,JAX,3
10887,T.Bryan,00-0034842,2021,JAX,1
10888,T.Bryan,00-0034842,2022,CLE,3
10889,T.Bryan,00-0034842,2023,IND,3
10890,T.Bryan,00-0034842,2024,IND,3
10891,T.Burgess,00-0036421,2025,NO,1
10892,T.Burks,00-0037742,2022,TEN,5
10893,T.Burks,00-0037742,2023,TEN,1
10894,T.Burks,00-0037742,2025,WAS,1
10895,T.Burton,00-0030710,2016,PHI,2
10896,T.Burton,00-0030710,2017,PHI,1
10897,T.Burton,00-0030710,2018,CHI,4
10898,T.Burton,00-0030710,2019,CHI,1
10899,T.Cadet,00-0029205,2016,NO,2
10900,T.Campbell,00-0034903,2020,LAC,1
10901,T.Campbell,00-0034903,2021,LAC,2
10902,T.Campbell,00-0036974,2022,JAX,3
10903,T.Campbell,00-0036974,2024,JAX,2
10904,T.Campbell,00-0036974,2025,JAX,2
10905,T.Cannon,00-0034164,2018,NYJ,2
10906,T.Cannon,00-0034164,2020,CAR,4
10907,T.Carder,00-0029287,2016,CLE,1
10908,T.Carpenter,00-0037090,2022,GB,1
10909,T.Carpenter,00-0037090,2023,PIT,1
10910,T.Carrie,00-0031269,2016,LV,1
10911,T.Carrie,00-0031269,2017,LV,1
10912,T.Carrie,00-0031269,2018,CLE,10
10913,T.Carrie,00-0031269,2019,CLE,2
10914,T.Carrie,00-0031269,2020,IND,4
10915,T.Carrie,00-0031269,2021,IND,1
10916,T.Castro-Fields,00-0037833,2023,WAS,3
10917,T.Catalina,00-0033253,2017,WAS,2
10918,T.Chandler,00-0037276,2024,MIN,2
10919,T.Charlton,00-0033541,2018,DAL,1
10920,T.Charlton,00-0033541,2019,MIA,1
10921,T.Charlton,00-0033541,2020,KC,1
10922,T.Clemmings,00-0031572,2016,MIN,8
10923,T.Cleveland,00-0036439,2022,DEN,1
10924,T.Cohen,00-0033556,2017,CHI,1
10925,T.Coleman,00-0032058,2018,ATL,1
10926,T.Coley,00-0032566,2018,CLE,2
10927,T.Coley,00-0032566,2020,ARI,1
10928,T.Colon,00-0035992,2021,BAL,1
10929,T.Colon,00-0035992,2024,ARI,1
10930,T.Colon-Castillo,00-0035992,2020,BAL,1
10931,T.Compton,00-0029144,2016,ATL,1
10932,T.Compton,00-0029144,2017,CHI,1
10933,T.Compton,00-0029144,2018,MIN,6
10934,T.Compton,00-0029144,2019,NYJ,2
10935,T.Compton,00-0029144,2020,SF,1
10936,T.Compton,00-0029144,2021,SF,2
10937,T.Compton,00-0029144,2022,DEN,1
10938,T.Conklin,00-0034270,2019,MIN,2
10939,T.Conklin,00-0034270,2020,MIN,5
10940,T.Conklin,00-0034270,2021,MIN,4
10941,T.Conklin,00-0034270,2022,NYJ,2
10942,T.Conklin,00-0034270,2023,NYJ,1
10943,T.Conklin,00-0034270,2024,NYJ,2
10944,T.Conner,00-0037348,2025,MIA,1
10945,T.Coyle,00-0036764,2022,DAL,1
10946,T.Crawford,00-0029641,2016,DAL,1
10947,T.Crawford,00-0029641,2017,DAL,1
10948,T.Crawford,00-0029641,2018,DAL,4
10949,T.Crawford,00-0029641,2020,DAL,1
10950,T.Crosby,00-0034390,2019,DET,6
10951,T.Crosby,00-0034390,2020,DET,2
10952,T.Crowder,00-0036167,2020,NYG,1
10953,T.Crowder,00-0036167,2021,NYG,2
10954,T.Davis,00-0023448,2016,CAR,2
10955,T.Davis,00-0023448,2017,CAR,3
10956,T.Davis,00-0023448,2019,LAC,3
10957,T.Davis,00-0031427,2016,DEN,2
10958,T.Davis,00-0031427,2017,DEN,4
10959,T.Davis,00-0031427,2018,DEN,4
10960,T.Davis,00-0031427,2019,DEN,1
10961,T.Davis,00-0031427,2020,MIN,1
10962,T.Davis,00-0032423,2019,GB,1
10963,T.Davis,00-0032423,2019,LV,1
10964,T.Davis,00-0034500,2018,NYG,3
10965,T.Davis,00-0034500,2019,NYG,1
10966,T.Davis,00-0034500,2020,CLE,1
10967,T.Davis,00-0034500,2022,CLE,1
10968,T.Davis,00-0034500,2023,ATL,1
10969,T.Davis,00-0039749,2024,LA,1
10970,T.Davis-Price,00-0037827,2022,SF,1
10971,T.Davison,00-0031947,2016,NO,2
10972,T.Davison,00-0031947,2017,NO,2
10973,T.Davison,00-0031947,2018,NO,1
10974,T.Davison,00-0031947,2019,ATL,3
10975,T.Davison,00-0031947,2020,ATL,2
10976,T.Davison,00-0031947,2021,ATL,1
10977,T.DeVito,00-0038476,2023,NYG,1
10978,T.Decker,00-0032381,2016,DET,6
10979,T.Decker,00-0032381,2017,DET,3
10980,T.Decker,00-0032381,2018,DET,5
10981,T.Decker,00-0032381,2019,DET,8
10982,T.Decker,00-0032381,2020,DET,6
10983,T.Decker,00-0032381,2021,DET,6
10984,T.Decker,00-0032381,2022,DET,6
10985,T.Decker,00-0032381,2023,DET,7
10986,T.Decker,00-0032381,2024,DET,2
10987,T.Decker,00-0032381,2025,DET,4
10988,T.Decoud,00-0033575,2017,HOU,1
10989,T.Dell,00-0038977,2023,HOU,1
10990,T.Dell,00-0038977,2024,HOU,1
10991,T.Diggs,00-0036361,2020,DAL,3
10992,T.Diggs,00-0036361,2021,DAL,9
10993,T.Diggs,00-0036361,2022,DAL,4
10994,T.Diggs,00-0036361,2023,DAL,1
10995,T.Diggs,00-0036361,2024,DAL,2
10996,T.Diggs,00-0036361,2025,DAL,2
10997,T.Dodson,00-0035352,2020,BUF,1
10998,T.Dodson,00-0035352,2021,BUF,3
10999,T.Dodson,00-0035352,2022,BUF,1
11000,T.Dodson,00-0035352,2023,BUF,1
11001,T.Dodson,00-0035352,2024,MIA,1
11002,T.Dodson,00-0035352,2025,MIA,2
11003,T.Doyle,00-0036560,2021,BUF,1
11004,T.Dye,00-0036338,2023,MIN,1
11005,T.Dye,00-0036338,2024,LAC,1
11006,T.Dye,00-0036338,2025,LAC,1
11007,T.Edmunds,00-0033838,2017,NO,1
11008,T.Edmunds,00-0033838,2020,PIT,1
11009,T.Edmunds,00-0034673,2018,BUF,2
11010,T.Edmunds,00-0034673,2019,BUF,1
11011,T.Edmunds,00-0034673,2021,BUF,1
11012,T.Edmunds,00-0034673,2025,CHI,1
11013,T.Edmunds,00-0034858,2018,PIT,3
11014,T.Edmunds,00-0034858,2020,PIT,1
11015,T.Edmunds,00-0034858,2023,PHI,2
11016,T.Edwards,00-0035386,2019,PHI,1
11017,T.Edwards,00-0035386,2020,PHI,1
11018,T.Edwards,00-0035386,2022,PHI,2
11019,T.Eichenberg,00-0039374,2024,LV,2
11020,T.Eichenberg,00-0039374,2025,LV,4
11021,T.Eifert,00-0030549,2016,CIN,4
11022,T.Eifert,00-0030549,2017,CIN,1
11023,T.Elston,00-0033001,2017,BUF,3
11024,T.Ervin,00-0032404,2018,HOU,1
11025,T.Etienne,00-0036973,2023,JAX,1
11026,T.Fautanu,00-0039871,2025,PIT,2
11027,T.Fede,00-0031317,2016,MIA,2
11028,T.Fede,00-0031317,2017,MIA,2
11029,T.Felton,00-0040154,2025,MIN,2
11030,T.Ferguson,00-0040737,2025,LA,2
11031,T.Fields,00-0036634,2022,CLE,3
11032,T.Fields,00-0036634,2023,CLE,1
11033,T.Fields,00-0036634,2024,CLE,1
11034,T.Fisk,00-0037654,2024,LAC,1
11035,T.Fisk,00-0037654,2025,LAC,1
11036,T.Flowers,00-0031566,2017,NE,2
11037,T.Flowers,00-0031566,2018,NE,2
11038,T.Flowers,00-0031566,2019,DET,6
11039,T.Flowers,00-0031566,2020,DET,1
11040,T.Flowers,00-0034756,2018,SEA,5
11041,T.Flowers,00-0034756,2019,SEA,9
11042,T.Flowers,00-0034756,2020,SEA,2
11043,T.Flowers,00-0034756,2021,CIN,2
11044,T.Flowers,00-0034756,2021,SEA,1
11045,T.Flowers,00-0034756,2022,CIN,3
11046,T.Flowers,00-0034756,2023,ATL,4
11047,T.Fox,00-0037447,2024,NYG,2
11048,T.Franklin,00-0039868,2024,DEN,3
11049,T.Franklin,00-0039868,2025,DEN,3
11050,T.Frederick,00-0030546,2016,DAL,5
11051,T.Frederick,00-0030546,2017,DAL,3
11052,T.Frederick,00-0030546,2019,DAL,1
11053,T.Fuaga,00-0039339,2024,NO,10
11054,T.Fuaga,00-0039339,2025,NO,6
11055,T.Fulgham,00-0035592,2020,PHI,1
11056,T.Fumagalli,00-0034393,2019,DEN,1
11057,T.Fumagalli,00-0034393,2020,DEN,1
11058,T.Gabriel,00-0031228,2016,ATL,3
11059,T.Gabriel,00-0031228,2017,ATL,1
11060,T.Gabriel,00-0031228,2018,CHI,1
11061,T.Gabriel,00-0031228,2019,CHI,1
11062,T.Gafford,00-0023740,2016,DEN,1
11063,T.Galeai,00-0035965,2022,GB,1
11064,T.Garvin,00-0030033,2016,WAS,1
11065,T.Garvin,00-0030033,2017,SEA,1
11066,T.Gentry,00-0033633,2017,CHI,2
11067,T.Gill,00-0037097,2022,CHI,1
11068,T.Gill,00-0037097,2024,TB,1
11069,T.Ginn,00-0025396,2016,CAR,2
11070,T.Ginn,00-0025396,2017,NO,3
11071,T.Ginn,00-0025396,2018,NO,2
11072,T.Gipson,00-0028924,2016,JAX,1
11073,T.Gipson,00-0028924,2017,JAX,1
11074,T.Gipson,00-0028924,2018,JAX,5
11075,T.Gipson,00-0028924,2019,HOU,2
11076,T.Gipson,00-0028924,2023,SF,4
11077,T.Gipson,00-0028924,2024,SF,1
11078,T.Gipson,00-0036305,2021,CHI,1
11079,T.Gipson,00-0036305,2024,SEA,1
11080,T.Glover,00-0039819,2024,GB,3
11081,T.Goodson,00-0037120,2024,IND,1
11082,T.Grable,00-0039882,2024,BUF,1
11083,T.Graham,00-0036948,2023,ATL,1
11084,T.Graham,00-0036948,2024,ATL,2
11085,T.Green,00-0033059,2016,IND,5
11086,T.Green,00-0033059,2017,IND,2
11087,T.Gurley,00-0032241,2016,LA,1
11088,T.Gurley,00-0032241,2018,LA,1
11089,T.Gurley,00-0032241,2020,ATL,1
11090,T.Guyton,00-0039341,2024,DAL,14
11091,T.Guyton,00-0039341,2025,DAL,7
11092,T.Hairston,00-0037456,2024,HOU,1
11093,T.Hali,00-0024235,2016,KC,1
11094,T.Hall,00-0034962,2020,NE,2
11095,T.Hamilton,00-0040585,2025,LA,1
11096,T.Harper,00-0039660,2024,LV,1
11097,T.Harris,00-0034588,2019,MIA,1
11098,T.Hawkins,00-0037521,2023,SF,1
11099,T.Hawkins,00-0038403,2023,NYG,4
11100,T.Hayes,00-0035365,2019,MIA,1
11101,T.Hayes,00-0035365,2020,MIA,1
11102,T.Hayes,00-0035365,2022,NE,1
11103,T.Heinicke,00-0031800,2021,WAS,1
11104,T.Hemingway,00-0033112,2016,LA,1
11105,T.Hemingway,00-0033112,2020,WAS,1
11106,T.Henderson,00-0040734,2025,NE,3
11107,T.Hendrickson,00-0033935,2017,NO,1
11108,T.Hendrickson,00-0033935,2018,NO,1
11109,T.Hendrickson,00-0033935,2019,NO,3
11110,T.Hendrickson,00-0033935,2020,NO,1
11111,T.Hendrickson,00-0033935,2021,CIN,4
11112,T.Hendrickson,00-0033935,2022,CIN,4
11113,T.Hendrickson,00-0033935,2023,CIN,4
11114,T.Hendrickson,00-0033935,2024,CIN,4
11115,T.Hendrickson,00-0033935,2025,CIN,2
11116,T.Hennessy,00-0033260,2022,NYJ,1
11117,T.Herndon,00-0034516,2018,JAX,3
11118,T.Herndon,00-0034516,2019,JAX,6
11119,T.Herndon,00-0034516,2020,JAX,5
11120,T.Herndon,00-0034516,2021,JAX,1
11121,T.Herndon,00-0034516,2022,JAX,2
11122,T.Herndon,00-0034516,2023,JAX,1
11123,T.Higbee,00-0033110,2016,LA,4
11124,T.Higbee,00-0033110,2017,LA,5
11125,T.Higbee,00-0033110,2018,LA,1
11126,T.Higbee,00-0033110,2020,LA,5
11127,T.Higbee,00-0033110,2021,LA,3
11128,T.Higbee,00-0033110,2022,LA,1
11129,T.Higbee,00-0033110,2023,LA,4
11130,T.Higbee,00-0033110,2025,LA,3
11131,T.Higgins,00-0036410,2020,CIN,5
11132,T.Higgins,00-0036410,2021,CIN,2
11133,T.Higgins,00-0036410,2022,CIN,1
11134,T.Higgins,00-0036410,2023,CIN,2
11135,T.Higgins,00-0036410,2024,CIN,3
11136,T.Hill,00-0031785,2016,LA,5
11137,T.Hill,00-0031785,2017,LA,4
11138,T.Hill,00-0031785,2018,LA,6
11139,T.Hill,00-0031785,2019,LA,2
11140,T.Hill,00-0031785,2020,LA,2
11141,T.Hill,00-0031785,2021,CLE,4
11142,T.Hill,00-0031785,2022,LA,2
11143,T.Hill,00-0031785,2023,CAR,2
11144,T.Hill,00-0031785,2024,CAR,1
11145,T.Hill,00-0033040,2016,KC,1
11146,T.Hill,00-0033040,2017,KC,1
11147,T.Hill,00-0033040,2018,KC,5
11148,T.Hill,00-0033040,2019,KC,1
11149,T.Hill,00-0033040,2020,KC,6
11150,T.Hill,00-0033040,2021,KC,2
11151,T.Hill,00-0033040,2022,MIA,4
11152,T.Hill,00-0033040,2023,MIA,3
11153,T.Hill,00-0033040,2024,MIA,4
11154,T.Hill,00-0033357,2018,NO,1
11155,T.Hill,00-0033357,2020,NO,1
11156,T.Hill,00-0033357,2021,NO,1
11157,T.Hill,00-0033357,2022,NO,1
11158,T.Hill,00-0033357,2025,NO,2
11159,T.Hill,00-0035247,2020,DAL,1
11160,T.Hill,00-0035247,2022,DAL,1
11161,T.Hill,00-0036856,2021,CIN,5
11162,T.Hills,00-0026270,2016,NO,3
11163,T.Hilton,00-0029608,2016,IND,1
11164,T.Hilton,00-0029608,2017,IND,4
11165,T.Hilton,00-0029608,2018,IND,1
11166,T.Hilton,00-0029608,2019,IND,2
11167,T.Hockenson,00-0035229,2019,DET,5
11168,T.Hockenson,00-0035229,2020,DET,5
11169,T.Hockenson,00-0035229,2021,DET,6
11170,T.Hockenson,00-0035229,2022,DET,2
11171,T.Hockenson,00-0035229,2022,MIN,4
11172,T.Hockenson,00-0035229,2023,MIN,3
11173,T.Hockenson,00-0035229,2025,MIN,3
11174,T.Holmes,00-0032428,2016,CLE,2
11175,T.Homer,00-0035594,2019,SEA,1
11176,T.Homer,00-0035594,2023,CHI,1
11177,T.Homer,00-0035594,2025,CHI,1
11178,T.Hopkins,00-0030781,2017,CIN,2
11179,T.Hopkins,00-0030781,2018,CIN,2
11180,T.Hopkins,00-0030781,2019,CIN,1
11181,T.Hopkins,00-0030781,2020,CIN,2
11182,T.Hopkins,00-0030781,2021,CIN,3
11183,T.Hopper,00-0039812,2025,GB,3
11184,T.Horne,00-0037585,2022,ATL,1
11185,T.Horton,00-0040648,2025,SEA,1
11186,T.Howard,00-0032987,2016,CLE,2
11187,T.Howard,00-0034812,2019,LA,2
11188,T.Howard,00-0035234,2019,HOU,5
11189,T.Howard,00-0035234,2020,HOU,8
11190,T.Howard,00-0035234,2021,HOU,7
11191,T.Howard,00-0035234,2022,HOU,5
11192,T.Howard,00-0035234,2024,HOU,4
11193,T.Howard,00-0035234,2025,HOU,6
11194,T.Hudson,00-0034613,2022,NYG,1
11195,T.Hudson,00-0034613,2023,CIN,1
11196,T.Hudson,00-0034613,2024,CIN,2
11197,T.Hudson,00-0034613,2025,CIN,1
11198,T.Hufanga,00-0036564,2021,SF,1
11199,T.Hufanga,00-0036564,2022,SF,1
11200,T.Hufanga,00-0036564,2023,SF,2
11201,T.Hufanga,00-0036564,2024,SF,1
11202,T.Hufanga,00-0036564,2025,DEN,4
11203,T.Hunter,00-0040718,2025,JAX,3
11204,T.Huntley,00-0035993,2021,BAL,2
11205,T.Huntley,00-0035993,2024,MIA,1
11206,T.Incoom,00-0038791,2024,CAR,1
11207,T.Incoom,00-0038791,2025,CAR,4
11208,T.Ingram-Dawkins,00-0040173,2025,MIN,1
11209,T.Irwin,00-0035341,2024,CIN,1
11210,T.Jackson,00-0026980,2016,ATL,2
11211,T.Jackson,00-0035356,2022,PHI,2
11212,T.Jefferson,00-0030294,2016,ARI,2
11213,T.Jefferson,00-0030294,2017,BAL,1
11214,T.Jefferson,00-0030294,2018,BAL,5
11215,T.Jefferson,00-0030294,2019,BAL,2
11216,T.Jefferson,00-0030294,2024,LAC,1
11217,T.Jefferson,00-0030294,2025,LAC,1
11218,T.Jenkins,00-0036953,2021,CHI,6
11219,T.Jenkins,00-0036953,2022,CHI,2
11220,T.Jenkins,00-0036953,2023,CHI,3
11221,T.Jenkins,00-0036953,2024,CHI,3
11222,T.Jernigan,00-0031170,2016,BAL,3
11223,T.Jernigan,00-0031170,2017,PHI,5
11224,T.Jernigan,00-0031170,2018,PHI,2
11225,T.Jernigan,00-0031170,2019,PHI,3
11226,T.Johnson,00-0024030,2017,MIN,5
11227,T.Johnson,00-0024030,2018,MIN,1
11228,T.Johnson,00-0029690,2016,LA,3
11229,T.Johnson,00-0029690,2017,LA,4
11230,T.Johnson,00-0029690,2018,NYJ,4
11231,T.Johnson,00-0029690,2019,NYJ,4
11232,T.Johnson,00-0030126,2017,CIN,1
11233,T.Johnson,00-0034376,2018,BUF,2
11234,T.Johnson,00-0034376,2019,BUF,1
11235,T.Johnson,00-0034376,2021,BUF,6
11236,T.Johnson,00-0034376,2022,BUF,5
11237,T.Johnson,00-0035457,2021,JAX,1
11238,T.Johnson,00-0035457,2021,LV,1
11239,T.Johnson,00-0035457,2022,LV,1
11240,T.Johnson,00-0036427,2024,LA,1
11241,T.Johnson,00-0036427,2025,NYJ,1
11242,T.Johnson,00-0039847,2024,NYG,4
11243,T.Johnson,00-0039847,2025,NYG,3
11244,T.Johnson,00-0040237,2025,TB,1
11245,T.Jones,00-0028063,2016,LV,1
11246,T.Jones,00-0028063,2017,BUF,1
11247,T.Jones,00-0028063,2019,HOU,2
11248,T.Jones,00-0028063,2020,BUF,4
11249,T.Jones,00-0028063,2021,BUF,3
11250,T.Jones,00-0028063,2022,BUF,1
11251,T.Jones,00-0031189,2018,DET,1
11252,T.Jones,00-0031189,2019,NYG,1
11253,T.Jones,00-0036497,2024,JAX,5
11254,T.Jones,00-0037756,2023,BAL,2
11255,T.Jones,00-0037756,2024,BAL,3
11256,T.Jones,00-0037756,2025,BAL,1
11257,T.Karras,00-0032445,2016,NE,1
11258,T.Karras,00-0032445,2018,NE,1
11259,T.Karras,00-0032445,2019,NE,2
11260,T.Karras,00-0032445,2020,MIA,2
11261,T.Karras,00-0032445,2021,NE,2
11262,T.Karras,00-0032445,2022,CIN,2
11263,T.Karras,00-0032445,2023,CIN,1
11264,T.Karras,00-0032445,2024,CIN,2
11265,T.Karras,00-0032445,2025,CIN,4
11266,T.Kelce,00-0030506,2016,KC,5
11267,T.Kelce,00-0030506,2017,KC,5
11268,T.Kelce,00-0030506,2018,KC,6
11269,T.Kelce,00-0030506,2019,KC,7
11270,T.Kelce,00-0030506,2020,KC,6
11271,T.Kelce,00-0030506,2021,KC,6
11272,T.Kelce,00-0030506,2022,KC,3
11273,T.Kelce,00-0030506,2023,KC,7
11274,T.Kelce,00-0030506,2024,KC,2
11275,T.Kelce,00-0030506,2025,KC,2
11276,T.Kennedy,00-0035544,2022,DET,1
11277,T.Keyes,00-0036385,2020,KC,3
11278,T.King,00-0030091,2017,NYG,1
11279,T.Kpassagnon,00-0033902,2017,KC,1
11280,T.Kpassagnon,00-0033902,2019,KC,3
11281,T.Kpassagnon,00-0033902,2022,NO,1
11282,T.Kpassagnon,00-0033902,2024,NO,1
11283,T.Kraemer,00-0036749,2021,DET,2
11284,T.Kraft,00-0038996,2023,GB,2
11285,T.Kraft,00-0038996,2024,GB,3
11286,T.Kraft,00-0038996,2025,GB,1
11287,T.Kroft,00-0032214,2016,CIN,1
11288,T.Kroft,00-0032214,2017,CIN,3
11289,T.Kroft,00-0032214,2019,BUF,4
11290,T.Kroft,00-0032214,2020,BUF,1
11291,T.Kroft,00-0032214,2021,NYJ,1
11292,T.Kroft,00-0032214,2022,SF,1
11293,T.Kroft,00-0032214,2023,MIA,1
11294,T.Lacy,00-0038940,2025,DET,1
11295,T.Lancaster,00-0034185,2020,GB,1
11296,T.Lang,00-0027078,2016,GB,4
11297,T.Lang,00-0027078,2017,DET,7
11298,T.Larsen,00-0027607,2016,CHI,7
11299,T.Larsen,00-0027607,2017,MIA,4
11300,T.Larsen,00-0027607,2018,MIA,3
11301,T.Larsen,00-0030869,2018,CAR,2
11302,T.Larsen,00-0030869,2019,CAR,1
11303,T.Lawrence,00-0036971,2022,JAX,3
11304,T.Lawrence,00-0036971,2023,JAX,2
11305,T.Lawrence,00-0036971,2025,JAX,7
11306,T.Lelito,00-0030217,2016,NO,2
11307,T.Lewan,00-0031442,2016,TEN,12
11308,T.Lewan,00-0031442,2017,TEN,7
11309,T.Lewan,00-0031442,2018,TEN,8
11310,T.Lewan,00-0031442,2019,TEN,11
11311,T.Lewan,00-0031442,2021,TEN,4
11312,T.Lewan,00-0031442,2022,TEN,1
11313,T.Lewis,00-0034359,2019,IND,1
11314,T.Lewis,00-0034359,2020,IND,2
11315,T.Lewis,00-0034359,2024,IND,1
11316,T.Lewis,00-0034359,2025,IND,2
11317,T.Lewis,00-0036419,2021,LA,4
11318,T.Linderbaum,00-0037825,2022,BAL,6
11319,T.Linderbaum,00-0037825,2023,BAL,3
11320,T.Linderbaum,00-0037825,2024,BAL,7
11321,T.Linderbaum,00-0037825,2025,BAL,3
11322,T.Lippett,00-0031594,2016,MIA,5
11323,T.Lockett,00-0032211,2016,SEA,1
11324,T.Lockett,00-0032211,2017,SEA,2
11325,T.Lockett,00-0032211,2019,SEA,2
11326,T.Lockett,00-0032211,2020,SEA,4
11327,T.Lockett,00-0032211,2021,SEA,1
11328,T.Lockett,00-0032211,2022,SEA,2
11329,T.Lockett,00-0032211,2024,SEA,1
11330,T.Lockett,00-0032211,2025,LV,1
11331,T.Logan,00-0033789,2019,TB,1
11332,T.Loop,00-0040074,2025,BAL,8
11333,T.Madden,00-0032472,2017,SEA,2
11334,T.Marshall,00-0034111,2019,DEN,1
11335,T.Marshall,00-0034111,2020,DEN,1
11336,T.Marshall,00-0034111,2021,LAC,1
11337,T.Marshall,00-0036955,2021,CAR,1
11338,T.Marshall,00-0036955,2023,CAR,1
11339,T.Marshall,00-0036955,2024,LV,1
11340,T.Martin,00-0037524,2022,SF,1
11341,T.Martin,00-0037524,2025,WAS,1
11342,T.Matakevich,00-0032366,2016,PIT,1
11343,T.Matakevich,00-0032366,2017,PIT,1
11344,T.Matakevich,00-0032366,2018,PIT,3
11345,T.Matakevich,00-0032366,2020,BUF,1
11346,T.Matakevich,00-0032366,2021,BUF,1
11347,T.Matakevich,00-0032366,2022,BUF,1
11348,T.Mathieu,00-0030459,2016,ARI,3
11349,T.Mathieu,00-0030459,2017,ARI,1
11350,T.Mathieu,00-0030459,2018,HOU,4
11351,T.Mathieu,00-0030459,2019,KC,3
11352,T.Mathieu,00-0030459,2020,KC,7
11353,T.Mathieu,00-0030459,2021,KC,3
11354,T.Mathieu,00-0030459,2022,NO,2
11355,T.Mathieu,00-0030459,2023,NO,2
11356,T.Mathieu,00-0030459,2024,NO,1
11357,T.McBride,00-0032123,2017,CHI,3
11358,T.McBride,00-0037744,2022,ARI,4
11359,T.McBride,00-0037744,2023,ARI,7
11360,T.McBride,00-0037744,2024,ARI,6
11361,T.McBride,00-0037744,2025,ARI,5
11362,T.McClain,00-0028003,2016,DAL,1
11363,T.McCollum,00-0037461,2024,PHI,1
11364,T.McCollum,00-0037461,2025,LV,3
11365,T.McDaniel,00-0024102,2016,SEA,1
11366,T.McDonald,00-0030530,2017,MIA,1
11367,T.McDonald,00-0030530,2018,MIA,2
11368,T.McDuffie,00-0037191,2022,KC,2
11369,T.McDuffie,00-0037191,2023,KC,3
11370,T.McDuffie,00-0037191,2024,KC,6
11371,T.McDuffie,00-0037191,2025,KC,5
11372,T.McEvoy,00-0032475,2017,SEA,2
11373,T.McGill,00-0032162,2018,LAC,1
11374,T.McGill,00-0032162,2020,PHI,2
11375,T.McGill,00-0032162,2022,SF,2
11376,T.McKinley,00-0033540,2017,ATL,3
11377,T.McKinley,00-0033540,2018,ATL,4
11378,T.McKinley,00-0033540,2020,ATL,1
11379,T.McKinley,00-0033540,2024,NYJ,1
11380,T.McKitty,00-0037011,2022,LAC,6
11381,T.McKitty,00-0037011,2023,LAC,1
11382,T.McLaurin,00-0035659,2019,WAS,1
11383,T.McLaurin,00-0035659,2020,WAS,3
11384,T.McLaurin,00-0035659,2021,WAS,2
11385,T.McLaurin,00-0035659,2022,WAS,1
11386,T.McLaurin,00-0035659,2025,WAS,2
11387,T.McMillan,00-0040124,2025,CAR,1
11388,T.McRae,00-0032934,2018,CIN,4
11389,T.McRae,00-0032934,2019,CIN,1
11390,T.McRae,00-0032934,2020,DET,1
11391,T.McSorley,00-0035146,2022,ARI,1
11392,T.McTyer,00-0033405,2017,MIA,1
11393,T.McTyer,00-0033405,2018,MIA,3
11394,T.McTyer,00-0033405,2021,WAS,1
11395,T.Mitchell,00-0031097,2016,KC,3
11396,T.Mitchell,00-0031097,2017,KC,6
11397,T.Mitchell,00-0031097,2018,CLE,2
11398,T.Mitchell,00-0031097,2020,CLE,2
11399,T.Mitchell,00-0031097,2021,HOU,2
11400,T.Mitchell,00-0031097,2022,TEN,2
11401,T.Moehrig,00-0036962,2022,LV,5
11402,T.Moehrig,00-0036962,2024,LV,1
11403,T.Moehrig,00-0036962,2025,CAR,1
11404,T.Montgomery,00-0032200,2016,GB,2
11405,T.Montgomery,00-0032200,2019,NYJ,1
11406,T.Montgomery,00-0032200,2021,NO,1
11407,T.Montgomery,00-0032200,2023,NE,1
11408,T.Moore,00-0034263,2018,SF,3
11409,T.Moore,00-0034263,2019,SF,1
11410,T.Moore,00-0034263,2020,SF,1
11411,T.Moore,00-0034263,2022,SF,2
11412,T.Moore,00-0034263,2024,CHI,3
11413,T.Morstead,00-0027114,2016,NO,1
11414,T.Morstead,00-0027114,2017,NO,2
11415,T.Moton,00-0033284,2018,CAR,5
11416,T.Moton,00-0033284,2019,CAR,4
11417,T.Moton,00-0033284,2020,CAR,1
11418,T.Moton,00-0033284,2021,CAR,4
11419,T.Moton,00-0033284,2022,CAR,4
11420,T.Moton,00-0033284,2023,CAR,4
11421,T.Moton,00-0033284,2025,CAR,5
11422,T.Mullen,00-0035695,2019,LV,8
11423,T.Mullen,00-0035695,2020,LV,7
11424,T.Mullen,00-0035695,2021,LV,4
11425,T.Mullen,00-0035695,2022,ARI,2
11426,T.Mullen,00-0035695,2022,DAL,1
11427,T.Munford,00-0037322,2022,LV,4
11428,T.Munford,00-0037322,2023,LV,1
11429,T.Murphy,00-0031300,2016,WAS,3
11430,T.Murphy,00-0031300,2018,BUF,2
11431,T.Murphy,00-0031300,2019,BUF,4
11432,T.Newman,00-0022045,2016,MIN,4
11433,T.Newman,00-0022045,2017,MIN,1
11434,T.Niklas,00-0031044,2017,ARI,3
11435,T.Nixon,00-0032157,2016,DEN,3
11436,T.Norwood,00-0036846,2021,PIT,1
11437,T.Norwood,00-0036846,2022,PIT,2
11438,T.Nowaske,00-0038660,2023,DET,1
11439,T.Nowaske,00-0038660,2025,DET,1
11440,T.Nsekhe,00-0029709,2016,WAS,3
11441,T.Nsekhe,00-0029709,2017,WAS,2
11442,T.Nsekhe,00-0029709,2018,WAS,5
11443,T.Nsekhe,00-0029709,2019,BUF,6
11444,T.Nsekhe,00-0029709,2021,DAL,1
11445,T.Nsekhe,00-0029709,2022,LA,6
11446,T.Nubin,00-0039861,2024,NYG,2
11447,T.Nubin,00-0039861,2025,NYG,1
11448,T.Okada,00-0038765,2025,SEA,1
11449,T.Ott,00-0031156,2019,SEA,1
11450,T.Ott,00-0031156,2025,WAS,1
11451,T.Owens,00-0039681,2025,WAS,5
11452,T.Palepoi,00-0030921,2016,LAC,1
11453,T.Palepoi,00-0030921,2017,LAC,3
11454,T.Palmer,00-0039052,2023,TB,5
11455,T.Palmer,00-0039052,2024,TB,3
11456,T.Parris,00-0034102,2018,WAS,1
11457,T.Patmon,00-0031276,2017,JAX,1
11458,T.Patmon,00-0031276,2018,JAX,1
11459,T.Patrick,00-0033375,2018,DEN,1
11460,T.Patrick,00-0033375,2020,DEN,1
11461,T.Patrick,00-0033375,2021,DEN,2
11462,T.Patrick,00-0033375,2025,JAX,3
11463,T.Penning,00-0037241,2022,NO,1
11464,T.Penning,00-0037241,2023,NO,5
11465,T.Penning,00-0037241,2024,NO,11
11466,T.Penning,00-0037241,2025,LAC,3
11467,T.Penning,00-0037241,2025,NO,4
11468,T.Pepper,00-0033199,2022,SF,1
11469,T.Phillips,00-0036214,2020,BAL,1
11470,T.Phillips,00-0036214,2021,BAL,3
11471,T.Phillips,00-0036214,2022,NYG,4
11472,T.Phillips,00-0036214,2023,NYG,3
11473,T.Pipkins,00-0035688,2019,LAC,3
11474,T.Pipkins,00-0035688,2021,LAC,2
11475,T.Pipkins,00-0035688,2022,LAC,6
11476,T.Pipkins,00-0035688,2023,LAC,5
11477,T.Pipkins,00-0035688,2024,LAC,2
11478,T.Pipkins,00-0035688,2025,LAC,7
11479,T.Pipkins III,00-0035688,2020,LAC,3
11480,T.Pollard,00-0035261,2024,TEN,1
11481,T.Pollard,00-0035261,2025,TEN,1
11482,T.Pope,00-0033164,2019,LAC,2
11483,T.Porter,00-0026180,2016,CHI,5
11484,T.Powell,00-0032479,2017,SF,1
11485,T.Pride,00-0036299,2020,CAR,5
11486,T.Pryor,00-0028825,2016,CLE,3
11487,T.Pryor,00-0028825,2017,WAS,1
11488,T.Pryor,00-0028825,2018,BUF,1
11489,T.Pryor Sr.,00-0028825,2016,CLE,3
11490,T.Quinn,00-0034339,2019,WAS,1
11491,T.Quitoriano,00-0037277,2022,HOU,1
11492,T.Quitoriano,00-0037277,2025,ATL,1
11493,T.Rapp,00-0035663,2019,LA,2
11494,T.Rapp,00-0035663,2021,LA,1
11495,T.Rapp,00-0035663,2022,LA,1
11496,T.Rapp,00-0035663,2023,BUF,2
11497,T.Rapp,00-0035663,2024,BUF,1
11498,T.Ratledge,00-0040728,2025,DET,7
11499,T.Rawls,00-0031897,2017,SEA,3
11500,T.Reed,00-0032290,2016,LAC,2
11501,T.Reeder,00-0035617,2019,LA,2
11502,T.Reeder,00-0035617,2023,LA,2
11503,T.Reeder,00-0035617,2025,LA,1
11504,T.Reiman,00-0039737,2024,ARI,6
11505,T.Robinson,00-0038505,2023,BAL,1
11506,T.Robinson,00-0038505,2025,BAL,1
11507,T.Sambrailo,00-0032147,2016,DEN,3
11508,T.Sambrailo,00-0032147,2017,ATL,1
11509,T.Sambrailo,00-0032147,2018,ATL,2
11510,T.Sambrailo,00-0032147,2019,ATL,1
11511,T.Sambrailo,00-0032147,2020,TEN,2
11512,T.Sanders,00-0040724,2025,BUF,1
11513,T.Savage,00-0031064,2017,HOU,2
11514,T.Scott,00-0034571,2018,LAC,1
11515,T.Scott,00-0034571,2019,LAC,8
11516,T.Scott,00-0034571,2020,CAR,3
11517,T.Scott,00-0034571,2021,CAR,3
11518,T.Scott,00-0034571,2023,WAS,3
11519,T.Scott,00-0034571,2024,WAS,2
11520,T.Scott,00-0034571,2025,WAS,1
11521,T.Scott,00-0038941,2023,CHI,1
11522,T.Sermon,00-0036984,2025,PIT,1
11523,T.Settle,00-0034397,2018,WAS,1
11524,T.Settle,00-0034397,2020,WAS,2
11525,T.Settle,00-0034397,2022,BUF,2
11526,T.Settle,00-0034397,2023,BUF,3
11527,T.Settle,00-0034397,2024,HOU,2
11528,T.Settle,00-0034397,2025,HOU,2
11529,T.Sharpe,00-0032778,2016,TEN,3
11530,T.Sharpe,00-0032778,2018,TEN,3
11531,T.Sharpe,00-0032778,2019,TEN,1
11532,T.Shatley,00-0030827,2016,JAX,1
11533,T.Shatley,00-0030827,2018,JAX,3
11534,T.Shatley,00-0030827,2020,JAX,1
11535,T.Shatley,00-0030827,2021,JAX,2
11536,T.Shatley,00-0030827,2022,JAX,1
11537,T.Shavers,00-0038679,2025,BUF,3
11538,T.Sherfield,00-0034487,2018,ARI,2
11539,T.Sherfield,00-0034487,2019,ARI,2
11540,T.Sherfield,00-0034487,2021,SF,3
11541,T.Sherfield,00-0034487,2022,MIA,3
11542,T.Sherfield,00-0034487,2023,BUF,2
11543,T.Sherfield,00-0034487,2024,MIN,2
11544,T.Sherfield,00-0034487,2025,DEN,3
11545,T.Sieg,00-0034198,2022,LV,3
11546,T.Siemian,00-0032156,2016,DEN,2
11547,T.Siemian,00-0032156,2017,DEN,3
11548,T.Siemian,00-0032156,2023,NYJ,2
11549,T.Simon,00-0030487,2016,ARI,1
11550,T.Simpkins,00-0040541,2025,NO,3
11551,T.Simpson,00-0038504,2023,BAL,1
11552,T.Simpson,00-0038504,2024,BAL,3
11553,T.Simpson,00-0038504,2025,BAL,1
11554,T.Slaton,00-0036642,2022,GB,1
11555,T.Slaton,00-0036642,2023,GB,1
11556,T.Slaton,00-0036642,2024,GB,4
11557,T.Smart,00-0033963,2019,LA,2
11558,T.Smith,00-0027947,2016,DAL,6
11559,T.Smith,00-0027947,2017,DAL,8
11560,T.Smith,00-0027947,2018,DAL,10
11561,T.Smith,00-0027947,2019,DAL,7
11562,T.Smith,00-0027947,2020,DAL,1
11563,T.Smith,00-0027947,2021,DAL,7
11564,T.Smith,00-0027947,2024,NYJ,3
11565,T.Smith,00-0027996,2017,PHI,1
11566,T.Smith,00-0027996,2018,CAR,2
11567,T.Smith,00-0031309,2016,JAX,1
11568,T.Smith,00-0031309,2017,JAX,6
11569,T.Smith,00-0031597,2017,TEN,2
11570,T.Smith,00-0031597,2020,TEN,2
11571,T.Smith,00-0031597,2021,MIN,1
11572,T.Smith,00-0032820,2016,KC,2
11573,T.Smith,00-0032820,2017,KC,3
11574,T.Smith,00-0034278,2021,HOU,1
11575,T.Smith,00-0034278,2022,HOU,2
11576,T.Smith,00-0034278,2023,DEN,2
11577,T.Smith,00-0034278,2024,DEN,1
11578,T.Smith,00-0034278,2025,HOU,2
11579,T.Smith,00-0034765,2018,NO,2
11580,T.Smith,00-0034765,2019,NO,2
11581,T.Smith,00-0034765,2020,NO,3
11582,T.Smith,00-0034765,2021,NO,3
11583,T.Smith,00-0034765,2022,NO,1
11584,T.Smith,00-0036660,2021,KC,8
11585,T.Smith,00-0036660,2022,KC,4
11586,T.Smith,00-0036660,2023,KC,10
11587,T.Smith,00-0036660,2024,KC,9
11588,T.Smith,00-0036660,2025,KC,2
11589,T.Smith,00-0037243,2024,DAL,4
11590,T.Smith,00-0037243,2025,DAL,7
11591,T.Smith,00-0038395,2023,CHI,1
11592,T.Smith,00-0038395,2024,CHI,1
11593,T.Smith,00-0039846,2024,TB,2
11594,T.Spears,00-0039032,2023,TEN,1
11595,T.Spears,00-0039032,2025,TEN,1
11596,T.Stallworth,00-0034325,2020,IND,1
11597,T.Stallworth,00-0034325,2021,IND,1
11598,T.Stallworth,00-0034325,2022,KC,2
11599,T.Steele,00-0036036,2020,DAL,4
11600,T.Steele,00-0036036,2021,DAL,8
11601,T.Steele,00-0036036,2022,DAL,6
11602,T.Steele,00-0036036,2023,DAL,6
11603,T.Steele,00-0036036,2024,DAL,7
11604,T.Steele,00-0036036,2025,DAL,3
11605,T.Steen,00-0039001,2023,PHI,1
11606,T.Steen,00-0039001,2024,PHI,5
11607,T.Steen,00-0039001,2025,PHI,7
11608,T.Stevenson,00-0039071,2023,CHI,5
11609,T.Stevenson,00-0039071,2024,CHI,4
11610,T.Stevenson,00-0039071,2025,CHI,2
11611,T.Still,00-0039366,2024,LAC,1
11612,T.Still,00-0039366,2025,LAC,4
11613,T.Suggs,00-0022161,2016,BAL,4
11614,T.Suggs,00-0022161,2017,BAL,4
11615,T.Suggs,00-0022161,2018,BAL,3
11616,T.Suggs,00-0022161,2019,ARI,6
11617,T.Sullivan,00-0033731,2018,PHI,3
11618,T.Swanson,00-0031284,2016,DET,3
11619,T.Swanson,00-0031284,2017,DET,3
11620,T.Swanson,00-0031284,2018,MIA,1
11621,T.Sweat,00-0039886,2024,TEN,2
11622,T.Sweeney,00-0035308,2019,BUF,1
11623,T.Sweeney,00-0035308,2021,BUF,2
11624,T.Sweeney,00-0035308,2022,BUF,1
11625,T.Swilling,00-0037608,2023,SF,2
11626,T.Tabor,00-0033545,2018,DET,4
11627,T.Tabor,00-0033545,2021,CHI,2
11628,T.Tagovailoa,00-0036212,2020,MIA,1
11629,T.Tagovailoa,00-0036212,2022,MIA,1
11630,T.Tagovailoa,00-0036212,2023,MIA,1
11631,T.Tagovailoa,00-0036212,2025,MIA,1
11632,T.Taimani,00-0039720,2025,MIN,1
11633,T.Tampa,00-0039234,2025,BAL,2
11634,T.Tart,00-0036181,2020,TEN,2
11635,T.Tart,00-0036181,2022,TEN,4
11636,T.Tart,00-0036181,2023,HOU,1
11637,T.Tart,00-0036181,2024,LAC,3
11638,T.Tart,00-0036181,2025,LAC,5
11639,T.Taylor,00-0028118,2016,BUF,6
11640,T.Taylor,00-0028118,2017,BUF,2
11641,T.Taylor,00-0028118,2018,CLE,1
11642,T.Taylor,00-0033292,2017,SF,2
11643,T.Taylor,00-0033292,2018,SF,2
11644,T.Taylor,00-0033292,2020,SF,1
11645,T.Taylor,00-0033292,2022,CIN,2
11646,T.Taylor,00-0033911,2017,TEN,1
11647,T.Taylor,00-0033911,2018,TEN,1
11648,T.Thomas,00-0034488,2018,CLE,1
11649,T.Thomas,00-0034488,2019,CLE,2
11650,T.Thomas,00-0034488,2020,CLE,3
11651,T.Thomas,00-0034488,2021,HOU,2
11652,T.Thomas,00-0034488,2022,HOU,1
11653,T.Thomas,00-0034488,2023,HOU,5
11654,T.Thomas,00-0034488,2025,MIN,4
11655,T.Thompson,00-0033554,2017,SEA,1
11656,T.Thompson,00-0033554,2019,SEA,1
11657,T.Thornton,00-0038104,2024,NE,1
11658,T.Togiai,00-0036883,2021,CLE,1
11659,T.Togiai,00-0036883,2022,CLE,2
11660,T.Togiai,00-0036883,2024,HOU,1
11661,T.Tomlinson,00-0039134,2023,LA,5
11662,T.Tracy,00-0039384,2025,NYG,2
11663,T.Tremble,00-0037005,2021,CAR,1
11664,T.Tremble,00-0037005,2022,CAR,3
11665,T.Tremble,00-0037005,2023,CAR,3
11666,T.Tremble,00-0037005,2024,CAR,2
11667,T.Tremble,00-0037005,2025,CAR,3
11668,T.Tucker,00-0038563,2023,LV,1
11669,T.Tucker,00-0038563,2024,LV,1
11670,T.Tucker,00-0038563,2025,LV,4
11671,T.Tuipulotu,00-0039111,2023,LAC,1
11672,T.Tuipulotu,00-0039111,2024,LAC,2
11673,T.Turner,00-0031362,2016,CAR,8
11674,T.Turner,00-0031362,2017,CAR,5
11675,T.Turner,00-0031362,2018,CAR,4
11676,T.Turner,00-0031362,2019,CAR,3
11677,T.Turner,00-0031362,2020,LAC,2
11678,T.Turner,00-0031362,2021,PIT,4
11679,T.Turner,00-0031362,2022,WAS,3
11680,T.Vallejo,00-0033580,2019,WAS,1
11681,T.Vallejo,00-0033580,2021,ARI,2
11682,T.Vallejo,00-0033580,2022,ARI,2
11683,T.Wade,00-0029314,2016,NYG,4
11684,T.Walker,00-0029208,2017,LA,3
11685,T.Walker,00-0034745,2018,DET,4
11686,T.Walker,00-0034745,2019,DET,3
11687,T.Walker,00-0034745,2020,DET,2
11688,T.Walker,00-0034745,2021,DET,2
11689,T.Walker,00-0034745,2022,DET,1
11690,T.Walker,00-0034745,2023,DET,1
11691,T.Walker,00-0037235,2022,JAX,6
11692,T.Walker,00-0037235,2023,JAX,4
11693,T.Walker,00-0037235,2024,JAX,5
11694,T.Walker,00-0037235,2025,JAX,1
11695,T.Wallace,00-0036630,2021,BAL,1
11696,T.Wallace,00-0036630,2022,BAL,1
11697,T.Wallace,00-0036630,2023,BAL,1
11698,T.Wallace,00-0036630,2024,BAL,1
11699,T.Wallace,00-0036630,2025,BAL,2
11700,T.Wallace,00-0039347,2024,CAR,1
11701,T.Ward,00-0027653,2016,DEN,6
11702,T.Ward,00-0027653,2017,TB,3
11703,T.Ward,00-0031682,2017,ATL,1
11704,T.Ward,00-0035135,2021,NYJ,1
11705,T.Warren,00-0040128,2025,IND,3
11706,T.Washington,00-0040357,2025,IND,1
11707,T.Watt,00-0033886,2017,PIT,4
11708,T.Watt,00-0033886,2018,PIT,3
11709,T.Watt,00-0033886,2019,PIT,8
11710,T.Watt,00-0033886,2020,PIT,3
11711,T.Watt,00-0033886,2021,PIT,4
11712,T.Watt,00-0033886,2022,PIT,2
11713,T.Watt,00-0033886,2023,PIT,4
11714,T.Watt,00-0033886,2024,PIT,1
11715,T.Watt,00-0033886,2025,PIT,5
11716,T.Way,00-0030140,2017,WAS,2
11717,T.Way,00-0030140,2021,WAS,1
11718,T.Waynes,00-0031546,2016,MIN,7
11719,T.Waynes,00-0031546,2017,MIN,2
11720,T.Waynes,00-0031546,2018,MIN,3
11721,T.Waynes,00-0031546,2019,MIN,2
11722,T.Wease,00-0040311,2025,MIA,1
11723,T.Wesco,00-0035259,2019,NYJ,1
11724,T.Wesco,00-0035259,2020,NYJ,2
11725,T.Wesco,00-0035259,2021,NYJ,2
11726,T.Wesco,00-0035259,2022,CHI,1
11727,T.Wesco,00-0035259,2023,TEN,4
11728,T.West,00-0031375,2016,BAL,1
11729,T.Wharton,00-0035890,2023,KC,1
11730,T.Wharton,00-0035890,2024,KC,1
11731,T.Wharton,00-0035890,2025,CAR,2
11732,T.Wheat,00-0038742,2023,DAL,1
11733,T.Wheat,00-0038742,2024,DAL,1
11734,T.White,00-0033884,2017,BUF,3
11735,T.White,00-0033884,2018,BUF,7
11736,T.White,00-0033884,2019,BUF,7
11737,T.White,00-0033884,2020,BUF,7
11738,T.White,00-0033884,2021,BUF,5
11739,T.White,00-0033884,2022,BUF,4
11740,T.White,00-0033884,2023,BUF,1
11741,T.White,00-0033884,2024,BAL,1
11742,T.White,00-0033884,2024,LA,4
11743,T.White,00-0033884,2025,BUF,5
11744,T.Whitehead,00-0029212,2016,DET,2
11745,T.Whitehead,00-0029212,2017,DET,4
11746,T.Whitehead,00-0029212,2018,LV,3
11747,T.Whitehead,00-0029212,2019,LV,2
11748,T.Whitehead,00-0029212,2020,CAR,3
11749,T.Williams,00-0024061,2016,CLE,1
11750,T.Williams,00-0024061,2017,ARI,2
11751,T.Williams,00-0024061,2018,GB,1
11752,T.Williams,00-0024061,2019,GB,5
11753,T.Williams,00-0027857,2016,WAS,3
11754,T.Williams,00-0027857,2017,WAS,3
11755,T.Williams,00-0027857,2018,WAS,8
11756,T.Williams,00-0027857,2020,SF,8
11757,T.Williams,00-0027857,2021,SF,10
11758,T.Williams,00-0027857,2022,SF,6
11759,T.Williams,00-0027857,2023,SF,10
11760,T.Williams,00-0027857,2024,SF,3
11761,T.Williams,00-0027857,2025,SF,4
11762,T.Williams,00-0030542,2016,DAL,1
11763,T.Williams,00-0030542,2017,DAL,2
11764,T.Williams,00-0032160,2019,LV,2
11765,T.Williams,00-0032916,2016,LAC,3
11766,T.Williams,00-0032916,2018,LAC,3
11767,T.Williams,00-0033915,2018,BAL,1
11768,T.Williams,00-0033915,2019,BAL,1
11769,T.Williams Sr.,00-0024061,2016,CLE,1
11770,T.Wilson,00-0029410,2016,DET,3
11771,T.Wilson,00-0029410,2017,DET,1
11772,T.Wilson,00-0029410,2018,DET,1
11773,T.Wilson,00-0029410,2019,DET,1
11774,T.Wilson,00-0029410,2020,IND,1
11775,T.Wilson,00-0038541,2023,LV,2
11776,T.Wirfs,00-0036406,2020,TB,4
11777,T.Wirfs,00-0036406,2021,TB,3
11778,T.Wirfs,00-0036406,2022,TB,3
11779,T.Wirfs,00-0036406,2023,TB,5
11780,T.Wirfs,00-0036406,2024,TB,7
11781,T.Wirfs,00-0036406,2025,TB,4
11782,T.Woolen,00-0037079,2022,SEA,7
11783,T.Woolen,00-0037079,2023,SEA,8
11784,T.Woolen,00-0037079,2024,SEA,6
11785,T.Woolen,00-0037079,2025,SEA,9
11786,T.Yeldon,00-0032209,2017,JAX,1
11787,T.Young,00-0032770,2016,BAL,9
11788,T.Young,00-0032770,2018,BAL,1
11789,T.Young,00-0032770,2020,BAL,1
11790,T.Young,00-0032770,2021,BAL,4
11791,Ta.Gipson,00-0028924,2020,CHI,1
11792,Ta.Gipson,00-0028924,2021,CHI,1
11793,Ta.Jackson,00-0036921,2021,PHI,1
11794,Ta.Johnson,00-0034376,2018,BUF,1
11795,Ta.Johnson,00-0034376,2023,BUF,5
11796,Ta.Johnson,00-0034376,2024,BUF,3
11797,Ta.Johnson,00-0034376,2025,BUF,4
11798,Te.Edmunds,00-0034858,2019,PIT,2
11799,Te.Edmunds,00-0034858,2020,PIT,2
11800,Te.Smith,00-0032820,2018,KC,1
11801,Tel.Smith,00-0031309,2018,JAX,3
11802,Tom.Johnson,00-0024030,2016,MIN,2
11803,Tr. Smith,00-0034278,2018,KC,2
11804,Tr.Edmunds,00-0033838,2019,PIT,1
11805,Tr.Gipson,00-0036305,2020,CHI,2
11806,Tr.Smith,00-0034278,2023,DEN,2
11807,Tr.Williams,00-0032916,2017,LAC,5
11808,Ty.Campbell,00-0036974,2023,JAX,1
11809,Ty.Campbell,00-0036974,2024,JAX,1
11810,Ty.Johnson,00-0035457,2020,LAC,2
11811,Ty.Johnson,00-0035537,2025,BUF,1
11812,Ty.Lewis,00-0034359,2023,IND,1
11813,Ty.Smith,00-0037243,2022,DAL,11
11814,Ty.Williams,00-0032160,2016,LAC,2
11815,Ty.Williams,00-0032160,2017,LAC,3
11816,Ty.Williams,00-0032160,2018,LAC,4
11817,Tyl.Smith,00-0037243,2023,DAL,10
11818,Tyr.Smith,00-0027947,2023,DAL,3
11819,U.Amadi,00-0035142,2019,SEA,3
11820,U.Amadi,00-0035142,2020,SEA,1
11821,U.Amadi,00-0035142,2021,SEA,6
11822,U.Amadi,00-0035142,2025,NO,1
11823,U.Eligwe,00-0033468,2017,KC,2
11824,U.Eligwe,00-0033468,2018,NYG,2
11825,U.Gilbert,00-0035223,2021,PIT,1
11826,U.John,00-0031028,2016,ARI,1
11827,U.Nwosu,00-0034350,2018,LAC,3
11828,U.Nwosu,00-0034350,2019,LAC,3
11829,U.Nwosu,00-0034350,2021,LAC,3
11830,U.Nwosu,00-0034350,2022,SEA,7
11831,U.Nwosu,00-0034350,2023,SEA,1
11832,U.Nwosu,00-0034350,2025,SEA,3
11833,U.Stout,00-0040152,2025,SF,7
11834,V.Alexander,00-0032899,2016,LV,10
11835,V.Alexander,00-0032899,2017,LV,1
11836,V.Beasley,00-0032240,2016,ATL,4
11837,V.Beasley,00-0032240,2017,ATL,3
11838,V.Beasley,00-0032240,2018,ATL,5
11839,V.Beasley,00-0032240,2019,ATL,2
11840,V.Beasley Jr.,00-0032240,2020,TEN,2
11841,V.Bell,00-0032939,2016,NO,6
11842,V.Bell,00-0032939,2017,NO,2
11843,V.Bell,00-0032939,2018,NO,2
11844,V.Bell,00-0032939,2019,NO,3
11845,V.Bell,00-0032939,2020,CIN,1
11846,V.Bell,00-0032939,2021,CIN,3
11847,V.Bell,00-0032939,2023,CAR,1
11848,V.Biegel,00-0033939,2017,GB,2
11849,V.Biegel,00-0033939,2018,NO,1
11850,V.Biegel,00-0033939,2019,MIA,2
11851,V.Bolden,00-0033306,2018,SF,1
11852,V.Bryant,00-0035548,2019,DAL,1
11853,V.Burfict,00-0028912,2016,CIN,2
11854,V.Burfict,00-0028912,2017,CIN,6
11855,V.Burfict,00-0028912,2018,CIN,2
11856,V.Burfict,00-0028912,2019,LV,1
11857,V.Butler,00-0032967,2017,CAR,3
11858,V.Butler,00-0032967,2018,CAR,3
11859,V.Butler,00-0032967,2019,CAR,2
11860,V.Butler,00-0032967,2021,BUF,2
11861,V.Cruz,00-0027265,2016,NYG,1
11862,V.Curry,00-0029412,2016,PHI,1
11863,V.Curry,00-0029412,2017,PHI,3
11864,V.Curry,00-0029412,2018,TB,2
11865,V.Curry,00-0029412,2022,NYJ,1
11866,V.Davis,00-0024221,2016,WAS,6
11867,V.Davis,00-0024221,2017,WAS,5
11868,V.Davis,00-0024221,2018,WAS,5
11869,V.Davis,00-0024221,2019,WAS,1
11870,V.Davis,00-0027001,2016,IND,8
11871,V.Dimukeje,00-0036896,2024,ARI,1
11872,V.Ducasse,00-0027667,2016,BAL,5
11873,V.Ducasse,00-0027667,2017,BUF,1
11874,V.Ducasse,00-0027667,2018,BUF,4
11875,V.Green,00-0028142,2016,DEN,1
11876,V.Green,00-0028142,2017,DEN,1
11877,V.Green,00-0028142,2018,LAC,4
11878,V.Green,00-0028142,2019,LAC,2
11879,V.Green,00-0028142,2020,LAC,1
11880,V.Hargreaves,00-0032758,2016,TB,2
11881,V.Hargreaves,00-0032758,2019,TB,3
11882,V.Hargreaves,00-0032758,2020,HOU,2
11883,V.Hargreaves,00-0032758,2021,CIN,1
11884,V.Hargreaves,00-0032758,2021,HOU,1
11885,V.Hargreaves III,00-0032758,2017,TB,1
11886,V.Jefferson,00-0036415,2020,LA,1
11887,V.Jefferson,00-0036415,2021,LA,5
11888,V.Jefferson,00-0036415,2023,ATL,3
11889,V.Jefferson,00-0036415,2023,LA,1
11890,V.Jefferson,00-0036415,2024,PIT,4
11891,V.Jefferson,00-0036415,2025,TEN,1
11892,V.Jones,00-0037153,2024,TB,1
11893,V.Jones,00-0037745,2023,CHI,3
11894,V.Lowe,00-0037287,2022,MIN,2
11895,V.Lowe,00-0037287,2023,NE,2
11896,V.Lowe,00-0037287,2024,NE,11
11897,V.Lowe,00-0037287,2025,NE,2
11898,V.Mayle,00-0032188,2016,DAL,3
11899,V.Mayle,00-0032188,2017,BAL,2
11900,V.McDonald,00-0030470,2016,SF,2
11901,V.McDonald,00-0030470,2017,PIT,1
11902,V.McDonald,00-0030470,2018,PIT,6
11903,V.McDonald,00-0030470,2019,PIT,4
11904,V.McDonald,00-0030470,2020,PIT,2
11905,V.Miller,00-0027940,2016,DEN,7
11906,V.Miller,00-0027940,2017,DEN,8
11907,V.Miller,00-0027940,2018,DEN,8
11908,V.Miller,00-0027940,2019,DEN,7
11909,V.Miller,00-0027940,2021,DEN,2
11910,V.Miller,00-0027940,2021,LA,2
11911,V.Miller,00-0027940,2022,BUF,4
11912,V.Miller,00-0027940,2023,BUF,1
11913,V.Miller,00-0027940,2024,BUF,2
11914,V.Miller,00-0027940,2025,WAS,1
11915,V.Miller,00-0038570,2024,JAX,3
11916,V.Miller,00-0038570,2025,JAX,6
11917,V.Rey,00-0027245,2016,CIN,1
11918,V.Rey,00-0027245,2017,CIN,1
11919,V.Rey,00-0027245,2018,CIN,1
11920,V.Smith,00-0034631,2020,NYJ,1
11921,V.Taylor,00-0033469,2019,BUF,1
11922,V.Taylor,00-0033469,2020,CLE,2
11923,V.Valentine,00-0032396,2016,NE,1
11924,V.Vea,00-0034773,2018,TB,3
11925,V.Vea,00-0034773,2019,TB,4
11926,V.Vea,00-0034773,2020,TB,1
11927,V.Vea,00-0034773,2021,TB,1
11928,V.Vea,00-0034773,2022,TB,1
11929,V.Vea,00-0034773,2023,TB,1
11930,V.Vea,00-0034773,2024,TB,2
11931,V.Vea,00-0034773,2025,TB,3
11932,V.Wilfork,00-0022712,2016,HOU,2
11933,V.Williams,00-0030434,2016,PIT,2
11934,V.Williams,00-0030434,2017,PIT,2
11935,V.Williams,00-0030434,2019,PIT,2
11936,V.Williams,00-0030434,2020,PIT,1
11937,W.Aikens,00-0031307,2016,MIA,2
11938,W.Aikens,00-0031307,2017,MIA,2
11939,W.Aikens,00-0031307,2018,MIA,2
11940,W.Anderson,00-0039108,2023,HOU,4
11941,W.Anderson,00-0039108,2024,HOU,2
11942,W.Anderson,00-0039108,2025,HOU,6
11943,W.Beatty,00-0027036,2017,PHI,1
11944,W.Brinson,00-0040016,2025,GB,2
11945,W.Campbell,00-0040699,2025,NE,7
11946,W.Clapp,00-0034436,2019,NO,3
11947,W.Clapp,00-0034436,2021,NO,1
11948,W.Clapp,00-0034436,2022,LAC,1
11949,W.Clapp,00-0034436,2023,LAC,1
11950,W.Compton,00-0029869,2016,WAS,2
11951,W.Davis,00-0030519,2016,BAL,1
11952,W.Dissly,00-0034159,2019,SEA,4
11953,W.Dissly,00-0034159,2020,SEA,2
11954,W.Dissly,00-0034159,2021,SEA,3
11955,W.Dissly,00-0034159,2023,SEA,3
11956,W.Dissly,00-0034159,2024,LAC,4
11957,W.Dissly,00-0034159,2025,LAC,1
11958,W.French,00-0037396,2023,IND,1
11959,W.Fries,00-0036483,2022,IND,4
11960,W.Fries,00-0036483,2023,IND,7
11961,W.Fries,00-0036483,2024,IND,1
11962,W.Fries,00-0036483,2025,MIN,3
11963,W.Fuller,00-0033127,2016,HOU,1
11964,W.Fuller,00-0033127,2018,HOU,1
11965,W.Fuller,00-0033127,2019,HOU,1
11966,W.Fuller V,00-0033127,2017,HOU,1
11967,W.Gallman,00-0033950,2017,NYG,2
11968,W.Gay,00-0025557,2016,PIT,2
11969,W.Gay,00-0025557,2017,PIT,3
11970,W.Gay,00-0036362,2020,KC,2
11971,W.Gay,00-0036362,2024,NO,1
11972,W.Gholston,00-0030386,2016,TB,2
11973,W.Gholston,00-0030386,2017,TB,5
11974,W.Gholston,00-0030386,2018,TB,5
11975,W.Gholston,00-0030386,2019,TB,2
11976,W.Gholston,00-0030386,2020,TB,2
11977,W.Gholston,00-0030386,2021,TB,4
11978,W.Gholston,00-0030386,2022,TB,1
11979,W.Gholston,00-0030386,2023,TB,1
11980,W.Gholston,00-0030386,2024,TB,1
11981,W.Guy,00-0029142,2016,IND,1
11982,W.Hamilton,00-0032578,2020,CAR,1
11983,W.Harris,00-0035655,2019,DET,2
11984,W.Harris,00-0035655,2020,DET,2
11985,W.Harris,00-0035655,2021,DET,5
11986,W.Harris,00-0035655,2022,DET,1
11987,W.Harris,00-0035655,2023,DET,4
11988,W.Harris,00-0035655,2024,NO,1
11989,W.Harris,00-0035655,2025,WAS,1
11990,W.Hayes,00-0026243,2016,LA,1
11991,W.Hayes,00-0026243,2017,MIA,3
11992,W.Henry,00-0032409,2017,BAL,4
11993,W.Hernandez,00-0034346,2018,NYG,2
11994,W.Hernandez,00-0034346,2019,NYG,4
11995,W.Hernandez,00-0034346,2020,NYG,1
11996,W.Hernandez,00-0034346,2021,NYG,6
11997,W.Hernandez,00-0034346,2022,ARI,4
11998,W.Hernandez,00-0034346,2023,ARI,1
11999,W.Hernandez,00-0034346,2024,ARI,2
12000,W.Hernandez,00-0034346,2025,ARI,2
12001,W.Holden,00-0033788,2017,ARI,1
12002,W.Holden,00-0033788,2018,ARI,1
12003,W.Holden,00-0033788,2020,BAL,1
12004,W.Horton,00-0030251,2016,CAR,1
12005,W.Horton,00-0030251,2017,CAR,1
12006,W.Horton,00-0030251,2018,CAR,4
12007,W.Jackson,00-0033107,2017,CIN,7
12008,W.Jackson,00-0033107,2018,CIN,2
12009,W.Jackson,00-0033107,2021,WAS,7
12010,W.Jackson,00-0033107,2022,WAS,4
12011,W.Jackson III,00-0033107,2019,CIN,1
12012,W.Jackson III,00-0033107,2020,CIN,5
12013,W.Johnson,00-0031314,2016,NYJ,1
12014,W.Johnson,00-0031314,2017,NYJ,5
12015,W.Johnson,00-0040751,2025,ARI,6
12016,W.Levis,00-0039152,2023,TEN,1
12017,W.Little,00-0036975,2022,JAX,3
12018,W.Little,00-0036975,2023,JAX,7
12019,W.Little,00-0036975,2024,JAX,4
12020,W.Little,00-0036975,2025,JAX,9
12021,W.Lutz,00-0032569,2017,NO,1
12022,W.Lutz,00-0032569,2024,DEN,2
12023,W.Lutz,00-0032569,2025,DEN,2
12024,W.Mallory,00-0038394,2024,IND,1
12025,W.Martin,00-0035263,2019,WAS,1
12026,W.Martin,00-0035263,2020,WAS,1
12027,W.McClendon,00-0039077,2024,LA,2
12028,W.McDonald,00-0039142,2024,NYJ,4
12029,W.McDonald,00-0039142,2025,NYJ,1
12030,W.Mercilus,00-0029643,2016,HOU,4
12031,W.Mercilus,00-0029643,2018,HOU,3
12032,W.Morris,00-0038981,2023,KC,2
12033,W.Morris,00-0038981,2024,KC,8
12034,W.Morris,00-0038981,2025,KC,2
12035,W.Parks,00-0032958,2016,DEN,1
12036,W.Parks,00-0032958,2017,DEN,4
12037,W.Parks,00-0032958,2018,DEN,1
12038,W.Powell,00-0031268,2016,BUF,2
12039,W.Putnam,00-0039544,2025,LV,1
12040,W.Redmond,00-0033124,2018,GB,1
12041,W.Redmond,00-0033124,2019,GB,1
12042,W.Redmond,00-0033124,2020,GB,3
12043,W.Reichard,00-0039404,2024,MIN,2
12044,W.Reichard,00-0039404,2025,MIN,2
12045,W.Reid,00-0039515,2024,CLE,1
12046,W.Richardson,00-0034380,2019,JAX,3
12047,W.Richardson,00-0034380,2020,JAX,1
12048,W.Richardson,00-0034380,2021,JAX,1
12049,W.Richardson Jr.,00-0034380,2019,JAX,1
12050,W.Richburg,00-0031238,2016,NYG,2
12051,W.Richburg,00-0031238,2017,NYG,1
12052,W.Richburg,00-0031238,2018,SF,4
12053,W.Richburg,00-0031238,2019,SF,4
12054,W.Robinson,00-0038117,2024,NYG,3
12055,W.Robinson,00-0038117,2025,NYG,2
12056,W.Rouse,00-0039828,2025,MIN,1
12057,W.Schweitzer,00-0032432,2017,ATL,6
12058,W.Schweitzer,00-0032432,2018,ATL,7
12059,W.Schweitzer,00-0032432,2019,ATL,5
12060,W.Schweitzer,00-0032432,2020,WAS,1
12061,W.Schweitzer,00-0032432,2021,WAS,4
12062,W.Schweitzer,00-0032432,2022,WAS,1
12063,W.Schweitzer,00-0032432,2023,NYJ,1
12064,W.Smallwood,00-0032782,2016,PHI,1
12065,W.Smallwood,00-0032782,2017,PHI,1
12066,W.Snead,00-0030663,2016,NO,1
12067,W.Snead,00-0030663,2018,BAL,1
12068,W.Snead,00-0030663,2019,BAL,2
12069,W.Snead,00-0030663,2020,BAL,1
12070,W.Snead IV,00-0030663,2018,BAL,3
12071,W.Snead IV,00-0030663,2019,BAL,2
12072,W.Teller,00-0034399,2018,BUF,5
12073,W.Teller,00-0034399,2019,CLE,2
12074,W.Teller,00-0034399,2020,CLE,6
12075,W.Teller,00-0034399,2021,CLE,9
12076,W.Teller,00-0034399,2022,CLE,5
12077,W.Teller,00-0034399,2023,CLE,4
12078,W.Teller,00-0034399,2024,CLE,5
12079,W.Teller,00-0034399,2025,CLE,4
12080,W.Williams,00-0032739,2016,HOU,1
12081,W.Woodyard,00-0025828,2016,TEN,3
12082,W.Woodyard,00-0025828,2017,TEN,1
12083,W.Woodyard,00-0025828,2019,TEN,3
12084,W.Young,00-0027808,2016,CHI,8
12085,W.Young,00-0027808,2017,CHI,1
12086,X.Coleman,00-0033453,2017,NYJ,1
12087,X.Cooper,00-0032061,2016,CLE,2
12088,X.Cooper,00-0032061,2017,NYJ,2
12089,X.Cooper,00-0032061,2017,SF,1
12090,X.Crawford,00-0035293,2020,CHI,1
12091,X.Crawford,00-0035293,2021,CHI,2
12092,X.Gipson,00-0038496,2023,NYJ,2
12093,X.Grimble,00-0031035,2016,PIT,2
12094,X.Grimble,00-0031035,2018,PIT,1
12095,X.Howard,00-0033050,2016,MIA,2
12096,X.Howard,00-0033050,2017,MIA,8
12097,X.Howard,00-0033050,2018,MIA,6
12098,X.Howard,00-0033050,2019,MIA,2
12099,X.Howard,00-0033050,2020,MIA,6
12100,X.Howard,00-0033050,2021,MIA,3
12101,X.Howard,00-0033050,2022,MIA,6
12102,X.Howard,00-0033050,2023,MIA,6
12103,X.Howard,00-0033050,2025,IND,3
12104,X.Hutchinson,00-0038618,2023,HOU,3
12105,X.Hutchinson,00-0038618,2025,HOU,2
12106,X.Jones,00-0036078,2020,LA,1
12107,X.Legette,00-0039342,2025,CAR,7
12108,X.McKinney,00-0036388,2021,NYG,1
12109,X.McKinney,00-0036388,2022,NYG,1
12110,X.McKinney,00-0036388,2023,NYG,3
12111,X.McKinney,00-0036388,2024,GB,1
12112,X.McKinney,00-0036388,2025,GB,2
12113,X.Newman-Johnson,00-0037601,2023,NYJ,1
12114,X.Rhodes,00-0030575,2016,MIN,7
12115,X.Rhodes,00-0030575,2017,MIN,7
12116,X.Rhodes,00-0030575,2018,MIN,6
12117,X.Rhodes,00-0030575,2019,MIN,8
12118,X.Rhodes,00-0030575,2020,IND,4
12119,X.Rhodes,00-0030575,2021,IND,3
12120,X.Smith,00-0038359,2024,LA,1
12121,X.Smith,00-0038359,2025,LA,3
12122,X.Su'a-Filo,00-0031410,2016,HOU,2
12123,X.Su'a-Filo,00-0031410,2017,HOU,4
12124,X.Su'a-Filo,00-0031410,2018,DAL,1
12125,X.Su'a-Filo,00-0031410,2019,DAL,2
12126,X.Su'a-Filo,00-0031410,2020,CIN,1
12127,X.Thomas,00-0039367,2024,ARI,1
12128,X.Truss,00-0040451,2025,NO,1
12129,X.Watts,00-0040148,2025,ATL,1
12130,X.Williams,00-0031713,2017,ARI,4
12131,X.Williams,00-0031713,2019,KC,4
12132,X.Williams,00-0031713,2020,CIN,2
12133,X.Woods,00-0033579,2017,DAL,1
12134,X.Woods,00-0033579,2018,DAL,2
12135,X.Woods,00-0033579,2019,DAL,4
12136,X.Woods,00-0033579,2020,DAL,1
12137,X.Woods,00-0033579,2021,MIN,4
12138,X.Woods,00-0033579,2022,CAR,4
12139,X.Woods,00-0033579,2023,CAR,3
12140,X.Woods,00-0033579,2024,CAR,4
12141,X.Woods,00-0033579,2025,TEN,1
12142,X.Woodson-Luster,00-0033450,2017,LV,2
12143,X.Worthy,00-0039894,2024,KC,3
12144,X.Worthy,00-0039894,2025,KC,1
12145,Y.Abdullah,00-0038580,2024,JAX,3
12146,Y.Abdullah,00-0038580,2025,JAX,1
12147,Y.Black,00-0040188,2025,PIT,2
12148,Y.Cajuste,00-0035252,2022,NE,1
12149,Y.Diaby,00-0039068,2023,TB,2
12150,Y.Diaby,00-0039068,2024,TB,4
12151,Y.Diaby,00-0039068,2025,TB,3
12152,Y.Gross-Matos,00-0036288,2020,CAR,3
12153,Y.Gross-Matos,00-0036288,2021,CAR,1
12154,Y.Gross-Matos,00-0036288,2022,CAR,3
12155,Y.Gross-Matos,00-0036288,2023,CAR,2
12156,Y.Koo,00-0033702,2025,ATL,1
12157,Y.Ngakoue,00-0033123,2016,JAX,1
12158,Y.Ngakoue,00-0033123,2017,JAX,7
12159,Y.Ngakoue,00-0033123,2018,JAX,4
12160,Y.Ngakoue,00-0033123,2019,JAX,4
12161,Y.Ngakoue,00-0033123,2021,LV,5
12162,Y.Ngakoue,00-0033123,2022,IND,1
12163,Y.Ngakoue,00-0033123,2023,CHI,1
12164,Y.Ngakoue,00-0033123,2024,NE,1
12165,Y.Nijman,00-0035084,2021,GB,2
12166,Y.Nijman,00-0035084,2022,GB,6
12167,Y.Nijman,00-0035084,2023,GB,1
12168,Y.Nijman,00-0035084,2024,CAR,1
12169,Y.Nijman,00-0035084,2025,CAR,1
12170,Z.Allen,00-0035248,2019,ARI,2
12171,Z.Allen,00-0035248,2020,ARI,1
12172,Z.Allen,00-0035248,2021,ARI,2
12173,Z.Allen,00-0035248,2022,ARI,2
12174,Z.Allen,00-0035248,2023,DEN,1
12175,Z.Allen,00-0035248,2024,DEN,3
12176,Z.Allen,00-0035248,2025,DEN,2
12177,Z.Anderson,00-0031696,2016,DEN,1
12178,Z.Anderson,00-0031696,2017,DEN,3
12179,Z.Anderson,00-0036677,2021,KC,2
12180,Z.Banner,00-0033785,2019,PIT,2
12181,Z.Barnes,00-0038399,2025,NYG,1
12182,Z.Baun,00-0036418,2021,NO,3
12183,Z.Baun,00-0036418,2022,NO,1
12184,Z.Baun,00-0036418,2024,PHI,2
12185,Z.Baun,00-0036418,2025,PHI,1
12186,Z.Beadles,00-0027658,2016,SF,3
12187,Z.Beadles,00-0027658,2017,SF,1
12188,Z.Brown,00-0029566,2016,BUF,2
12189,Z.Brown,00-0029566,2017,WAS,2
12190,Z.Brown,00-0029566,2018,WAS,1
12191,Z.Brown,00-0029566,2019,PHI,2
12192,Z.Carter,00-0037804,2022,CIN,2
12193,Z.Carter,00-0037804,2023,CIN,1
12194,Z.Charbonnet,00-0039165,2023,SEA,1
12195,Z.Charbonnet,00-0039165,2024,SEA,1
12196,Z.Collins,00-0036933,2022,ARI,2
12197,Z.Collins,00-0036933,2024,ARI,3
12198,Z.Collins,00-0036933,2025,ARI,1
12199,Z.Cunningham,00-0033547,2017,HOU,2
12200,Z.Cunningham,00-0033547,2018,HOU,1
12201,Z.Cunningham,00-0033547,2019,HOU,3
12202,Z.Cunningham,00-0033547,2020,HOU,3
12203,Z.Cunningham,00-0033547,2023,PHI,2
12204,Z.Cunningham,00-0033547,2025,DET,1
12205,Z.DeOssie,00-0025503,2016,NYG,1
12206,Z.Ertz,00-0030061,2016,PHI,7
12207,Z.Ertz,00-0030061,2017,PHI,6
12208,Z.Ertz,00-0030061,2018,PHI,4
12209,Z.Ertz,00-0030061,2019,PHI,3
12210,Z.Ertz,00-0030061,2020,PHI,2
12211,Z.Ertz,00-0030061,2021,ARI,3
12212,Z.Ertz,00-0030061,2021,PHI,2
12213,Z.Ertz,00-0030061,2022,ARI,5
12214,Z.Ertz,00-0030061,2024,WAS,7
12215,Z.Ertz,00-0030061,2025,WAS,5
12216,Z.Flowers,00-0039064,2023,BAL,1
12217,Z.Flowers,00-0039064,2024,BAL,2
12218,Z.Flowers,00-0039064,2025,BAL,3
12219,Z.Franklin,00-0034431,2018,IND,1
12220,Z.Franklin,00-0034431,2019,IND,1
12221,Z.Franklin,00-0034431,2020,IND,2
12222,Z.Franklin,00-0034431,2021,IND,1
12223,Z.Franklin,00-0034431,2022,IND,6
12224,Z.Franklin,00-0034431,2023,IND,2
12225,Z.Franklin,00-0034431,2024,IND,1
12226,Z.Franklin,00-0034431,2025,IND,3
12227,Z.Frazier,00-0039896,2024,PIT,2
12228,Z.Frazier,00-0039896,2025,PIT,3
12229,Z.Fulton,00-0030997,2016,KC,3
12230,Z.Fulton,00-0030997,2017,KC,2
12231,Z.Fulton,00-0030997,2018,HOU,4
12232,Z.Fulton,00-0030997,2019,HOU,7
12233,Z.Fulton,00-0030997,2020,HOU,1
12234,Z.Gentry,00-0035222,2022,PIT,1
12235,Z.Gonzalez,00-0033862,2024,WAS,1
12236,Z.Gonzalez,00-0033862,2025,ATL,4
12237,Z.Harrison,00-0038980,2024,ATL,1
12238,Z.Johnson,00-0037818,2022,LAC,7
12239,Z.Johnson,00-0037818,2023,LAC,6
12240,Z.Johnson,00-0037818,2024,LAC,4
12241,Z.Johnson,00-0037818,2025,LAC,3
12242,Z.Jones,00-0033891,2020,LV,1
12243,Z.Jones,00-0033891,2025,ARI,1
12244,Z.Kerin,00-0030937,2016,MIN,1
12245,Z.Kerin,00-0030937,2017,DET,1
12246,Z.Kerr,00-0031105,2016,IND,1
12247,Z.Kerr,00-0031105,2017,DEN,2
12248,Z.Kerr,00-0031105,2018,DEN,1
12249,Z.Kerr,00-0031105,2019,ARI,4
12250,Z.Kerr,00-0031105,2020,CAR,1
12251,Z.Line,00-0029931,2017,NO,4
12252,Z.Line,00-0029931,2018,NO,4
12253,Z.Line,00-0029931,2019,NO,1
12254,Z.Martin,00-0031402,2016,DAL,2
12255,Z.Martin,00-0031402,2018,DAL,1
12256,Z.Martin,00-0031402,2019,DAL,2
12257,Z.Martin,00-0031402,2021,DAL,2
12258,Z.Martin,00-0031402,2022,DAL,1
12259,Z.Martin,00-0031402,2023,DAL,1
12260,Z.McCollum,00-0037268,2022,TB,2
12261,Z.McCollum,00-0037268,2023,TB,6
12262,Z.McCollum,00-0037268,2024,TB,6
12263,Z.McCollum,00-0037268,2025,TB,2
12264,Z.McPhearson,00-0036917,2021,PHI,2
12265,Z.McPhearson,00-0036917,2022,PHI,3
12266,Z.Miller,00-0027125,2016,CHI,1
12267,Z.Miller,00-0027125,2017,CHI,1
12268,Z.Mitchell-Paden,00-0037340,2025,BAL,1
12269,Z.Moss,00-0036251,2020,BUF,1
12270,Z.Orr,00-0030700,2016,BAL,3
12271,Z.Pascal,00-0033251,2018,IND,3
12272,Z.Pascal,00-0033251,2019,IND,2
12273,Z.Pascal,00-0033251,2020,IND,3
12274,Z.Pascal,00-0033251,2021,IND,3
12275,Z.Pascal,00-0033251,2022,PHI,3
12276,Z.Pascal,00-0033251,2024,ARI,2
12277,Z.Pickens,00-0038937,2025,KC,1
12278,Z.Sieler,00-0034285,2019,MIA,1
12279,Z.Sieler,00-0034285,2021,MIA,3
12280,Z.Sieler,00-0034285,2022,MIA,1
12281,Z.Sieler,00-0034285,2023,MIA,2
12282,Z.Sieler,00-0034285,2024,MIA,1
12283,Z.Sieler,00-0034285,2025,MIA,4
12284,Z.Smith,00-0031576,2016,BAL,1
12285,Z.Smith,00-0031576,2017,BAL,4
12286,Z.Smith,00-0031576,2018,BAL,5
12287,Z.Smith,00-0031576,2019,GB,6
12288,Z.Smith,00-0031576,2020,GB,7
12289,Z.Smith,00-0031576,2021,GB,1
12290,Z.Smith,00-0031576,2022,MIN,5
12291,Z.Smith,00-0031576,2023,CLE,2
12292,Z.Smith,00-0031576,2024,DET,3
12293,Z.Sterup,00-0032921,2017,MIA,1
12294,Z.Strief,00-0024424,2016,NO,3
12295,Z.Strief,00-0024424,2017,NO,1
12296,Z.Thomas,00-0037618,2023,LA,1
12297,Z.Tom,00-0037817,2023,GB,3
12298,Z.Tom,00-0037817,2024,GB,5
12299,Z.Triner,00-0033196,2019,TB,2
12300,Z.Triner,00-0033196,2021,TB,1
12301,Z.Wilson,00-0037013,2021,NYJ,1
12302,Z.Wilson,00-0037013,2022,NYJ,1
12303,Z.Wilson,00-0037013,2023,NYJ,1
12304,Z.Wood,00-0033063,2018,NO,1
12305,Z.Wood,00-0033063,2023,NO,3
12306,Z.Zenner,00-0031665,2016,DET,1
12307,Z.Zinter,00-0039350,2024,CLE,2
